tweet_id,dimension,method,annotator,score
['872197389276385280'],valence,rs,A9,0.73
['906447947092647936'],valence,rs,A9,0.25
['929386800522645508'],valence,rs,A9,0.78
['839145863217889282'],valence,rs,A9,0.0
['867703984580169730'],valence,rs,A9,0.35
['845724240552824832'],valence,rs,A9,0.5
['889056087009308672'],valence,rs,A9,0.82
['905162052817362945'],valence,rs,A9,0.5
['910900136376782848'],valence,rs,A9,0.68
['901760751152623616'],valence,rs,A9,0.6
['937464406115536896'],valence,rs,A9,0.09
['881595365551734784'],valence,rs,A9,0.5
['849011970204413952'],valence,rs,A9,0.11
['837728913325436929'],valence,rs,A9,0.09
['831873161750777858'],valence,rs,A9,0.65
['909035573385551872'],valence,rs,A9,0.59
['907637364759154689'],valence,rs,A9,0.71
['902227588009132032'],valence,rs,A9,0.5
['851888918207373312'],valence,rs,A9,0.5
['898238119144804352'],valence,rs,A9,0.77
['817801846337261568'],valence,rs,A9,0.68
['830331776258154496'],valence,rs,A9,0.05
['928300532124528642'],valence,rs,A9,0.5
['894977549989761028'],valence,rs,A9,0.69
['895773430737502209'],valence,rs,A9,0.5
['883029304875069440'],valence,rs,A9,0.5
['864764317597609985'],valence,rs,A9,0.5
['888471355435495425'],valence,rs,A9,0.66
['849654610558058496'],valence,rs,A9,0.68
['830134096567341056'],valence,rs,A9,0.61
['924442245297778689'],valence,rs,A9,0.78
['900839107684958208'],valence,rs,A9,0.88
['905505634631680000'],valence,rs,A9,0.75
['926920815198662657'],valence,rs,A9,0.5
['883987877922820100'],valence,rs,A9,0.5
['868813502097567745'],valence,rs,A9,0.4
['933639881145962498'],valence,rs,A9,0.5
['883090735326793733'],valence,rs,A9,0.59
['864837110527864832'],valence,rs,A9,0.26
['825106228770697216'],valence,rs,A9,0.6
['833266466342440960'],valence,rs,A9,0.74
['883023109460242432'],valence,rs,A9,0.5
['848169663716626432'],valence,rs,A9,0.86
['891356324289802240'],valence,rs,A9,0.73
['820002854136070144'],valence,rs,A9,0.31
['868644843614031872'],valence,rs,A9,0.71
['824645908784680960'],valence,rs,A9,0.5
['817407111378440195'],valence,rs,A9,0.83
['863364746577313792'],valence,rs,A9,0.87
['824353425966190593'],valence,rs,A9,0.7
['816343164676083714'],valence,rs,A9,0.91
['944973370520633344'],valence,rs,A9,0.5
['913759942208839681'],valence,rs,A9,0.67
['905158707486629889'],valence,rs,A9,0.91
['846751748672966657'],valence,rs,A9,0.65
['862031016478859265'],valence,rs,A9,0.58
['829085472332857344'],valence,rs,A9,0.7
['836691496636145664'],valence,rs,A9,0.6
['921324851658461185'],valence,rs,A9,0.44
['898633930911264768'],valence,rs,A9,0.5
['932714719814840320'],valence,rs,A9,0.5
['819864483141193728'],valence,rs,A9,0.67
['941257379060035584'],valence,rs,A9,0.39
['925426206710878208'],valence,rs,A9,0.5
['825837382029209601'],valence,rs,A9,0.7
['827911993709514754'],valence,rs,A9,0.43
['893399193737474048'],valence,rs,A9,0.27
['908986176438247425'],valence,rs,A9,0.66
['842646246192041985'],valence,rs,A9,0.59
['943208238039920640'],valence,rs,A9,0.75
['821233209107218432'],valence,rs,A9,0.37
['815557023366516736'],valence,rs,A9,0.68
['840555470788149248'],valence,rs,A9,0.61
['818366770989907968'],valence,rs,A9,0.29
['866905574822338561'],valence,rs,A9,0.5
['898957436526014466'],valence,rs,A9,0.5
['831967975611707392'],valence,rs,A9,0.75
['852576954435993600'],valence,rs,A9,0.31
['925041483568353280'],valence,rs,A9,0.5
['917057431599026176'],valence,rs,A9,0.5
['923249524981862400'],valence,rs,A9,0.5
['886531287103791104'],valence,rs,A9,0.5
['913127148994646021'],valence,rs,A9,0.61
['869116348806422528'],valence,rs,A9,0.76
['836997448715350020'],valence,rs,A9,0.73
['826774125087633409'],valence,rs,A9,0.5
['855700279915933698'],valence,rs,A9,0.5
['843889130606137344'],valence,rs,A9,0.81
['931428836029366274'],valence,rs,A9,0.12
['911557328897544193'],valence,rs,A9,0.69
['874318156629762048'],valence,rs,A9,0.5
['884809675413303296'],valence,rs,A9,0.66
['881112328653197312'],valence,rs,A9,0.67
['941799493917437955'],valence,rs,A9,0.39
['918513758036725761'],valence,rs,A9,0.82
['832979409518919681'],valence,rs,A9,0.64
['893852298807582720'],valence,rs,A9,0.66
['902141686612193281'],valence,rs,A9,0.43
['841354135349952513'],valence,rs,A9,0.83
['915059102874824704'],valence,rs,A9,0.76
['872197389276385280'],valence,rs,A1,0.93
['906447947092647936'],valence,rs,A1,0.24
['929386800522645508'],valence,rs,A1,0.66
['839145863217889282'],valence,rs,A1,0.3
['867703984580169730'],valence,rs,A1,0.24
['845724240552824832'],valence,rs,A1,0.28
['889056087009308672'],valence,rs,A1,0.5
['905162052817362945'],valence,rs,A1,0.34
['910900136376782848'],valence,rs,A1,0.86
['901760751152623616'],valence,rs,A1,0.78
['937464406115536896'],valence,rs,A1,0.23
['881595365551734784'],valence,rs,A1,0.33
['849011970204413952'],valence,rs,A1,0.0
['837728913325436929'],valence,rs,A1,0.09
['831873161750777858'],valence,rs,A1,0.26
['909035573385551872'],valence,rs,A1,0.37
['907637364759154689'],valence,rs,A1,0.75
['902227588009132032'],valence,rs,A1,0.78
['851888918207373312'],valence,rs,A1,0.45
['898238119144804352'],valence,rs,A1,0.72
['817801846337261568'],valence,rs,A1,0.56
['830331776258154496'],valence,rs,A1,0.24
['928300532124528642'],valence,rs,A1,0.5
['894977549989761028'],valence,rs,A1,0.5
['895773430737502209'],valence,rs,A1,0.64
['883029304875069440'],valence,rs,A1,0.67
['864764317597609985'],valence,rs,A1,0.34
['888471355435495425'],valence,rs,A1,0.71
['849654610558058496'],valence,rs,A1,0.29
['830134096567341056'],valence,rs,A1,0.43
['924442245297778689'],valence,rs,A1,0.92
['900839107684958208'],valence,rs,A1,0.9
['905505634631680000'],valence,rs,A1,0.67
['926920815198662657'],valence,rs,A1,0.66
['883987877922820100'],valence,rs,A1,0.28
['868813502097567745'],valence,rs,A1,0.72
['933639881145962498'],valence,rs,A1,0.5
['883090735326793733'],valence,rs,A1,0.65
['864837110527864832'],valence,rs,A1,0.3
['825106228770697216'],valence,rs,A1,0.89
['833266466342440960'],valence,rs,A1,0.79
['883023109460242432'],valence,rs,A1,0.49
['848169663716626432'],valence,rs,A1,0.71
['891356324289802240'],valence,rs,A1,0.91
['820002854136070144'],valence,rs,A1,0.34
['868644843614031872'],valence,rs,A1,0.67
['824645908784680960'],valence,rs,A1,0.75
['817407111378440195'],valence,rs,A1,0.26
['863364746577313792'],valence,rs,A1,0.92
['824353425966190593'],valence,rs,A1,0.89
['816343164676083714'],valence,rs,A1,0.72
['944973370520633344'],valence,rs,A1,0.34
['913759942208839681'],valence,rs,A1,0.5
['905158707486629889'],valence,rs,A1,0.91
['846751748672966657'],valence,rs,A1,0.24
['862031016478859265'],valence,rs,A1,0.5
['829085472332857344'],valence,rs,A1,0.29
['836691496636145664'],valence,rs,A1,0.37
['921324851658461185'],valence,rs,A1,0.32
['898633930911264768'],valence,rs,A1,0.57
['932714719814840320'],valence,rs,A1,0.5
['819864483141193728'],valence,rs,A1,0.34
['941257379060035584'],valence,rs,A1,0.33
['925426206710878208'],valence,rs,A1,0.5
['825837382029209601'],valence,rs,A1,0.91
['827911993709514754'],valence,rs,A1,0.21
['893399193737474048'],valence,rs,A1,0.09
['908986176438247425'],valence,rs,A1,0.88
['842646246192041985'],valence,rs,A1,0.28
['943208238039920640'],valence,rs,A1,0.36
['821233209107218432'],valence,rs,A1,0.8
['815557023366516736'],valence,rs,A1,0.38
['840555470788149248'],valence,rs,A1,0.5
['818366770989907968'],valence,rs,A1,0.26
['866905574822338561'],valence,rs,A1,0.36
['898957436526014466'],valence,rs,A1,0.25
['831967975611707392'],valence,rs,A1,0.87
['852576954435993600'],valence,rs,A1,0.27
['925041483568353280'],valence,rs,A1,0.5
['917057431599026176'],valence,rs,A1,0.31
['923249524981862400'],valence,rs,A1,0.72
['886531287103791104'],valence,rs,A1,0.5
['913127148994646021'],valence,rs,A1,0.76
['869116348806422528'],valence,rs,A1,0.5
['836997448715350020'],valence,rs,A1,0.73
['826774125087633409'],valence,rs,A1,0.74
['855700279915933698'],valence,rs,A1,0.5
['843889130606137344'],valence,rs,A1,0.9
['931428836029366274'],valence,rs,A1,0.15
['911557328897544193'],valence,rs,A1,0.63
['874318156629762048'],valence,rs,A1,0.36
['884809675413303296'],valence,rs,A1,0.5
['881112328653197312'],valence,rs,A1,0.9
['941799493917437955'],valence,rs,A1,0.25
['918513758036725761'],valence,rs,A1,0.95
['832979409518919681'],valence,rs,A1,0.92
['893852298807582720'],valence,rs,A1,0.86
['902141686612193281'],valence,rs,A1,0.1
['841354135349952513'],valence,rs,A1,0.32
['915059102874824704'],valence,rs,A1,0.65
['872197389276385280'],valence,rs,A4,0.9
['906447947092647936'],valence,rs,A4,0.23
['929386800522645508'],valence,rs,A4,0.31
['839145863217889282'],valence,rs,A4,0.2
['867703984580169730'],valence,rs,A4,0.38
['845724240552824832'],valence,rs,A4,0.5
['889056087009308672'],valence,rs,A4,0.29
['905162052817362945'],valence,rs,A4,0.33
['910900136376782848'],valence,rs,A4,0.84
['901760751152623616'],valence,rs,A4,0.5
['937464406115536896'],valence,rs,A4,0.27
['881595365551734784'],valence,rs,A4,0.39
['849011970204413952'],valence,rs,A4,0.08
['837728913325436929'],valence,rs,A4,0.14
['831873161750777858'],valence,rs,A4,0.24
['909035573385551872'],valence,rs,A4,0.18
['907637364759154689'],valence,rs,A4,0.64
['902227588009132032'],valence,rs,A4,0.72
['851888918207373312'],valence,rs,A4,0.5
['898238119144804352'],valence,rs,A4,0.5
['817801846337261568'],valence,rs,A4,0.36
['830331776258154496'],valence,rs,A4,0.15
['928300532124528642'],valence,rs,A4,0.5
['894977549989761028'],valence,rs,A4,0.5
['895773430737502209'],valence,rs,A4,0.65
['883029304875069440'],valence,rs,A4,0.71
['864764317597609985'],valence,rs,A4,0.44
['888471355435495425'],valence,rs,A4,0.71
['849654610558058496'],valence,rs,A4,0.66
['830134096567341056'],valence,rs,A4,0.36
['924442245297778689'],valence,rs,A4,0.5
['900839107684958208'],valence,rs,A4,0.93
['905505634631680000'],valence,rs,A4,0.37
['926920815198662657'],valence,rs,A4,0.7
['883987877922820100'],valence,rs,A4,0.5
['868813502097567745'],valence,rs,A4,0.6
['933639881145962498'],valence,rs,A4,0.31
['883090735326793733'],valence,rs,A4,0.64
['864837110527864832'],valence,rs,A4,0.32
['825106228770697216'],valence,rs,A4,0.86
['833266466342440960'],valence,rs,A4,0.66
['883023109460242432'],valence,rs,A4,0.35
['848169663716626432'],valence,rs,A4,0.88
['891356324289802240'],valence,rs,A4,0.87
['820002854136070144'],valence,rs,A4,0.28
['868644843614031872'],valence,rs,A4,0.67
['824645908784680960'],valence,rs,A4,0.66
['817407111378440195'],valence,rs,A4,0.83
['863364746577313792'],valence,rs,A4,0.91
['824353425966190593'],valence,rs,A4,0.73
['816343164676083714'],valence,rs,A4,0.5
['944973370520633344'],valence,rs,A4,0.3
['913759942208839681'],valence,rs,A4,0.65
['905158707486629889'],valence,rs,A4,0.86
['846751748672966657'],valence,rs,A4,0.67
['862031016478859265'],valence,rs,A4,0.5
['829085472332857344'],valence,rs,A4,0.82
['836691496636145664'],valence,rs,A4,0.3
['921324851658461185'],valence,rs,A4,0.3
['898633930911264768'],valence,rs,A4,0.76
['932714719814840320'],valence,rs,A4,0.5
['819864483141193728'],valence,rs,A4,0.33
['941257379060035584'],valence,rs,A4,0.4
['925426206710878208'],valence,rs,A4,0.5
['825837382029209601'],valence,rs,A4,0.91
['827911993709514754'],valence,rs,A4,0.19
['893399193737474048'],valence,rs,A4,0.28
['908986176438247425'],valence,rs,A4,0.73
['842646246192041985'],valence,rs,A4,0.3
['943208238039920640'],valence,rs,A4,0.5
['821233209107218432'],valence,rs,A4,0.67
['815557023366516736'],valence,rs,A4,0.4
['840555470788149248'],valence,rs,A4,0.5
['818366770989907968'],valence,rs,A4,0.29
['866905574822338561'],valence,rs,A4,0.71
['898957436526014466'],valence,rs,A4,0.32
['831967975611707392'],valence,rs,A4,0.71
['852576954435993600'],valence,rs,A4,0.5
['925041483568353280'],valence,rs,A4,0.5
['917057431599026176'],valence,rs,A4,0.5
['923249524981862400'],valence,rs,A4,0.5
['886531287103791104'],valence,rs,A4,0.5
['913127148994646021'],valence,rs,A4,0.71
['869116348806422528'],valence,rs,A4,0.5
['836997448715350020'],valence,rs,A4,0.5
['826774125087633409'],valence,rs,A4,0.5
['855700279915933698'],valence,rs,A4,0.5
['843889130606137344'],valence,rs,A4,0.68
['931428836029366274'],valence,rs,A4,0.2
['911557328897544193'],valence,rs,A4,0.5
['874318156629762048'],valence,rs,A4,0.5
['884809675413303296'],valence,rs,A4,0.5
['881112328653197312'],valence,rs,A4,0.73
['941799493917437955'],valence,rs,A4,0.33
['918513758036725761'],valence,rs,A4,0.88
['832979409518919681'],valence,rs,A4,0.72
['893852298807582720'],valence,rs,A4,0.31
['902141686612193281'],valence,rs,A4,0.15
['841354135349952513'],valence,rs,A4,0.41
['915059102874824704'],valence,rs,A4,0.5
['872197389276385280'],valence,rs,A11,0.83
['906447947092647936'],valence,rs,A11,0.26
['929386800522645508'],valence,rs,A11,0.73
['839145863217889282'],valence,rs,A11,0.11
['867703984580169730'],valence,rs,A11,0.3
['845724240552824832'],valence,rs,A11,0.5
['889056087009308672'],valence,rs,A11,0.86
['905162052817362945'],valence,rs,A11,0.5
['910900136376782848'],valence,rs,A11,0.86
['901760751152623616'],valence,rs,A11,0.68
['937464406115536896'],valence,rs,A11,0.11
['881595365551734784'],valence,rs,A11,0.34
['849011970204413952'],valence,rs,A11,0.02
['837728913325436929'],valence,rs,A11,0.23
['831873161750777858'],valence,rs,A11,0.33
['909035573385551872'],valence,rs,A11,0.39
['907637364759154689'],valence,rs,A11,0.83
['902227588009132032'],valence,rs,A11,0.84
['851888918207373312'],valence,rs,A11,0.61
['898238119144804352'],valence,rs,A11,0.9
['817801846337261568'],valence,rs,A11,0.65
['830331776258154496'],valence,rs,A11,0.17
['928300532124528642'],valence,rs,A11,0.5
['894977549989761028'],valence,rs,A11,0.82
['895773430737502209'],valence,rs,A11,0.79
['883029304875069440'],valence,rs,A11,0.5
['864764317597609985'],valence,rs,A11,0.69
['888471355435495425'],valence,rs,A11,0.78
['849654610558058496'],valence,rs,A11,0.5
['830134096567341056'],valence,rs,A11,0.83
['924442245297778689'],valence,rs,A11,0.99
['900839107684958208'],valence,rs,A11,1.0
['905505634631680000'],valence,rs,A11,0.24
['926920815198662657'],valence,rs,A11,0.66
['883987877922820100'],valence,rs,A11,0.24
['868813502097567745'],valence,rs,A11,0.29
['933639881145962498'],valence,rs,A11,0.26
['883090735326793733'],valence,rs,A11,0.74
['864837110527864832'],valence,rs,A11,0.24
['825106228770697216'],valence,rs,A11,0.84
['833266466342440960'],valence,rs,A11,0.87
['883023109460242432'],valence,rs,A11,0.42
['848169663716626432'],valence,rs,A11,0.09
['891356324289802240'],valence,rs,A11,0.89
['820002854136070144'],valence,rs,A11,0.5
['868644843614031872'],valence,rs,A11,0.76
['824645908784680960'],valence,rs,A11,0.81
['817407111378440195'],valence,rs,A11,0.77
['863364746577313792'],valence,rs,A11,1.0
['824353425966190593'],valence,rs,A11,0.8
['816343164676083714'],valence,rs,A11,0.81
['944973370520633344'],valence,rs,A11,0.36
['913759942208839681'],valence,rs,A11,0.82
['905158707486629889'],valence,rs,A11,0.85
['846751748672966657'],valence,rs,A11,0.63
['862031016478859265'],valence,rs,A11,0.86
['829085472332857344'],valence,rs,A11,0.79
['836691496636145664'],valence,rs,A11,0.72
['921324851658461185'],valence,rs,A11,0.28
['898633930911264768'],valence,rs,A11,0.82
['932714719814840320'],valence,rs,A11,0.69
['819864483141193728'],valence,rs,A11,0.41
['941257379060035584'],valence,rs,A11,0.68
['925426206710878208'],valence,rs,A11,0.83
['825837382029209601'],valence,rs,A11,0.91
['827911993709514754'],valence,rs,A11,0.27
['893399193737474048'],valence,rs,A11,0.19
['908986176438247425'],valence,rs,A11,0.8
['842646246192041985'],valence,rs,A11,0.35
['943208238039920640'],valence,rs,A11,0.8
['821233209107218432'],valence,rs,A11,0.15
['815557023366516736'],valence,rs,A11,0.51
['840555470788149248'],valence,rs,A11,1.0
['818366770989907968'],valence,rs,A11,0.15
['866905574822338561'],valence,rs,A11,1.0
['898957436526014466'],valence,rs,A11,0.31
['831967975611707392'],valence,rs,A11,0.8
['852576954435993600'],valence,rs,A11,0.27
['925041483568353280'],valence,rs,A11,0.82
['917057431599026176'],valence,rs,A11,0.34
['923249524981862400'],valence,rs,A11,0.81
['886531287103791104'],valence,rs,A11,0.86
['913127148994646021'],valence,rs,A11,0.83
['869116348806422528'],valence,rs,A11,0.86
['836997448715350020'],valence,rs,A11,0.83
['826774125087633409'],valence,rs,A11,0.82
['855700279915933698'],valence,rs,A11,0.88
['843889130606137344'],valence,rs,A11,0.7
['931428836029366274'],valence,rs,A11,0.09
['911557328897544193'],valence,rs,A11,0.87
['874318156629762048'],valence,rs,A11,0.78
['884809675413303296'],valence,rs,A11,0.88
['881112328653197312'],valence,rs,A11,0.86
['941799493917437955'],valence,rs,A11,0.65
['918513758036725761'],valence,rs,A11,0.8
['832979409518919681'],valence,rs,A11,0.84
['893852298807582720'],valence,rs,A11,0.85
['902141686612193281'],valence,rs,A11,0.23
['841354135349952513'],valence,rs,A11,0.8
['915059102874824704'],valence,rs,A11,0.95
['872197389276385280'],valence,rs,A14,0.5
['906447947092647936'],valence,rs,A14,0.5
['929386800522645508'],valence,rs,A14,0.92
['839145863217889282'],valence,rs,A14,1.0
['867703984580169730'],valence,rs,A14,0.77
['845724240552824832'],valence,rs,A14,0.5
['889056087009308672'],valence,rs,A14,0.85
['905162052817362945'],valence,rs,A14,0.07
['910900136376782848'],valence,rs,A14,0.5
['901760751152623616'],valence,rs,A14,0.89
['937464406115536896'],valence,rs,A14,0.1
['881595365551734784'],valence,rs,A14,0.69
['849011970204413952'],valence,rs,A14,0.0
['837728913325436929'],valence,rs,A14,0.0
['831873161750777858'],valence,rs,A14,0.19
['909035573385551872'],valence,rs,A14,0.5
['907637364759154689'],valence,rs,A14,1.0
['902227588009132032'],valence,rs,A14,0.86
['851888918207373312'],valence,rs,A14,0.5
['898238119144804352'],valence,rs,A14,0.5
['817801846337261568'],valence,rs,A14,0.65
['830331776258154496'],valence,rs,A14,0.02
['928300532124528642'],valence,rs,A14,0.5
['894977549989761028'],valence,rs,A14,0.93
['895773430737502209'],valence,rs,A14,0.84
['883029304875069440'],valence,rs,A14,0.89
['864764317597609985'],valence,rs,A14,0.5
['888471355435495425'],valence,rs,A14,0.86
['849654610558058496'],valence,rs,A14,0.5
['830134096567341056'],valence,rs,A14,0.89
['924442245297778689'],valence,rs,A14,0.9
['900839107684958208'],valence,rs,A14,1.0
['905505634631680000'],valence,rs,A14,0.78
['926920815198662657'],valence,rs,A14,0.5
['883987877922820100'],valence,rs,A14,0.93
['868813502097567745'],valence,rs,A14,0.1
['933639881145962498'],valence,rs,A14,0.5
['883090735326793733'],valence,rs,A14,0.65
['864837110527864832'],valence,rs,A14,0.27
['825106228770697216'],valence,rs,A14,0.88
['833266466342440960'],valence,rs,A14,0.69
['883023109460242432'],valence,rs,A14,0.07
['848169663716626432'],valence,rs,A14,1.0
['891356324289802240'],valence,rs,A14,0.74
['820002854136070144'],valence,rs,A14,0.5
['868644843614031872'],valence,rs,A14,0.5
['824645908784680960'],valence,rs,A14,0.9
['817407111378440195'],valence,rs,A14,0.89
['863364746577313792'],valence,rs,A14,1.0
['824353425966190593'],valence,rs,A14,0.5
['816343164676083714'],valence,rs,A14,1.0
['944973370520633344'],valence,rs,A14,0.5
['913759942208839681'],valence,rs,A14,0.88
['905158707486629889'],valence,rs,A14,0.91
['846751748672966657'],valence,rs,A14,0.31
['862031016478859265'],valence,rs,A14,0.5
['829085472332857344'],valence,rs,A14,0.73
['836691496636145664'],valence,rs,A14,0.5
['921324851658461185'],valence,rs,A14,0.09
['898633930911264768'],valence,rs,A14,0.74
['932714719814840320'],valence,rs,A14,0.5
['819864483141193728'],valence,rs,A14,0.14
['941257379060035584'],valence,rs,A14,0.5
['925426206710878208'],valence,rs,A14,0.5
['825837382029209601'],valence,rs,A14,1.0
['827911993709514754'],valence,rs,A14,0.12
['893399193737474048'],valence,rs,A14,0.06
['908986176438247425'],valence,rs,A14,0.92
['842646246192041985'],valence,rs,A14,0.11
['943208238039920640'],valence,rs,A14,0.5
['821233209107218432'],valence,rs,A14,0.5
['815557023366516736'],valence,rs,A14,0.91
['840555470788149248'],valence,rs,A14,0.5
['818366770989907968'],valence,rs,A14,0.12
['866905574822338561'],valence,rs,A14,0.5
['898957436526014466'],valence,rs,A14,0.12
['831967975611707392'],valence,rs,A14,0.86
['852576954435993600'],valence,rs,A14,0.5
['925041483568353280'],valence,rs,A14,0.5
['917057431599026176'],valence,rs,A14,0.78
['923249524981862400'],valence,rs,A14,0.5
['886531287103791104'],valence,rs,A14,0.7
['913127148994646021'],valence,rs,A14,0.89
['869116348806422528'],valence,rs,A14,0.5
['836997448715350020'],valence,rs,A14,0.82
['826774125087633409'],valence,rs,A14,0.68
['855700279915933698'],valence,rs,A14,0.5
['843889130606137344'],valence,rs,A14,1.0
['931428836029366274'],valence,rs,A14,0.07
['911557328897544193'],valence,rs,A14,0.5
['874318156629762048'],valence,rs,A14,0.5
['884809675413303296'],valence,rs,A14,0.5
['881112328653197312'],valence,rs,A14,0.89
['941799493917437955'],valence,rs,A14,0.5
['918513758036725761'],valence,rs,A14,1.0
['832979409518919681'],valence,rs,A14,0.86
['893852298807582720'],valence,rs,A14,0.94
['902141686612193281'],valence,rs,A14,0.1
['841354135349952513'],valence,rs,A14,0.85
['915059102874824704'],valence,rs,A14,0.5
['872197389276385280'],valence,rs,A18,0.8
['906447947092647936'],valence,rs,A18,0.37
['929386800522645508'],valence,rs,A18,0.63
['839145863217889282'],valence,rs,A18,0.32
['867703984580169730'],valence,rs,A18,0.32
['845724240552824832'],valence,rs,A18,0.5
['889056087009308672'],valence,rs,A18,0.7
['905162052817362945'],valence,rs,A18,0.58
['910900136376782848'],valence,rs,A18,0.73
['901760751152623616'],valence,rs,A18,1.0
['937464406115536896'],valence,rs,A18,0.5
['881595365551734784'],valence,rs,A18,0.26
['849011970204413952'],valence,rs,A18,0.0
['837728913325436929'],valence,rs,A18,0.18
['831873161750777858'],valence,rs,A18,0.3
['909035573385551872'],valence,rs,A18,0.27
['907637364759154689'],valence,rs,A18,0.63
['902227588009132032'],valence,rs,A18,0.7
['851888918207373312'],valence,rs,A18,0.63
['898238119144804352'],valence,rs,A18,0.65
['817801846337261568'],valence,rs,A18,0.65
['830331776258154496'],valence,rs,A18,0.27
['928300532124528642'],valence,rs,A18,0.31
['894977549989761028'],valence,rs,A18,0.63
['895773430737502209'],valence,rs,A18,0.58
['883029304875069440'],valence,rs,A18,0.72
['864764317597609985'],valence,rs,A18,0.53
['888471355435495425'],valence,rs,A18,0.63
['849654610558058496'],valence,rs,A18,0.64
['830134096567341056'],valence,rs,A18,0.59
['924442245297778689'],valence,rs,A18,0.72
['900839107684958208'],valence,rs,A18,0.84
['905505634631680000'],valence,rs,A18,0.5
['926920815198662657'],valence,rs,A18,0.58
['883987877922820100'],valence,rs,A18,0.5
['868813502097567745'],valence,rs,A18,0.5
['933639881145962498'],valence,rs,A18,0.5
['883090735326793733'],valence,rs,A18,0.5
['864837110527864832'],valence,rs,A18,0.33
['825106228770697216'],valence,rs,A18,0.63
['833266466342440960'],valence,rs,A18,0.5
['883023109460242432'],valence,rs,A18,0.41
['848169663716626432'],valence,rs,A18,0.72
['891356324289802240'],valence,rs,A18,0.67
['820002854136070144'],valence,rs,A18,0.42
['868644843614031872'],valence,rs,A18,0.4
['824645908784680960'],valence,rs,A18,0.5
['817407111378440195'],valence,rs,A18,0.71
['863364746577313792'],valence,rs,A18,1.0
['824353425966190593'],valence,rs,A18,0.72
['816343164676083714'],valence,rs,A18,0.63
['944973370520633344'],valence,rs,A18,0.69
['913759942208839681'],valence,rs,A18,0.66
['905158707486629889'],valence,rs,A18,0.61
['846751748672966657'],valence,rs,A18,0.4
['862031016478859265'],valence,rs,A18,0.61
['829085472332857344'],valence,rs,A18,0.7
['836691496636145664'],valence,rs,A18,0.33
['921324851658461185'],valence,rs,A18,0.14
['898633930911264768'],valence,rs,A18,0.5
['932714719814840320'],valence,rs,A18,0.5
['819864483141193728'],valence,rs,A18,0.56
['941257379060035584'],valence,rs,A18,0.42
['925426206710878208'],valence,rs,A18,0.6
['825837382029209601'],valence,rs,A18,0.8
['827911993709514754'],valence,rs,A18,0.4
['893399193737474048'],valence,rs,A18,0.5
['908986176438247425'],valence,rs,A18,0.65
['842646246192041985'],valence,rs,A18,0.43
['943208238039920640'],valence,rs,A18,0.63
['821233209107218432'],valence,rs,A18,0.38
['815557023366516736'],valence,rs,A18,0.6
['840555470788149248'],valence,rs,A18,0.5
['818366770989907968'],valence,rs,A18,0.34
['866905574822338561'],valence,rs,A18,0.72
['898957436526014466'],valence,rs,A18,0.57
['831967975611707392'],valence,rs,A18,0.76
['852576954435993600'],valence,rs,A18,0.5
['925041483568353280'],valence,rs,A18,0.59
['917057431599026176'],valence,rs,A18,0.38
['923249524981862400'],valence,rs,A18,0.63
['886531287103791104'],valence,rs,A18,0.5
['913127148994646021'],valence,rs,A18,0.73
['869116348806422528'],valence,rs,A18,0.66
['836997448715350020'],valence,rs,A18,0.69
['826774125087633409'],valence,rs,A18,0.5
['855700279915933698'],valence,rs,A18,0.74
['843889130606137344'],valence,rs,A18,0.71
['931428836029366274'],valence,rs,A18,0.29
['911557328897544193'],valence,rs,A18,0.68
['874318156629762048'],valence,rs,A18,0.61
['884809675413303296'],valence,rs,A18,0.73
['881112328653197312'],valence,rs,A18,0.76
['941799493917437955'],valence,rs,A18,0.4
['918513758036725761'],valence,rs,A18,0.81
['832979409518919681'],valence,rs,A18,0.78
['893852298807582720'],valence,rs,A18,0.7
['902141686612193281'],valence,rs,A18,0.26
['841354135349952513'],valence,rs,A18,0.68
['915059102874824704'],valence,rs,A18,0.5
['872197389276385280'],valence,bws,A7,0.936094122993
['906447947092647936'],valence,bws,A7,0.248189148577
['929386800522645508'],valence,bws,A7,0.174265520168
['839145863217889282'],valence,bws,A7,0.163726165562
['867703984580169730'],valence,bws,A7,0.191810119729
['845724240552824832'],valence,bws,A7,0.424176898353
['889056087009308672'],valence,bws,A7,0.513528949295
['905162052817362945'],valence,bws,A7,0.569171239829
['910900136376782848'],valence,bws,A7,0.776671494133
['901760751152623616'],valence,bws,A7,0.597026216543
['937464406115536896'],valence,bws,A7,0.159974615373
['881595365551734784'],valence,bws,A7,0.293305306841
['849011970204413952'],valence,bws,A7,0.0758885071591
['837728913325436929'],valence,bws,A7,0.14431136321
['831873161750777858'],valence,bws,A7,0.390150386969
['909035573385551872'],valence,bws,A7,0.332483335229
['907637364759154689'],valence,bws,A7,0.728610877645
['902227588009132032'],valence,bws,A7,0.76057374786
['851888918207373312'],valence,bws,A7,0.371597642824
['898238119144804352'],valence,bws,A7,0.721077034433
['817801846337261568'],valence,bws,A7,0.641858979834
['830331776258154496'],valence,bws,A7,0.204159686967
['928300532124528642'],valence,bws,A7,0.499224479052
['894977549989761028'],valence,bws,A7,0.810126263958
['895773430737502209'],valence,bws,A7,0.503595663445
['883029304875069440'],valence,bws,A7,0.695154413635
['864764317597609985'],valence,bws,A7,0.47419185447
['888471355435495425'],valence,bws,A7,0.760902881574
['849654610558058496'],valence,bws,A7,0.475611961262
['830134096567341056'],valence,bws,A7,0.550967740557
['924442245297778689'],valence,bws,A7,0.771538833108
['900839107684958208'],valence,bws,A7,0.955561383988
['905505634631680000'],valence,bws,A7,0.383972767511
['926920815198662657'],valence,bws,A7,0.626191445502
['883987877922820100'],valence,bws,A7,0.429448841556
['868813502097567745'],valence,bws,A7,0.216284528808
['933639881145962498'],valence,bws,A7,0.439483760635
['883090735326793733'],valence,bws,A7,0.348267406588
['864837110527864832'],valence,bws,A7,0.172471185107
['825106228770697216'],valence,bws,A7,0.791257779758
['833266466342440960'],valence,bws,A7,0.751511443074
['883023109460242432'],valence,bws,A7,0.469047084731
['848169663716626432'],valence,bws,A7,0.945725617629
['891356324289802240'],valence,bws,A7,0.619891223162
['820002854136070144'],valence,bws,A7,0.469799662099
['868644843614031872'],valence,bws,A7,0.363445802839
['824645908784680960'],valence,bws,A7,0.532856426901
['817407111378440195'],valence,bws,A7,0.942009499344
['863364746577313792'],valence,bws,A7,0.872622337656
['824353425966190593'],valence,bws,A7,0.682445734142
['816343164676083714'],valence,bws,A7,0.358046950664
['944973370520633344'],valence,bws,A7,0.503390843559
['913759942208839681'],valence,bws,A7,0.475012614469
['905158707486629889'],valence,bws,A7,0.944781213833
['846751748672966657'],valence,bws,A7,0.220840949295
['862031016478859265'],valence,bws,A7,0.580053912129
['829085472332857344'],valence,bws,A7,0.642232432154
['836691496636145664'],valence,bws,A7,0.524486353539
['921324851658461185'],valence,bws,A7,0.159896351631
['898633930911264768'],valence,bws,A7,0.657829747496
['932714719814840320'],valence,bws,A7,0.477305656707
['819864483141193728'],valence,bws,A7,0.382222102719
['941257379060035584'],valence,bws,A7,0.316321103659
['925426206710878208'],valence,bws,A7,0.607107983326
['825837382029209601'],valence,bws,A7,0.942015843405
['827911993709514754'],valence,bws,A7,0.311983978569
['893399193737474048'],valence,bws,A7,0.229140540564
['908986176438247425'],valence,bws,A7,0.592636197219
['842646246192041985'],valence,bws,A7,0.0741335306874
['943208238039920640'],valence,bws,A7,0.364804699245
['821233209107218432'],valence,bws,A7,0.407352095479
['815557023366516736'],valence,bws,A7,0.289567217987
['840555470788149248'],valence,bws,A7,0.441606799378
['818366770989907968'],valence,bws,A7,0.173232534616
['866905574822338561'],valence,bws,A7,0.598129840149
['898957436526014466'],valence,bws,A7,0.656956921062
['831967975611707392'],valence,bws,A7,0.711258240112
['852576954435993600'],valence,bws,A7,0.375101675241
['925041483568353280'],valence,bws,A7,0.474058524185
['917057431599026176'],valence,bws,A7,0.550803397521
['923249524981862400'],valence,bws,A7,0.543781844533
['886531287103791104'],valence,bws,A7,0.493770119162
['913127148994646021'],valence,bws,A7,0.684357638706
['869116348806422528'],valence,bws,A7,0.529195862079
['836997448715350020'],valence,bws,A7,0.657667735951
['826774125087633409'],valence,bws,A7,0.866142706735
['855700279915933698'],valence,bws,A7,0.566846313134
['843889130606137344'],valence,bws,A7,0.957674769695
['931428836029366274'],valence,bws,A7,0.152804104958
['911557328897544193'],valence,bws,A7,0.549031088525
['874318156629762048'],valence,bws,A7,0.48914718577
['884809675413303296'],valence,bws,A7,0.651345096303
['881112328653197312'],valence,bws,A7,0.824325312253
['941799493917437955'],valence,bws,A7,0.249388134642
['918513758036725761'],valence,bws,A7,0.828596143206
['832979409518919681'],valence,bws,A7,0.510596266399
['893852298807582720'],valence,bws,A7,0.86819544757
['902141686612193281'],valence,bws,A7,0.0859917010623
['841354135349952513'],valence,bws,A7,0.415947756852
['915059102874824704'],valence,bws,A7,0.700285850155
['872197389276385280'],valence,bws,A10,0.941670903982
['906447947092647936'],valence,bws,A10,0.270337783163
['929386800522645508'],valence,bws,A10,0.543940805691
['839145863217889282'],valence,bws,A10,0.415033110983
['867703984580169730'],valence,bws,A10,0.211674002054
['845724240552824832'],valence,bws,A10,0.733128113682
['889056087009308672'],valence,bws,A10,0.372768464165
['905162052817362945'],valence,bws,A10,0.419338473273
['910900136376782848'],valence,bws,A10,0.946560969822
['901760751152623616'],valence,bws,A10,0.487769138369
['937464406115536896'],valence,bws,A10,0.0822070224022
['881595365551734784'],valence,bws,A10,0.29234238274
['849011970204413952'],valence,bws,A10,0.168352940481
['837728913325436929'],valence,bws,A10,0.336725563546
['831873161750777858'],valence,bws,A10,0.278379272531
['909035573385551872'],valence,bws,A10,0.196752289688
['907637364759154689'],valence,bws,A10,0.729743604575
['902227588009132032'],valence,bws,A10,0.867657953846
['851888918207373312'],valence,bws,A10,0.279973128555
['898238119144804352'],valence,bws,A10,0.498715377572
['817801846337261568'],valence,bws,A10,0.693310763131
['830331776258154496'],valence,bws,A10,0.0907038245405
['928300532124528642'],valence,bws,A10,0.380894842071
['894977549989761028'],valence,bws,A10,0.695311043862
['895773430737502209'],valence,bws,A10,0.356439720351
['883029304875069440'],valence,bws,A10,0.697182319499
['864764317597609985'],valence,bws,A10,0.444033454084
['888471355435495425'],valence,bws,A10,0.778911755555
['849654610558058496'],valence,bws,A10,0.432808485741
['830134096567341056'],valence,bws,A10,0.46284369547
['924442245297778689'],valence,bws,A10,0.744268312203
['900839107684958208'],valence,bws,A10,0.953365806782
['905505634631680000'],valence,bws,A10,0.232352860631
['926920815198662657'],valence,bws,A10,0.268311471957
['883987877922820100'],valence,bws,A10,0.136861920375
['868813502097567745'],valence,bws,A10,0.937427275108
['933639881145962498'],valence,bws,A10,0.440217088378
['883090735326793733'],valence,bws,A10,0.523042447126
['864837110527864832'],valence,bws,A10,0.282542788099
['825106228770697216'],valence,bws,A10,0.83934843118
['833266466342440960'],valence,bws,A10,0.642501213429
['883023109460242432'],valence,bws,A10,0.759734855297
['848169663716626432'],valence,bws,A10,0.946315401979
['891356324289802240'],valence,bws,A10,0.452420190978
['820002854136070144'],valence,bws,A10,0.46847852101
['868644843614031872'],valence,bws,A10,0.484662358188
['824645908784680960'],valence,bws,A10,0.588852671503
['817407111378440195'],valence,bws,A10,0.641119333869
['863364746577313792'],valence,bws,A10,0.950078388658
['824353425966190593'],valence,bws,A10,0.569779465078
['816343164676083714'],valence,bws,A10,0.642439612949
['944973370520633344'],valence,bws,A10,0.478882749383
['913759942208839681'],valence,bws,A10,0.380140097238
['905158707486629889'],valence,bws,A10,0.950099991932
['846751748672966657'],valence,bws,A10,0.46126022139
['862031016478859265'],valence,bws,A10,0.70706188505
['829085472332857344'],valence,bws,A10,0.732805907111
['836691496636145664'],valence,bws,A10,0.451772858336
['921324851658461185'],valence,bws,A10,0.185237027242
['898633930911264768'],valence,bws,A10,0.588254577857
['932714719814840320'],valence,bws,A10,0.405498853363
['819864483141193728'],valence,bws,A10,0.0468002822831
['941257379060035584'],valence,bws,A10,0.326954159915
['925426206710878208'],valence,bws,A10,0.603639562116
['825837382029209601'],valence,bws,A10,0.761681966857
['827911993709514754'],valence,bws,A10,0.402773602903
['893399193737474048'],valence,bws,A10,0.225955544235
['908986176438247425'],valence,bws,A10,0.602072773191
['842646246192041985'],valence,bws,A10,0.265420939201
['943208238039920640'],valence,bws,A10,0.31846580415
['821233209107218432'],valence,bws,A10,0.850560783302
['815557023366516736'],valence,bws,A10,0.489471634296
['840555470788149248'],valence,bws,A10,0.461068671491
['818366770989907968'],valence,bws,A10,0.332602738387
['866905574822338561'],valence,bws,A10,0.778116998065
['898957436526014466'],valence,bws,A10,0.313695553499
['831967975611707392'],valence,bws,A10,0.755594771837
['852576954435993600'],valence,bws,A10,0.364910752499
['925041483568353280'],valence,bws,A10,0.533330246075
['917057431599026176'],valence,bws,A10,0.535601225139
['923249524981862400'],valence,bws,A10,0.503453496735
['886531287103791104'],valence,bws,A10,0.506566615999
['913127148994646021'],valence,bws,A10,0.669064675192
['869116348806422528'],valence,bws,A10,0.50301971255
['836997448715350020'],valence,bws,A10,0.622894234142
['826774125087633409'],valence,bws,A10,0.695492393191
['855700279915933698'],valence,bws,A10,0.464646939026
['843889130606137344'],valence,bws,A10,0.871786748853
['931428836029366274'],valence,bws,A10,0.0789435979712
['911557328897544193'],valence,bws,A10,0.447491611549
['874318156629762048'],valence,bws,A10,0.588450197238
['884809675413303296'],valence,bws,A10,0.7737308396
['881112328653197312'],valence,bws,A10,0.863492750814
['941799493917437955'],valence,bws,A10,0.215503444873
['918513758036725761'],valence,bws,A10,0.669596781125
['832979409518919681'],valence,bws,A10,0.494972995162
['893852298807582720'],valence,bws,A10,0.68912143208
['902141686612193281'],valence,bws,A10,0.0879793755773
['841354135349952513'],valence,bws,A10,0.184771062173
['915059102874824704'],valence,bws,A10,0.802466260414
['872197389276385280'],valence,bws,A3,0.944244213898
['906447947092647936'],valence,bws,A3,0.25986235318
['929386800522645508'],valence,bws,A3,0.584698355797
['839145863217889282'],valence,bws,A3,0.0803690212267
['867703984580169730'],valence,bws,A3,0.0940104542674
['845724240552824832'],valence,bws,A3,0.33307915134
['889056087009308672'],valence,bws,A3,0.422171738785
['905162052817362945'],valence,bws,A3,0.45575791861
['910900136376782848'],valence,bws,A3,0.876672663524
['901760751152623616'],valence,bws,A3,0.712883994073
['937464406115536896'],valence,bws,A3,0.159432851778
['881595365551734784'],valence,bws,A3,0.298992367929
['849011970204413952'],valence,bws,A3,0.159419464622
['837728913325436929'],valence,bws,A3,0.0728564988475
['831873161750777858'],valence,bws,A3,0.45059975064
['909035573385551872'],valence,bws,A3,0.296184852003
['907637364759154689'],valence,bws,A3,0.780101239878
['902227588009132032'],valence,bws,A3,0.549145753761
['851888918207373312'],valence,bws,A3,0.561692227777
['898238119144804352'],valence,bws,A3,0.947687857975
['817801846337261568'],valence,bws,A3,0.572201831307
['830331776258154496'],valence,bws,A3,0.0871196015045
['928300532124528642'],valence,bws,A3,0.325026367056
['894977549989761028'],valence,bws,A3,0.697628051162
['895773430737502209'],valence,bws,A3,0.491887600582
['883029304875069440'],valence,bws,A3,0.827019522117
['864764317597609985'],valence,bws,A3,0.472025707026
['888471355435495425'],valence,bws,A3,0.57960482147
['849654610558058496'],valence,bws,A3,0.275977407981
['830134096567341056'],valence,bws,A3,0.42337596143
['924442245297778689'],valence,bws,A3,0.810263726004
['900839107684958208'],valence,bws,A3,0.951315701295
['905505634631680000'],valence,bws,A3,0.649102752247
['926920815198662657'],valence,bws,A3,0.392503866175
['883987877922820100'],valence,bws,A3,0.262432432339
['868813502097567745'],valence,bws,A3,0.7869329797
['933639881145962498'],valence,bws,A3,0.472336987201
['883090735326793733'],valence,bws,A3,0.583496994837
['864837110527864832'],valence,bws,A3,0.371899487052
['825106228770697216'],valence,bws,A3,0.474812882226
['833266466342440960'],valence,bws,A3,0.577573248689
['883023109460242432'],valence,bws,A3,0.229941343769
['848169663716626432'],valence,bws,A3,0.7665354657
['891356324289802240'],valence,bws,A3,0.666176499523
['820002854136070144'],valence,bws,A3,0.386969386924
['868644843614031872'],valence,bws,A3,0.51809199614
['824645908784680960'],valence,bws,A3,0.613214331421
['817407111378440195'],valence,bws,A3,0.944048014061
['863364746577313792'],valence,bws,A3,0.950379066008
['824353425966190593'],valence,bws,A3,0.582963029403
['816343164676083714'],valence,bws,A3,0.637645590659
['944973370520633344'],valence,bws,A3,0.287224953813
['913759942208839681'],valence,bws,A3,0.439897515958
['905158707486629889'],valence,bws,A3,0.942302698185
['846751748672966657'],valence,bws,A3,0.371446664677
['862031016478859265'],valence,bws,A3,0.702015942873
['829085472332857344'],valence,bws,A3,0.725583439421
['836691496636145664'],valence,bws,A3,0.344379994848
['921324851658461185'],valence,bws,A3,0.406148456341
['898633930911264768'],valence,bws,A3,0.64416096885
['932714719814840320'],valence,bws,A3,0.397743020479
['819864483141193728'],valence,bws,A3,0.358251080229
['941257379060035584'],valence,bws,A3,0.457855731994
['925426206710878208'],valence,bws,A3,0.549457839422
['825837382029209601'],valence,bws,A3,0.93851939201
['827911993709514754'],valence,bws,A3,0.323945062229
['893399193737474048'],valence,bws,A3,0.152959123545
['908986176438247425'],valence,bws,A3,0.484860972109
['842646246192041985'],valence,bws,A3,0.211972290996
['943208238039920640'],valence,bws,A3,0.45494386444
['821233209107218432'],valence,bws,A3,0.57846806172
['815557023366516736'],valence,bws,A3,0.311932736759
['840555470788149248'],valence,bws,A3,0.625373983092
['818366770989907968'],valence,bws,A3,0.412802493623
['866905574822338561'],valence,bws,A3,0.584203638117
['898957436526014466'],valence,bws,A3,0.5124757104
['831967975611707392'],valence,bws,A3,0.71571505879
['852576954435993600'],valence,bws,A3,0.0980906060745
['925041483568353280'],valence,bws,A3,0.452868440902
['917057431599026176'],valence,bws,A3,0.630983335003
['923249524981862400'],valence,bws,A3,0.436556933496
['886531287103791104'],valence,bws,A3,0.492062249168
['913127148994646021'],valence,bws,A3,0.764371446538
['869116348806422528'],valence,bws,A3,0.464576126969
['836997448715350020'],valence,bws,A3,0.655909544943
['826774125087633409'],valence,bws,A3,0.705022091774
['855700279915933698'],valence,bws,A3,0.365780469164
['843889130606137344'],valence,bws,A3,0.821800871451
['931428836029366274'],valence,bws,A3,0.0635029368379
['911557328897544193'],valence,bws,A3,0.737977168702
['874318156629762048'],valence,bws,A3,0.545326560542
['884809675413303296'],valence,bws,A3,0.761499442267
['881112328653197312'],valence,bws,A3,0.685682238823
['941799493917437955'],valence,bws,A3,0.408843154988
['918513758036725761'],valence,bws,A3,0.954885414774
['832979409518919681'],valence,bws,A3,0.75975450906
['893852298807582720'],valence,bws,A3,0.37937850824
['902141686612193281'],valence,bws,A3,0.201239285066
['841354135349952513'],valence,bws,A3,0.357203592799
['915059102874824704'],valence,bws,A3,0.48006277702
['872197389276385280'],valence,bws,A15,0.935600345097
['906447947092647936'],valence,bws,A15,0.177812483798
['929386800522645508'],valence,bws,A15,0.437589580015
['839145863217889282'],valence,bws,A15,0.0777105317925
['867703984580169730'],valence,bws,A15,0.370217865334
['845724240552824832'],valence,bws,A15,0.49056247201
['889056087009308672'],valence,bws,A15,0.42704767526
['905162052817362945'],valence,bws,A15,0.417838680334
['910900136376782848'],valence,bws,A15,0.832618002964
['901760751152623616'],valence,bws,A15,0.792481312259
['937464406115536896'],valence,bws,A15,0.2162586608
['881595365551734784'],valence,bws,A15,0.17159610218
['849011970204413952'],valence,bws,A15,0.157330596157
['837728913325436929'],valence,bws,A15,0.0709386779903
['831873161750777858'],valence,bws,A15,0.282970834176
['909035573385551872'],valence,bws,A15,0.524552406951
['907637364759154689'],valence,bws,A15,0.784359729103
['902227588009132032'],valence,bws,A15,0.473290912351
['851888918207373312'],valence,bws,A15,0.412509053969
['898238119144804352'],valence,bws,A15,0.629215716052
['817801846337261568'],valence,bws,A15,0.316157158618
['830331776258154496'],valence,bws,A15,0.0963878252812
['928300532124528642'],valence,bws,A15,0.49606970919
['894977549989761028'],valence,bws,A15,0.718210828986
['895773430737502209'],valence,bws,A15,0.341655897268
['883029304875069440'],valence,bws,A15,0.689551392768
['864764317597609985'],valence,bws,A15,0.376468401897
['888471355435495425'],valence,bws,A15,0.622730937272
['849654610558058496'],valence,bws,A15,0.397285311166
['830134096567341056'],valence,bws,A15,0.542361003187
['924442245297778689'],valence,bws,A15,0.825180666156
['900839107684958208'],valence,bws,A15,0.956522648379
['905505634631680000'],valence,bws,A15,0.461189194669
['926920815198662657'],valence,bws,A15,0.457237945344
['883987877922820100'],valence,bws,A15,0.403820980753
['868813502097567745'],valence,bws,A15,0.534726710355
['933639881145962498'],valence,bws,A15,0.406018421677
['883090735326793733'],valence,bws,A15,0.532533424074
['864837110527864832'],valence,bws,A15,0.30182157737
['825106228770697216'],valence,bws,A15,0.745734784159
['833266466342440960'],valence,bws,A15,0.697811360507
['883023109460242432'],valence,bws,A15,0.199038985466
['848169663716626432'],valence,bws,A15,0.803891282026
['891356324289802240'],valence,bws,A15,0.712522955473
['820002854136070144'],valence,bws,A15,0.341777766659
['868644843614031872'],valence,bws,A15,0.365121784715
['824645908784680960'],valence,bws,A15,0.594119844894
['817407111378440195'],valence,bws,A15,0.80824673767
['863364746577313792'],valence,bws,A15,0.9568623627
['824353425966190593'],valence,bws,A15,0.790370691322
['816343164676083714'],valence,bws,A15,0.681747400762
['944973370520633344'],valence,bws,A15,0.709600882724
['913759942208839681'],valence,bws,A15,0.540042601061
['905158707486629889'],valence,bws,A15,0.944829879603
['846751748672966657'],valence,bws,A15,0.400365444097
['862031016478859265'],valence,bws,A15,0.543043160241
['829085472332857344'],valence,bws,A15,0.67737616021
['836691496636145664'],valence,bws,A15,0.535911433535
['921324851658461185'],valence,bws,A15,0.414965213434
['898633930911264768'],valence,bws,A15,0.662547071228
['932714719814840320'],valence,bws,A15,0.357566907338
['819864483141193728'],valence,bws,A15,0.396432771667
['941257379060035584'],valence,bws,A15,0.463922724364
['925426206710878208'],valence,bws,A15,0.714427215163
['825837382029209601'],valence,bws,A15,0.840613173731
['827911993709514754'],valence,bws,A15,0.204168853872
['893399193737474048'],valence,bws,A15,0.215126787327
['908986176438247425'],valence,bws,A15,0.724358284149
['842646246192041985'],valence,bws,A15,0.21908255304
['943208238039920640'],valence,bws,A15,0.465502477423
['821233209107218432'],valence,bws,A15,0.427052358445
['815557023366516736'],valence,bws,A15,0.533021509532
['840555470788149248'],valence,bws,A15,0.600550600515
['818366770989907968'],valence,bws,A15,0.210803203089
['866905574822338561'],valence,bws,A15,0.314793976491
['898957436526014466'],valence,bws,A15,0.293006857815
['831967975611707392'],valence,bws,A15,0.749139484453
['852576954435993600'],valence,bws,A15,0.233746806015
['925041483568353280'],valence,bws,A15,0.536178086281
['917057431599026176'],valence,bws,A15,0.491060455458
['923249524981862400'],valence,bws,A15,0.639417349393
['886531287103791104'],valence,bws,A15,0.488418567109
['913127148994646021'],valence,bws,A15,0.643189550252
['869116348806422528'],valence,bws,A15,0.524221085838
['836997448715350020'],valence,bws,A15,0.529500700471
['826774125087633409'],valence,bws,A15,0.588314146079
['855700279915933698'],valence,bws,A15,0.493413240193
['843889130606137344'],valence,bws,A15,0.787300067525
['931428836029366274'],valence,bws,A15,0.0809198818181
['911557328897544193'],valence,bws,A15,0.540451939425
['874318156629762048'],valence,bws,A15,0.458526765148
['884809675413303296'],valence,bws,A15,0.433440578601
['881112328653197312'],valence,bws,A15,0.891036926759
['941799493917437955'],valence,bws,A15,0.314239372276
['918513758036725761'],valence,bws,A15,0.789378310216
['832979409518919681'],valence,bws,A15,0.853682847106
['893852298807582720'],valence,bws,A15,0.726793628935
['902141686612193281'],valence,bws,A15,0.158850628091
['841354135349952513'],valence,bws,A15,0.077047035567
['915059102874824704'],valence,bws,A15,0.56322507684
['872197389276385280'],valence,bws,A5,0.802203487155
['906447947092647936'],valence,bws,A5,0.205414004155
['929386800522645508'],valence,bws,A5,0.606566717812
['839145863217889282'],valence,bws,A5,0.619241193548
['867703984580169730'],valence,bws,A5,0.175134274033
['845724240552824832'],valence,bws,A5,0.241972963512
['889056087009308672'],valence,bws,A5,0.490770408525
['905162052817362945'],valence,bws,A5,0.589058303064
['910900136376782848'],valence,bws,A5,0.725391164513
['901760751152623616'],valence,bws,A5,0.492994481287
['937464406115536896'],valence,bws,A5,0.274829849906
['881595365551734784'],valence,bws,A5,0.182865321672
['849011970204413952'],valence,bws,A5,0.19041132153
['837728913325436929'],valence,bws,A5,0.16298146376
['831873161750777858'],valence,bws,A5,0.215808288544
['909035573385551872'],valence,bws,A5,0.436163365344
['907637364759154689'],valence,bws,A5,0.80124995755
['902227588009132032'],valence,bws,A5,0.348901134421
['851888918207373312'],valence,bws,A5,0.474481423054
['898238119144804352'],valence,bws,A5,0.564178899859
['817801846337261568'],valence,bws,A5,0.406820493004
['830331776258154496'],valence,bws,A5,0.0975853020162
['928300532124528642'],valence,bws,A5,0.483228736981
['894977549989761028'],valence,bws,A5,0.755450302002
['895773430737502209'],valence,bws,A5,0.576610813674
['883029304875069440'],valence,bws,A5,0.533853043106
['864764317597609985'],valence,bws,A5,0.400782738115
['888471355435495425'],valence,bws,A5,0.68966507956
['849654610558058496'],valence,bws,A5,0.351657170358
['830134096567341056'],valence,bws,A5,0.617497865764
['924442245297778689'],valence,bws,A5,0.835420580033
['900839107684958208'],valence,bws,A5,0.955521113451
['905505634631680000'],valence,bws,A5,0.475763734269
['926920815198662657'],valence,bws,A5,0.593208609892
['883987877922820100'],valence,bws,A5,0.470469676057
['868813502097567745'],valence,bws,A5,0.341722081804
['933639881145962498'],valence,bws,A5,0.553220151329
['883090735326793733'],valence,bws,A5,0.529944815618
['864837110527864832'],valence,bws,A5,0.389760803452
['825106228770697216'],valence,bws,A5,0.945714959855
['833266466342440960'],valence,bws,A5,0.67502370794
['883023109460242432'],valence,bws,A5,0.240231085994
['848169663716626432'],valence,bws,A5,0.185515905318
['891356324289802240'],valence,bws,A5,0.66676928483
['820002854136070144'],valence,bws,A5,0.284349150084
['868644843614031872'],valence,bws,A5,0.302096834552
['824645908784680960'],valence,bws,A5,0.584227069884
['817407111378440195'],valence,bws,A5,0.746346120458
['863364746577313792'],valence,bws,A5,0.727597745316
['824353425966190593'],valence,bws,A5,0.838442400073
['816343164676083714'],valence,bws,A5,0.58137536933
['944973370520633344'],valence,bws,A5,0.648862365127
['913759942208839681'],valence,bws,A5,0.394229555016
['905158707486629889'],valence,bws,A5,0.682446898588
['846751748672966657'],valence,bws,A5,0.3336575704
['862031016478859265'],valence,bws,A5,0.568178543986
['829085472332857344'],valence,bws,A5,0.595869327163
['836691496636145664'],valence,bws,A5,0.654151464294
['921324851658461185'],valence,bws,A5,0.315161892248
['898633930911264768'],valence,bws,A5,0.614542393826
['932714719814840320'],valence,bws,A5,0.450710745158
['819864483141193728'],valence,bws,A5,0.253671181311
['941257379060035584'],valence,bws,A5,0.436594266283
['925426206710878208'],valence,bws,A5,0.738305947075
['825837382029209601'],valence,bws,A5,0.687551810113
['827911993709514754'],valence,bws,A5,0.503654963337
['893399193737474048'],valence,bws,A5,0.322993499433
['908986176438247425'],valence,bws,A5,0.703328795071
['842646246192041985'],valence,bws,A5,0.344955218337
['943208238039920640'],valence,bws,A5,0.405456826365
['821233209107218432'],valence,bws,A5,0.310327545461
['815557023366516736'],valence,bws,A5,0.394335968947
['840555470788149248'],valence,bws,A5,0.533113576278
['818366770989907968'],valence,bws,A5,0.0837123474228
['866905574822338561'],valence,bws,A5,0.61693968036
['898957436526014466'],valence,bws,A5,0.338520773139
['831967975611707392'],valence,bws,A5,0.565709737986
['852576954435993600'],valence,bws,A5,0.294619701667
['925041483568353280'],valence,bws,A5,0.560135526704
['917057431599026176'],valence,bws,A5,0.379577191251
['923249524981862400'],valence,bws,A5,0.633321160699
['886531287103791104'],valence,bws,A5,0.507745055
['913127148994646021'],valence,bws,A5,0.699912687749
['869116348806422528'],valence,bws,A5,0.723154439741
['836997448715350020'],valence,bws,A5,0.409078298757
['826774125087633409'],valence,bws,A5,0.677982922102
['855700279915933698'],valence,bws,A5,0.719164829833
['843889130606137344'],valence,bws,A5,0.524631259369
['931428836029366274'],valence,bws,A5,0.190569893268
['911557328897544193'],valence,bws,A5,0.607267406029
['874318156629762048'],valence,bws,A5,0.599090445212
['884809675413303296'],valence,bws,A5,0.715481352742
['881112328653197312'],valence,bws,A5,0.75664449136
['941799493917437955'],valence,bws,A5,0.397083174506
['918513758036725761'],valence,bws,A5,0.634574330558
['832979409518919681'],valence,bws,A5,0.752864701927
['893852298807582720'],valence,bws,A5,0.732211878491
['902141686612193281'],valence,bws,A5,0.389856085979
['841354135349952513'],valence,bws,A5,0.0766879433891
['915059102874824704'],valence,bws,A5,0.23399147824
['872197389276385280'],valence,bws,A17,0.748782268855
['906447947092647936'],valence,bws,A17,0.165799872581
['929386800522645508'],valence,bws,A17,0.7512958952
['839145863217889282'],valence,bws,A17,0.0818083988143
['867703984580169730'],valence,bws,A17,0.0895670357477
['845724240552824832'],valence,bws,A17,0.738060432514
['889056087009308672'],valence,bws,A17,0.437291503862
['905162052817362945'],valence,bws,A17,0.350930223169
['910900136376782848'],valence,bws,A17,0.854176877638
['901760751152623616'],valence,bws,A17,0.645972606186
['937464406115536896'],valence,bws,A17,0.262743240738
['881595365551734784'],valence,bws,A17,0.075656555211
['849011970204413952'],valence,bws,A17,0.0796582855895
['837728913325436929'],valence,bws,A17,0.151222529341
['831873161750777858'],valence,bws,A17,0.323349065723
['909035573385551872'],valence,bws,A17,0.381623936775
['907637364759154689'],valence,bws,A17,0.779830281462
['902227588009132032'],valence,bws,A17,0.665741229342
['851888918207373312'],valence,bws,A17,0.418065385322
['898238119144804352'],valence,bws,A17,0.607232831849
['817801846337261568'],valence,bws,A17,0.35999971187
['830331776258154496'],valence,bws,A17,0.0990452555494
['928300532124528642'],valence,bws,A17,0.339717436444
['894977549989761028'],valence,bws,A17,0.782960943207
['895773430737502209'],valence,bws,A17,0.583059577617
['883029304875069440'],valence,bws,A17,0.794153446654
['864764317597609985'],valence,bws,A17,0.385378001147
['888471355435495425'],valence,bws,A17,0.547177946488
['849654610558058496'],valence,bws,A17,0.411019778991
['830134096567341056'],valence,bws,A17,0.518517084928
['924442245297778689'],valence,bws,A17,0.946776291469
['900839107684958208'],valence,bws,A17,0.831977288087
['905505634631680000'],valence,bws,A17,0.658427533358
['926920815198662657'],valence,bws,A17,0.473060119847
['883987877922820100'],valence,bws,A17,0.409930551464
['868813502097567745'],valence,bws,A17,0.167745481989
['933639881145962498'],valence,bws,A17,0.414242973176
['883090735326793733'],valence,bws,A17,0.483094586717
['864837110527864832'],valence,bws,A17,0.301785517438
['825106228770697216'],valence,bws,A17,0.341329924898
['833266466342440960'],valence,bws,A17,0.741376684685
['883023109460242432'],valence,bws,A17,0.674300177589
['848169663716626432'],valence,bws,A17,0.513116874786
['891356324289802240'],valence,bws,A17,0.609009248313
['820002854136070144'],valence,bws,A17,0.292583482031
['868644843614031872'],valence,bws,A17,0.459358428578
['824645908784680960'],valence,bws,A17,0.579205530458
['817407111378440195'],valence,bws,A17,0.478689275665
['863364746577313792'],valence,bws,A17,0.782721348015
['824353425966190593'],valence,bws,A17,0.798421355342
['816343164676083714'],valence,bws,A17,0.622291828852
['944973370520633344'],valence,bws,A17,0.181349789025
['913759942208839681'],valence,bws,A17,0.305636129463
['905158707486629889'],valence,bws,A17,0.944931457263
['846751748672966657'],valence,bws,A17,0.650908439255
['862031016478859265'],valence,bws,A17,0.428762510326
['829085472332857344'],valence,bws,A17,0.611509550015
['836691496636145664'],valence,bws,A17,0.521024383138
['921324851658461185'],valence,bws,A17,0.233836277207
['898633930911264768'],valence,bws,A17,0.769316840823
['932714719814840320'],valence,bws,A17,0.608250647102
['819864483141193728'],valence,bws,A17,0.465029807411
['941257379060035584'],valence,bws,A17,0.379975386562
['925426206710878208'],valence,bws,A17,0.664597475082
['825837382029209601'],valence,bws,A17,0.939217401706
['827911993709514754'],valence,bws,A17,0.418105551261
['893399193737474048'],valence,bws,A17,0.179494610143
['908986176438247425'],valence,bws,A17,0.515956925552
['842646246192041985'],valence,bws,A17,0.37089665656
['943208238039920640'],valence,bws,A17,0.308243606122
['821233209107218432'],valence,bws,A17,0.36356266206
['815557023366516736'],valence,bws,A17,0.202340581414
['840555470788149248'],valence,bws,A17,0.622066028862
['818366770989907968'],valence,bws,A17,0.326168510078
['866905574822338561'],valence,bws,A17,0.815795800088
['898957436526014466'],valence,bws,A17,0.464455116088
['831967975611707392'],valence,bws,A17,0.682533604453
['852576954435993600'],valence,bws,A17,0.198534138264
['925041483568353280'],valence,bws,A17,0.472506597805
['917057431599026176'],valence,bws,A17,0.392685321756
['923249524981862400'],valence,bws,A17,0.505492440748
['886531287103791104'],valence,bws,A17,0.495035267327
['913127148994646021'],valence,bws,A17,0.820829529553
['869116348806422528'],valence,bws,A17,0.510411100013
['836997448715350020'],valence,bws,A17,0.543964591724
['826774125087633409'],valence,bws,A17,0.569322958575
['855700279915933698'],valence,bws,A17,0.489773325153
['843889130606137344'],valence,bws,A17,0.760476966356
['931428836029366274'],valence,bws,A17,0.0953388788483
['911557328897544193'],valence,bws,A17,0.60441587376
['874318156629762048'],valence,bws,A17,0.623256273539
['884809675413303296'],valence,bws,A17,0.586912963672
['881112328653197312'],valence,bws,A17,0.746140511779
['941799493917437955'],valence,bws,A17,0.426631510986
['918513758036725761'],valence,bws,A17,0.949918933848
['832979409518919681'],valence,bws,A17,0.832118634292
['893852298807582720'],valence,bws,A17,0.694907388825
['902141686612193281'],valence,bws,A17,0.0510553814246
['841354135349952513'],valence,bws,A17,0.260042198915
['915059102874824704'],valence,bws,A17,0.512020851506
['872197389276385280'],valence,pc,A13,0.847792178684
['906447947092647936'],valence,pc,A13,0.26629447972
['929386800522645508'],valence,pc,A13,0.911768632906
['839145863217889282'],valence,pc,A13,0.172287485824
['867703984580169730'],valence,pc,A13,0.860919772057
['845724240552824832'],valence,pc,A13,0.427767553409
['889056087009308672'],valence,pc,A13,0.621770194531
['905162052817362945'],valence,pc,A13,0.437747375167
['910900136376782848'],valence,pc,A13,0.897033043083
['901760751152623616'],valence,pc,A13,0.657500016789
['937464406115536896'],valence,pc,A13,0.22758236452
['881595365551734784'],valence,pc,A13,0.147716541353
['849011970204413952'],valence,pc,A13,0.10428176069
['837728913325436929'],valence,pc,A13,0.182377022401
['831873161750777858'],valence,pc,A13,0.369189118658
['909035573385551872'],valence,pc,A13,0.438342864431
['907637364759154689'],valence,pc,A13,0.909496552989
['902227588009132032'],valence,pc,A13,0.917422558205
['851888918207373312'],valence,pc,A13,0.197158501509
['898238119144804352'],valence,pc,A13,0.600238210663
['817801846337261568'],valence,pc,A13,0.61925901554
['830331776258154496'],valence,pc,A13,0.236787171732
['928300532124528642'],valence,pc,A13,0.359811877144
['894977549989761028'],valence,pc,A13,0.911147611624
['895773430737502209'],valence,pc,A13,0.457934034259
['883029304875069440'],valence,pc,A13,0.5511040868
['864764317597609985'],valence,pc,A13,0.481742591857
['888471355435495425'],valence,pc,A13,0.218544337005
['849654610558058496'],valence,pc,A13,0.372437736316
['830134096567341056'],valence,pc,A13,0.702794103464
['924442245297778689'],valence,pc,A13,0.881460403222
['900839107684958208'],valence,pc,A13,0.647296279105
['905505634631680000'],valence,pc,A13,0.912420823186
['926920815198662657'],valence,pc,A13,0.553531621846
['883987877922820100'],valence,pc,A13,0.39385605474
['868813502097567745'],valence,pc,A13,0.495053867536
['933639881145962498'],valence,pc,A13,0.42190577054
['883090735326793733'],valence,pc,A13,0.393266489241
['864837110527864832'],valence,pc,A13,0.435554040684
['825106228770697216'],valence,pc,A13,0.666843861399
['833266466342440960'],valence,pc,A13,0.581715238996
['883023109460242432'],valence,pc,A13,0.69330743003
['848169663716626432'],valence,pc,A13,0.906097491018
['891356324289802240'],valence,pc,A13,0.897925307754
['820002854136070144'],valence,pc,A13,0.197707066835
['868644843614031872'],valence,pc,A13,0.467764973744
['824645908784680960'],valence,pc,A13,0.841012114055
['817407111378440195'],valence,pc,A13,0.532419738588
['863364746577313792'],valence,pc,A13,0.870433729039
['824353425966190593'],valence,pc,A13,0.678544987723
['816343164676083714'],valence,pc,A13,0.555840399194
['944973370520633344'],valence,pc,A13,0.673067515137
['913759942208839681'],valence,pc,A13,0.414322961614
['905158707486629889'],valence,pc,A13,0.828668689518
['846751748672966657'],valence,pc,A13,0.530324700053
['862031016478859265'],valence,pc,A13,0.883007288575
['829085472332857344'],valence,pc,A13,0.91685868556
['836691496636145664'],valence,pc,A13,0.424916464527
['921324851658461185'],valence,pc,A13,0.168733831572
['898633930911264768'],valence,pc,A13,0.883770670148
['932714719814840320'],valence,pc,A13,0.551562760876
['819864483141193728'],valence,pc,A13,0.45353905476
['941257379060035584'],valence,pc,A13,0.431475649991
['925426206710878208'],valence,pc,A13,0.566283434969
['825837382029209601'],valence,pc,A13,0.478784326987
['827911993709514754'],valence,pc,A13,0.475323797166
['893399193737474048'],valence,pc,A13,0.168727083256
['908986176438247425'],valence,pc,A13,0.701125845417
['842646246192041985'],valence,pc,A13,0.369179052521
['943208238039920640'],valence,pc,A13,0.688544302972
['821233209107218432'],valence,pc,A13,0.197537156768
['815557023366516736'],valence,pc,A13,0.436103893291
['840555470788149248'],valence,pc,A13,0.192872967769
['818366770989907968'],valence,pc,A13,0.245852881036
['866905574822338561'],valence,pc,A13,0.875231302102
['898957436526014466'],valence,pc,A13,0.426907975447
['831967975611707392'],valence,pc,A13,0.840056595603
['852576954435993600'],valence,pc,A13,0.323009793009
['925041483568353280'],valence,pc,A13,0.375074475132
['917057431599026176'],valence,pc,A13,0.40848994057
['923249524981862400'],valence,pc,A13,0.405755704665
['886531287103791104'],valence,pc,A13,0.210928224583
['913127148994646021'],valence,pc,A13,0.432306683122
['869116348806422528'],valence,pc,A13,0.454235093098
['836997448715350020'],valence,pc,A13,0.66328492856
['826774125087633409'],valence,pc,A13,0.415401413696
['855700279915933698'],valence,pc,A13,0.468962392148
['843889130606137344'],valence,pc,A13,0.871936048392
['931428836029366274'],valence,pc,A13,0.222334080727
['911557328897544193'],valence,pc,A13,0.69854486668
['874318156629762048'],valence,pc,A13,0.533789760418
['884809675413303296'],valence,pc,A13,0.853544948956
['881112328653197312'],valence,pc,A13,0.830191186996
['941799493917437955'],valence,pc,A13,0.468558832314
['918513758036725761'],valence,pc,A13,0.890310795382
['832979409518919681'],valence,pc,A13,0.844304140256
['893852298807582720'],valence,pc,A13,0.903146642476
['902141686612193281'],valence,pc,A13,0.485549720159
['841354135349952513'],valence,pc,A13,0.206235937973
['915059102874824704'],valence,pc,A13,0.400009294812
['872197389276385280'],valence,pc,A16,0.84862666513
['906447947092647936'],valence,pc,A16,0.228690769396
['929386800522645508'],valence,pc,A16,0.843651811687
['839145863217889282'],valence,pc,A16,0.153339620827
['867703984580169730'],valence,pc,A16,0.849771639659
['845724240552824832'],valence,pc,A16,0.479256758994
['889056087009308672'],valence,pc,A16,0.475279305106
['905162052817362945'],valence,pc,A16,0.362332083858
['910900136376782848'],valence,pc,A16,0.850810820841
['901760751152623616'],valence,pc,A16,0.686765876684
['937464406115536896'],valence,pc,A16,0.251118109599
['881595365551734784'],valence,pc,A16,0.383525638181
['849011970204413952'],valence,pc,A16,0.10495279234
['837728913325436929'],valence,pc,A16,0.193277703111
['831873161750777858'],valence,pc,A16,0.221005310327
['909035573385551872'],valence,pc,A16,0.427207355117
['907637364759154689'],valence,pc,A16,0.873177801969
['902227588009132032'],valence,pc,A16,0.664906339307
['851888918207373312'],valence,pc,A16,0.405110328177
['898238119144804352'],valence,pc,A16,0.718304317305
['817801846337261568'],valence,pc,A16,0.623302762531
['830331776258154496'],valence,pc,A16,0.252783751992
['928300532124528642'],valence,pc,A16,0.359879111848
['894977549989761028'],valence,pc,A16,0.477318604983
['895773430737502209'],valence,pc,A16,0.467422122609
['883029304875069440'],valence,pc,A16,0.5892882338
['864764317597609985'],valence,pc,A16,0.415754208626
['888471355435495425'],valence,pc,A16,0.654364568487
['849654610558058496'],valence,pc,A16,0.40316227883
['830134096567341056'],valence,pc,A16,0.210459275075
['924442245297778689'],valence,pc,A16,0.919827928367
['900839107684958208'],valence,pc,A16,0.65414824343
['905505634631680000'],valence,pc,A16,0.494541057829
['926920815198662657'],valence,pc,A16,0.481074510239
['883987877922820100'],valence,pc,A16,0.43000514792
['868813502097567745'],valence,pc,A16,0.515846572125
['933639881145962498'],valence,pc,A16,0.387951630326
['883090735326793733'],valence,pc,A16,0.404178178667
['864837110527864832'],valence,pc,A16,0.35933505938
['825106228770697216'],valence,pc,A16,0.659496310012
['833266466342440960'],valence,pc,A16,0.672531835531
['883023109460242432'],valence,pc,A16,0.927587195525
['848169663716626432'],valence,pc,A16,0.843307231157
['891356324289802240'],valence,pc,A16,0.852083870874
['820002854136070144'],valence,pc,A16,0.192251424761
['868644843614031872'],valence,pc,A16,0.65426948008
['824645908784680960'],valence,pc,A16,0.603398492098
['817407111378440195'],valence,pc,A16,0.69287910323
['863364746577313792'],valence,pc,A16,0.924538336723
['824353425966190593'],valence,pc,A16,0.870899020622
['816343164676083714'],valence,pc,A16,0.920870866909
['944973370520633344'],valence,pc,A16,0.884455280654
['913759942208839681'],valence,pc,A16,0.529899204972
['905158707486629889'],valence,pc,A16,0.834274607073
['846751748672966657'],valence,pc,A16,0.516726522591
['862031016478859265'],valence,pc,A16,0.685385670215
['829085472332857344'],valence,pc,A16,0.858814861434
['836691496636145664'],valence,pc,A16,0.513734822277
['921324851658461185'],valence,pc,A16,0.26566649755
['898633930911264768'],valence,pc,A16,0.662579770712
['932714719814840320'],valence,pc,A16,0.557804939868
['819864483141193728'],valence,pc,A16,0.162375993476
['941257379060035584'],valence,pc,A16,0.424674377111
['925426206710878208'],valence,pc,A16,0.229763934711
['825837382029209601'],valence,pc,A16,0.67224557683
['827911993709514754'],valence,pc,A16,0.439066015083
['893399193737474048'],valence,pc,A16,0.15807953245
['908986176438247425'],valence,pc,A16,0.651115448985
['842646246192041985'],valence,pc,A16,0.149730008333
['943208238039920640'],valence,pc,A16,0.467600605072
['821233209107218432'],valence,pc,A16,0.192638033817
['815557023366516736'],valence,pc,A16,0.472567429143
['840555470788149248'],valence,pc,A16,0.649719575321
['818366770989907968'],valence,pc,A16,0.17346347633
['866905574822338561'],valence,pc,A16,0.83200779508
['898957436526014466'],valence,pc,A16,0.547332500233
['831967975611707392'],valence,pc,A16,0.861988039475
['852576954435993600'],valence,pc,A16,0.395894091364
['925041483568353280'],valence,pc,A16,0.551027801069
['917057431599026176'],valence,pc,A16,0.493427063816
['923249524981862400'],valence,pc,A16,0.435632570609
['886531287103791104'],valence,pc,A16,0.203200414724
['913127148994646021'],valence,pc,A16,0.399017602211
['869116348806422528'],valence,pc,A16,0.49295682185
['836997448715350020'],valence,pc,A16,0.866461375411
['826774125087633409'],valence,pc,A16,0.229870058287
['855700279915933698'],valence,pc,A16,0.524111166843
['843889130606137344'],valence,pc,A16,0.883556353831
['931428836029366274'],valence,pc,A16,0.206693809651
['911557328897544193'],valence,pc,A16,0.703854649994
['874318156629762048'],valence,pc,A16,0.569462618434
['884809675413303296'],valence,pc,A16,0.596318195769
['881112328653197312'],valence,pc,A16,0.859914973432
['941799493917437955'],valence,pc,A16,0.501849064709
['918513758036725761'],valence,pc,A16,0.889554468022
['832979409518919681'],valence,pc,A16,0.847359122163
['893852298807582720'],valence,pc,A16,0.901729890646
['902141686612193281'],valence,pc,A16,0.246224285001
['841354135349952513'],valence,pc,A16,0.163678859298
['915059102874824704'],valence,pc,A16,0.380383633384
['872197389276385280'],valence,pc,A6,0.912454795095
['906447947092647936'],valence,pc,A6,0.228101594453
['929386800522645508'],valence,pc,A6,0.917497495656
['839145863217889282'],valence,pc,A6,0.228912221717
['867703984580169730'],valence,pc,A6,0.37209980209
['845724240552824832'],valence,pc,A6,0.910422334737
['889056087009308672'],valence,pc,A6,0.584738364722
['905162052817362945'],valence,pc,A6,0.685342880907
['910900136376782848'],valence,pc,A6,0.905950012049
['901760751152623616'],valence,pc,A6,0.472962284923
['937464406115536896'],valence,pc,A6,0.205404024262
['881595365551734784'],valence,pc,A6,0.235460966234
['849011970204413952'],valence,pc,A6,0.14904145445
['837728913325436929'],valence,pc,A6,0.127460805025
['831873161750777858'],valence,pc,A6,0.208022566018
['909035573385551872'],valence,pc,A6,0.623266592643
['907637364759154689'],valence,pc,A6,0.525802886193
['902227588009132032'],valence,pc,A6,0.867807118651
['851888918207373312'],valence,pc,A6,0.549870071096
['898238119144804352'],valence,pc,A6,0.913943539924
['817801846337261568'],valence,pc,A6,0.502064137539
['830331776258154496'],valence,pc,A6,0.291825669713
['928300532124528642'],valence,pc,A6,0.444263325088
['894977549989761028'],valence,pc,A6,0.603278792186
['895773430737502209'],valence,pc,A6,0.596506909651
['883029304875069440'],valence,pc,A6,0.202727654326
['864764317597609985'],valence,pc,A6,0.237128827246
['888471355435495425'],valence,pc,A6,0.180333279221
['849654610558058496'],valence,pc,A6,0.164842002028
['830134096567341056'],valence,pc,A6,0.494665474959
['924442245297778689'],valence,pc,A6,0.889490153833
['900839107684958208'],valence,pc,A6,0.868595330633
['905505634631680000'],valence,pc,A6,0.719627567672
['926920815198662657'],valence,pc,A6,0.245353891543
['883987877922820100'],valence,pc,A6,0.431381183482
['868813502097567745'],valence,pc,A6,0.61020173282
['933639881145962498'],valence,pc,A6,0.474470544277
['883090735326793733'],valence,pc,A6,0.399242056681
['864837110527864832'],valence,pc,A6,0.425023624669
['825106228770697216'],valence,pc,A6,0.868257052277
['833266466342440960'],valence,pc,A6,0.880526739763
['883023109460242432'],valence,pc,A6,0.629787997666
['848169663716626432'],valence,pc,A6,0.877811686195
['891356324289802240'],valence,pc,A6,0.800323370463
['820002854136070144'],valence,pc,A6,0.180097622932
['868644843614031872'],valence,pc,A6,0.186271964999
['824645908784680960'],valence,pc,A6,0.593127926759
['817407111378440195'],valence,pc,A6,0.264792420645
['863364746577313792'],valence,pc,A6,0.917418906625
['824353425966190593'],valence,pc,A6,0.853407500964
['816343164676083714'],valence,pc,A6,0.711865275617
['944973370520633344'],valence,pc,A6,0.583861325571
['913759942208839681'],valence,pc,A6,0.852023355349
['905158707486629889'],valence,pc,A6,0.900320360005
['846751748672966657'],valence,pc,A6,0.583604097719
['862031016478859265'],valence,pc,A6,0.85478723389
['829085472332857344'],valence,pc,A6,0.852546190904
['836691496636145664'],valence,pc,A6,0.41166601384
['921324851658461185'],valence,pc,A6,0.171360561743
['898633930911264768'],valence,pc,A6,0.49165817994
['932714719814840320'],valence,pc,A6,0.913692370349
['819864483141193728'],valence,pc,A6,0.510534713733
['941257379060035584'],valence,pc,A6,0.38627008795
['925426206710878208'],valence,pc,A6,0.8570321144
['825837382029209601'],valence,pc,A6,0.697735792959
['827911993709514754'],valence,pc,A6,0.53550745396
['893399193737474048'],valence,pc,A6,0.209482458344
['908986176438247425'],valence,pc,A6,0.872695601794
['842646246192041985'],valence,pc,A6,0.181065040024
['943208238039920640'],valence,pc,A6,0.674394015056
['821233209107218432'],valence,pc,A6,0.497124652352
['815557023366516736'],valence,pc,A6,0.546410418167
['840555470788149248'],valence,pc,A6,0.445052575117
['818366770989907968'],valence,pc,A6,0.214731465749
['866905574822338561'],valence,pc,A6,0.881604321249
['898957436526014466'],valence,pc,A6,0.343485627906
['831967975611707392'],valence,pc,A6,0.852419108613
['852576954435993600'],valence,pc,A6,0.431941086033
['925041483568353280'],valence,pc,A6,0.455102061472
['917057431599026176'],valence,pc,A6,0.415039413881
['923249524981862400'],valence,pc,A6,0.602233344278
['886531287103791104'],valence,pc,A6,0.549607476487
['913127148994646021'],valence,pc,A6,0.224484392492
['869116348806422528'],valence,pc,A6,0.559430910959
['836997448715350020'],valence,pc,A6,0.922193949396
['826774125087633409'],valence,pc,A6,0.515467191044
['855700279915933698'],valence,pc,A6,0.559854580208
['843889130606137344'],valence,pc,A6,0.631448043352
['931428836029366274'],valence,pc,A6,0.285446862151
['911557328897544193'],valence,pc,A6,0.65940908602
['874318156629762048'],valence,pc,A6,0.835638530985
['884809675413303296'],valence,pc,A6,0.922083814601
['881112328653197312'],valence,pc,A6,0.892547200706
['941799493917437955'],valence,pc,A6,0.252489404192
['918513758036725761'],valence,pc,A6,0.908275359699
['832979409518919681'],valence,pc,A6,0.912478292116
['893852298807582720'],valence,pc,A6,0.221562617706
['902141686612193281'],valence,pc,A6,0.264001067707
['841354135349952513'],valence,pc,A6,0.470420226141
['915059102874824704'],valence,pc,A6,0.378677576187
['872197389276385280'],valence,pc,A12,0.250316413872
['906447947092647936'],valence,pc,A12,0.155808597474
['929386800522645508'],valence,pc,A12,0.454323137731
['839145863217889282'],valence,pc,A12,0.903375119861
['867703984580169730'],valence,pc,A12,0.212355638738
['845724240552824832'],valence,pc,A12,0.211311734039
['889056087009308672'],valence,pc,A12,0.650939633823
['905162052817362945'],valence,pc,A12,0.43207349934
['910900136376782848'],valence,pc,A12,0.82258596555
['901760751152623616'],valence,pc,A12,0.247901663271
['937464406115536896'],valence,pc,A12,0.259153324314
['881595365551734784'],valence,pc,A12,0.506383959623
['849011970204413952'],valence,pc,A12,0.17034355284
['837728913325436929'],valence,pc,A12,0.543334896873
['831873161750777858'],valence,pc,A12,0.230049658725
['909035573385551872'],valence,pc,A12,0.39771831499
['907637364759154689'],valence,pc,A12,0.225935694442
['902227588009132032'],valence,pc,A12,0.892921811442
['851888918207373312'],valence,pc,A12,0.343041258473
['898238119144804352'],valence,pc,A12,0.527112542134
['817801846337261568'],valence,pc,A12,0.208223827746
['830331776258154496'],valence,pc,A12,0.227697122891
['928300532124528642'],valence,pc,A12,0.446340814664
['894977549989761028'],valence,pc,A12,0.449089976491
['895773430737502209'],valence,pc,A12,0.246216447684
['883029304875069440'],valence,pc,A12,0.602004197646
['864764317597609985'],valence,pc,A12,0.422849809595
['888471355435495425'],valence,pc,A12,0.440314069968
['849654610558058496'],valence,pc,A12,0.594936199818
['830134096567341056'],valence,pc,A12,0.37006391733
['924442245297778689'],valence,pc,A12,0.891496633368
['900839107684958208'],valence,pc,A12,0.666333248948
['905505634631680000'],valence,pc,A12,0.462682960609
['926920815198662657'],valence,pc,A12,0.618151080632
['883987877922820100'],valence,pc,A12,0.658706129028
['868813502097567745'],valence,pc,A12,0.580909430784
['933639881145962498'],valence,pc,A12,0.484895556891
['883090735326793733'],valence,pc,A12,0.577293880182
['864837110527864832'],valence,pc,A12,0.192577168485
['825106228770697216'],valence,pc,A12,0.867140312185
['833266466342440960'],valence,pc,A12,0.891360055583
['883023109460242432'],valence,pc,A12,0.222751637438
['848169663716626432'],valence,pc,A12,0.579244051492
['891356324289802240'],valence,pc,A12,0.908693469492
['820002854136070144'],valence,pc,A12,0.432751021781
['868644843614031872'],valence,pc,A12,0.504664641207
['824645908784680960'],valence,pc,A12,0.643685106492
['817407111378440195'],valence,pc,A12,0.273439935725
['863364746577313792'],valence,pc,A12,0.882449775241
['824353425966190593'],valence,pc,A12,0.928716520234
['816343164676083714'],valence,pc,A12,0.594122595694
['944973370520633344'],valence,pc,A12,0.87100948294
['913759942208839681'],valence,pc,A12,0.464354772891
['905158707486629889'],valence,pc,A12,0.905036981428
['846751748672966657'],valence,pc,A12,0.825055522262
['862031016478859265'],valence,pc,A12,0.683487295636
['829085472332857344'],valence,pc,A12,0.65391983076
['836691496636145664'],valence,pc,A12,0.556984251044
['921324851658461185'],valence,pc,A12,0.511318633851
['898633930911264768'],valence,pc,A12,0.720384158093
['932714719814840320'],valence,pc,A12,0.20559569252
['819864483141193728'],valence,pc,A12,0.411322541965
['941257379060035584'],valence,pc,A12,0.655908892511
['925426206710878208'],valence,pc,A12,0.611985136888
['825837382029209601'],valence,pc,A12,0.870561409761
['827911993709514754'],valence,pc,A12,0.279860546415
['893399193737474048'],valence,pc,A12,0.165964578903
['908986176438247425'],valence,pc,A12,0.89104578083
['842646246192041985'],valence,pc,A12,0.572184461868
['943208238039920640'],valence,pc,A12,0.643586563524
['821233209107218432'],valence,pc,A12,0.877877397323
['815557023366516736'],valence,pc,A12,0.264657137308
['840555470788149248'],valence,pc,A12,0.903444294047
['818366770989907968'],valence,pc,A12,0.200342506315
['866905574822338561'],valence,pc,A12,0.859255251856
['898957436526014466'],valence,pc,A12,0.203314451209
['831967975611707392'],valence,pc,A12,0.861673429845
['852576954435993600'],valence,pc,A12,0.422393852812
['925041483568353280'],valence,pc,A12,0.523858268851
['917057431599026176'],valence,pc,A12,0.455441497945
['923249524981862400'],valence,pc,A12,0.642865724784
['886531287103791104'],valence,pc,A12,0.537769647554
['913127148994646021'],valence,pc,A12,0.216332864725
['869116348806422528'],valence,pc,A12,0.703538509437
['836997448715350020'],valence,pc,A12,0.532859051036
['826774125087633409'],valence,pc,A12,0.435748397614
['855700279915933698'],valence,pc,A12,0.617743671462
['843889130606137344'],valence,pc,A12,0.86597647654
['931428836029366274'],valence,pc,A12,0.260517040489
['911557328897544193'],valence,pc,A12,0.583174217702
['874318156629762048'],valence,pc,A12,0.896991265612
['884809675413303296'],valence,pc,A12,0.609073251041
['881112328653197312'],valence,pc,A12,0.670528871654
['941799493917437955'],valence,pc,A12,0.394186476055
['918513758036725761'],valence,pc,A12,0.859848441342
['832979409518919681'],valence,pc,A12,0.896557109313
['893852298807582720'],valence,pc,A12,0.72337100556
['902141686612193281'],valence,pc,A12,0.156576341469
['841354135349952513'],valence,pc,A12,0.425537182598
['915059102874824704'],valence,pc,A12,0.584991345388
['872197389276385280'],valence,pc,A2,0.659917886926
['906447947092647936'],valence,pc,A2,0.218334518245
['929386800522645508'],valence,pc,A2,0.862759044722
['839145863217889282'],valence,pc,A2,0.595908861127
['867703984580169730'],valence,pc,A2,0.412435635475
['845724240552824832'],valence,pc,A2,0.460440802223
['889056087009308672'],valence,pc,A2,0.73997903501
['905162052817362945'],valence,pc,A2,0.680357727284
['910900136376782848'],valence,pc,A2,0.875101166772
['901760751152623616'],valence,pc,A2,0.6860924734
['937464406115536896'],valence,pc,A2,0.243898610097
['881595365551734784'],valence,pc,A2,0.642773908328
['849011970204413952'],valence,pc,A2,0.174714486432
['837728913325436929'],valence,pc,A2,0.184484709439
['831873161750777858'],valence,pc,A2,0.509829478268
['909035573385551872'],valence,pc,A2,0.648212893827
['907637364759154689'],valence,pc,A2,0.849493980835
['902227588009132032'],valence,pc,A2,0.897636636121
['851888918207373312'],valence,pc,A2,0.333289321656
['898238119144804352'],valence,pc,A2,0.514383546158
['817801846337261568'],valence,pc,A2,0.705239440475
['830331776258154496'],valence,pc,A2,0.23101118743
['928300532124528642'],valence,pc,A2,0.409586331127
['894977549989761028'],valence,pc,A2,0.340529781948
['895773430737502209'],valence,pc,A2,0.833176317788
['883029304875069440'],valence,pc,A2,0.517413226047
['864764317597609985'],valence,pc,A2,0.167054236505
['888471355435495425'],valence,pc,A2,0.669387551889
['849654610558058496'],valence,pc,A2,0.894340351398
['830134096567341056'],valence,pc,A2,0.647470394957
['924442245297778689'],valence,pc,A2,0.899291130124
['900839107684958208'],valence,pc,A2,0.876080000969
['905505634631680000'],valence,pc,A2,0.576846400764
['926920815198662657'],valence,pc,A2,0.23787925836
['883987877922820100'],valence,pc,A2,0.461490467766
['868813502097567745'],valence,pc,A2,0.551650424369
['933639881145962498'],valence,pc,A2,0.489341307657
['883090735326793733'],valence,pc,A2,0.467566668285
['864837110527864832'],valence,pc,A2,0.430782060939
['825106228770697216'],valence,pc,A2,0.927880765408
['833266466342440960'],valence,pc,A2,0.450501286113
['883023109460242432'],valence,pc,A2,0.521148806906
['848169663716626432'],valence,pc,A2,0.869530762181
['891356324289802240'],valence,pc,A2,0.856821165731
['820002854136070144'],valence,pc,A2,0.21058532046
['868644843614031872'],valence,pc,A2,0.385188040284
['824645908784680960'],valence,pc,A2,0.663098072362
['817407111378440195'],valence,pc,A2,0.626977077496
['863364746577313792'],valence,pc,A2,0.875980280132
['824353425966190593'],valence,pc,A2,0.871000627109
['816343164676083714'],valence,pc,A2,0.894622695856
['944973370520633344'],valence,pc,A2,0.23728729052
['913759942208839681'],valence,pc,A2,0.363754624587
['905158707486629889'],valence,pc,A2,0.845441310002
['846751748672966657'],valence,pc,A2,0.375594093515
['862031016478859265'],valence,pc,A2,0.884201956641
['829085472332857344'],valence,pc,A2,0.899365514234
['836691496636145664'],valence,pc,A2,0.454948888361
['921324851658461185'],valence,pc,A2,0.470032253755
['898633930911264768'],valence,pc,A2,0.616284326436
['932714719814840320'],valence,pc,A2,0.599988396883
['819864483141193728'],valence,pc,A2,0.206595526711
['941257379060035584'],valence,pc,A2,0.491945628063
['925426206710878208'],valence,pc,A2,0.218171258473
['825837382029209601'],valence,pc,A2,0.894828813511
['827911993709514754'],valence,pc,A2,0.214236700917
['893399193737474048'],valence,pc,A2,0.183651141633
['908986176438247425'],valence,pc,A2,0.930893444795
['842646246192041985'],valence,pc,A2,0.426130416296
['943208238039920640'],valence,pc,A2,0.898930700475
['821233209107218432'],valence,pc,A2,0.158568445445
['815557023366516736'],valence,pc,A2,0.716681513541
['840555470788149248'],valence,pc,A2,0.212990309815
['818366770989907968'],valence,pc,A2,0.242718967933
['866905574822338561'],valence,pc,A2,0.585931000298
['898957436526014466'],valence,pc,A2,0.185153908007
['831967975611707392'],valence,pc,A2,0.865107104893
['852576954435993600'],valence,pc,A2,0.416319495778
['925041483568353280'],valence,pc,A2,0.399877004165
['917057431599026176'],valence,pc,A2,0.396987720537
['923249524981862400'],valence,pc,A2,0.4493724529
['886531287103791104'],valence,pc,A2,0.419508169498
['913127148994646021'],valence,pc,A2,0.488157789883
['869116348806422528'],valence,pc,A2,0.218858778738
['836997448715350020'],valence,pc,A2,0.586647449139
['826774125087633409'],valence,pc,A2,0.544970138303
['855700279915933698'],valence,pc,A2,0.244857347855
['843889130606137344'],valence,pc,A2,0.61488157035
['931428836029366274'],valence,pc,A2,0.163432969381
['911557328897544193'],valence,pc,A2,0.621965902244
['874318156629762048'],valence,pc,A2,0.566952009375
['884809675413303296'],valence,pc,A2,0.562381505944
['881112328653197312'],valence,pc,A2,0.619362130075
['941799493917437955'],valence,pc,A2,0.449297937142
['918513758036725761'],valence,pc,A2,0.878035262364
['832979409518919681'],valence,pc,A2,0.916976506753
['893852298807582720'],valence,pc,A2,0.697930389851
['902141686612193281'],valence,pc,A2,0.13621759814
['841354135349952513'],valence,pc,A2,0.399498946021
['915059102874824704'],valence,pc,A2,0.464968395422
['872197389276385280'],valence,pc,A8,0.918640739018
['906447947092647936'],valence,pc,A8,0.244800835433
['929386800522645508'],valence,pc,A8,0.85662236006
['839145863217889282'],valence,pc,A8,0.255698258916
['867703984580169730'],valence,pc,A8,0.432616206827
['845724240552824832'],valence,pc,A8,0.609929628542
['889056087009308672'],valence,pc,A8,0.426325918713
['905162052817362945'],valence,pc,A8,0.544656290808
['910900136376782848'],valence,pc,A8,0.857700533244
['901760751152623616'],valence,pc,A8,0.710328355254
['937464406115536896'],valence,pc,A8,0.268276298402
['881595365551734784'],valence,pc,A8,0.170017092162
['849011970204413952'],valence,pc,A8,0.124350346002
['837728913325436929'],valence,pc,A8,0.183292603317
['831873161750777858'],valence,pc,A8,0.576910615726
['909035573385551872'],valence,pc,A8,0.638519962545
['907637364759154689'],valence,pc,A8,0.428045417691
['902227588009132032'],valence,pc,A8,0.911429504823
['851888918207373312'],valence,pc,A8,0.564600708898
['898238119144804352'],valence,pc,A8,0.709081897521
['817801846337261568'],valence,pc,A8,0.453416272521
['830331776258154496'],valence,pc,A8,0.439573133949
['928300532124528642'],valence,pc,A8,0.420483329287
['894977549989761028'],valence,pc,A8,0.417276928069
['895773430737502209'],valence,pc,A8,0.15692275703
['883029304875069440'],valence,pc,A8,0.301899946117
['864764317597609985'],valence,pc,A8,0.191354364756
['888471355435495425'],valence,pc,A8,0.530534282243
['849654610558058496'],valence,pc,A8,0.584344962327
['830134096567341056'],valence,pc,A8,0.478709936913
['924442245297778689'],valence,pc,A8,0.838147256601
['900839107684958208'],valence,pc,A8,0.62216133107
['905505634631680000'],valence,pc,A8,0.6374213209
['926920815198662657'],valence,pc,A8,0.419321236594
['883987877922820100'],valence,pc,A8,0.472620415778
['868813502097567745'],valence,pc,A8,0.333884037912
['933639881145962498'],valence,pc,A8,0.462802458801
['883090735326793733'],valence,pc,A8,0.324218842694
['864837110527864832'],valence,pc,A8,0.166730251501
['825106228770697216'],valence,pc,A8,0.615420371213
['833266466342440960'],valence,pc,A8,0.877347881578
['883023109460242432'],valence,pc,A8,0.545698909406
['848169663716626432'],valence,pc,A8,0.898172894393
['891356324289802240'],valence,pc,A8,0.840383516124
['820002854136070144'],valence,pc,A8,0.105000216562
['868644843614031872'],valence,pc,A8,0.229335967824
['824645908784680960'],valence,pc,A8,0.613829347694
['817407111378440195'],valence,pc,A8,0.595774215848
['863364746577313792'],valence,pc,A8,0.916013263718
['824353425966190593'],valence,pc,A8,0.917391073455
['816343164676083714'],valence,pc,A8,0.88337948609
['944973370520633344'],valence,pc,A8,0.601401327633
['913759942208839681'],valence,pc,A8,0.894804432009
['905158707486629889'],valence,pc,A8,0.891744431102
['846751748672966657'],valence,pc,A8,0.814156741604
['862031016478859265'],valence,pc,A8,0.564284935198
['829085472332857344'],valence,pc,A8,0.541635543186
['836691496636145664'],valence,pc,A8,0.877742224219
['921324851658461185'],valence,pc,A8,0.509738523044
['898633930911264768'],valence,pc,A8,0.47991948322
['932714719814840320'],valence,pc,A8,0.643041120538
['819864483141193728'],valence,pc,A8,0.524491906983
['941257379060035584'],valence,pc,A8,0.45624920607
['925426206710878208'],valence,pc,A8,0.527525348058
['825837382029209601'],valence,pc,A8,0.724693543206
['827911993709514754'],valence,pc,A8,0.492901899719
['893399193737474048'],valence,pc,A8,0.234873481666
['908986176438247425'],valence,pc,A8,0.218043483514
['842646246192041985'],valence,pc,A8,0.419640751987
['943208238039920640'],valence,pc,A8,0.713989119055
['821233209107218432'],valence,pc,A8,0.245406662586
['815557023366516736'],valence,pc,A8,0.70361347526
['840555470788149248'],valence,pc,A8,0.218645113216
['818366770989907968'],valence,pc,A8,0.21106717138
['866905574822338561'],valence,pc,A8,0.91754307663
['898957436526014466'],valence,pc,A8,0.418869101707
['831967975611707392'],valence,pc,A8,0.856893245749
['852576954435993600'],valence,pc,A8,0.449888283704
['925041483568353280'],valence,pc,A8,0.871785484637
['917057431599026176'],valence,pc,A8,0.682787173588
['923249524981862400'],valence,pc,A8,0.445231782168
['886531287103791104'],valence,pc,A8,0.891631261109
['913127148994646021'],valence,pc,A8,0.247830320443
['869116348806422528'],valence,pc,A8,0.496187743744
['836997448715350020'],valence,pc,A8,0.487769689227
['826774125087633409'],valence,pc,A8,0.854619292687
['855700279915933698'],valence,pc,A8,0.261947445563
['843889130606137344'],valence,pc,A8,0.862992204887
['931428836029366274'],valence,pc,A8,0.281450406805
['911557328897544193'],valence,pc,A8,0.429198559293
['874318156629762048'],valence,pc,A8,0.591423265996
['884809675413303296'],valence,pc,A8,0.911887712856
['881112328653197312'],valence,pc,A8,0.909575974995
['941799493917437955'],valence,pc,A8,0.202376468813
['918513758036725761'],valence,pc,A8,0.846122514907
['832979409518919681'],valence,pc,A8,0.876355900573
['893852298807582720'],valence,pc,A8,0.847294178055
['902141686612193281'],valence,pc,A8,0.28527180924
['841354135349952513'],valence,pc,A8,0.492267521602
['915059102874824704'],valence,pc,A8,0.336981393142
['872197389276385280'],arousal,rs,A14,0.5
['906447947092647936'],arousal,rs,A14,0.5
['929386800522645508'],arousal,rs,A14,0.92
['839145863217889282'],arousal,rs,A14,1.0
['867703984580169730'],arousal,rs,A14,0.75
['845724240552824832'],arousal,rs,A14,0.5
['889056087009308672'],arousal,rs,A14,0.5
['905162052817362945'],arousal,rs,A14,0.9
['910900136376782848'],arousal,rs,A14,0.5
['901760751152623616'],arousal,rs,A14,0.61
['937464406115536896'],arousal,rs,A14,0.85
['881595365551734784'],arousal,rs,A14,0.5
['849011970204413952'],arousal,rs,A14,1.0
['837728913325436929'],arousal,rs,A14,1.0
['831873161750777858'],arousal,rs,A14,0.75
['909035573385551872'],arousal,rs,A14,0.5
['907637364759154689'],arousal,rs,A14,0.79
['902227588009132032'],arousal,rs,A14,0.69
['851888918207373312'],arousal,rs,A14,0.5
['898238119144804352'],arousal,rs,A14,0.5
['817801846337261568'],arousal,rs,A14,0.62
['830331776258154496'],arousal,rs,A14,0.93
['928300532124528642'],arousal,rs,A14,0.5
['894977549989761028'],arousal,rs,A14,0.95
['895773430737502209'],arousal,rs,A14,0.7
['883029304875069440'],arousal,rs,A14,0.68
['864764317597609985'],arousal,rs,A14,0.5
['888471355435495425'],arousal,rs,A14,0.66
['849654610558058496'],arousal,rs,A14,0.5
['830134096567341056'],arousal,rs,A14,1.0
['924442245297778689'],arousal,rs,A14,0.9
['900839107684958208'],arousal,rs,A14,1.0
['905505634631680000'],arousal,rs,A14,0.78
['926920815198662657'],arousal,rs,A14,0.5
['883987877922820100'],arousal,rs,A14,0.93
['868813502097567745'],arousal,rs,A14,0.5
['933639881145962498'],arousal,rs,A14,0.5
['883090735326793733'],arousal,rs,A14,0.51
['864837110527864832'],arousal,rs,A14,0.78
['825106228770697216'],arousal,rs,A14,0.88
['833266466342440960'],arousal,rs,A14,0.69
['883023109460242432'],arousal,rs,A14,0.5
['848169663716626432'],arousal,rs,A14,1.0
['891356324289802240'],arousal,rs,A14,0.73
['820002854136070144'],arousal,rs,A14,0.5
['868644843614031872'],arousal,rs,A14,0.5
['824645908784680960'],arousal,rs,A14,0.8
['817407111378440195'],arousal,rs,A14,0.83
['863364746577313792'],arousal,rs,A14,1.0
['824353425966190593'],arousal,rs,A14,0.5
['816343164676083714'],arousal,rs,A14,1.0
['944973370520633344'],arousal,rs,A14,0.5
['913759942208839681'],arousal,rs,A14,0.87
['905158707486629889'],arousal,rs,A14,0.8
['846751748672966657'],arousal,rs,A14,1.0
['862031016478859265'],arousal,rs,A14,0.5
['829085472332857344'],arousal,rs,A14,0.73
['836691496636145664'],arousal,rs,A14,0.5
['921324851658461185'],arousal,rs,A14,0.91
['898633930911264768'],arousal,rs,A14,0.74
['932714719814840320'],arousal,rs,A14,0.5
['819864483141193728'],arousal,rs,A14,0.76
['941257379060035584'],arousal,rs,A14,0.5
['925426206710878208'],arousal,rs,A14,0.5
['825837382029209601'],arousal,rs,A14,1.0
['827911993709514754'],arousal,rs,A14,0.65
['893399193737474048'],arousal,rs,A14,0.93
['908986176438247425'],arousal,rs,A14,0.9
['842646246192041985'],arousal,rs,A14,0.5
['943208238039920640'],arousal,rs,A14,0.5
['821233209107218432'],arousal,rs,A14,0.5
['815557023366516736'],arousal,rs,A14,0.9
['840555470788149248'],arousal,rs,A14,0.5
['818366770989907968'],arousal,rs,A14,0.62
['866905574822338561'],arousal,rs,A14,0.63
['898957436526014466'],arousal,rs,A14,0.93
['831967975611707392'],arousal,rs,A14,0.66
['852576954435993600'],arousal,rs,A14,0.5
['925041483568353280'],arousal,rs,A14,0.5
['917057431599026176'],arousal,rs,A14,0.78
['923249524981862400'],arousal,rs,A14,0.5
['886531287103791104'],arousal,rs,A14,0.5
['913127148994646021'],arousal,rs,A14,0.88
['869116348806422528'],arousal,rs,A14,0.5
['836997448715350020'],arousal,rs,A14,0.74
['826774125087633409'],arousal,rs,A14,0.69
['855700279915933698'],arousal,rs,A14,0.5
['843889130606137344'],arousal,rs,A14,1.0
['931428836029366274'],arousal,rs,A14,0.5
['911557328897544193'],arousal,rs,A14,0.5
['874318156629762048'],arousal,rs,A14,0.5
['884809675413303296'],arousal,rs,A14,0.5
['881112328653197312'],arousal,rs,A14,0.85
['941799493917437955'],arousal,rs,A14,0.5
['918513758036725761'],arousal,rs,A14,1.0
['832979409518919681'],arousal,rs,A14,0.86
['893852298807582720'],arousal,rs,A14,0.94
['902141686612193281'],arousal,rs,A14,0.8
['841354135349952513'],arousal,rs,A14,0.86
['915059102874824704'],arousal,rs,A14,0.5
['872197389276385280'],arousal,rs,A18,0.65
['906447947092647936'],arousal,rs,A18,0.37
['929386800522645508'],arousal,rs,A18,0.62
['839145863217889282'],arousal,rs,A18,0.61
['867703984580169730'],arousal,rs,A18,0.44
['845724240552824832'],arousal,rs,A18,0.5
['889056087009308672'],arousal,rs,A18,0.43
['905162052817362945'],arousal,rs,A18,0.56
['910900136376782848'],arousal,rs,A18,0.59
['901760751152623616'],arousal,rs,A18,0.71
['937464406115536896'],arousal,rs,A18,0.5
['881595365551734784'],arousal,rs,A18,0.37
['849011970204413952'],arousal,rs,A18,0.72
['837728913325436929'],arousal,rs,A18,0.74
['831873161750777858'],arousal,rs,A18,0.62
['909035573385551872'],arousal,rs,A18,0.65
['907637364759154689'],arousal,rs,A18,0.66
['902227588009132032'],arousal,rs,A18,0.58
['851888918207373312'],arousal,rs,A18,0.55
['898238119144804352'],arousal,rs,A18,0.66
['817801846337261568'],arousal,rs,A18,0.59
['830331776258154496'],arousal,rs,A18,0.67
['928300532124528642'],arousal,rs,A18,0.54
['894977549989761028'],arousal,rs,A18,0.58
['895773430737502209'],arousal,rs,A18,0.43
['883029304875069440'],arousal,rs,A18,0.62
['864764317597609985'],arousal,rs,A18,0.58
['888471355435495425'],arousal,rs,A18,0.59
['849654610558058496'],arousal,rs,A18,0.59
['830134096567341056'],arousal,rs,A18,0.59
['924442245297778689'],arousal,rs,A18,0.63
['900839107684958208'],arousal,rs,A18,0.78
['905505634631680000'],arousal,rs,A18,0.5
['926920815198662657'],arousal,rs,A18,0.4
['883987877922820100'],arousal,rs,A18,0.5
['868813502097567745'],arousal,rs,A18,0.5
['933639881145962498'],arousal,rs,A18,0.5
['883090735326793733'],arousal,rs,A18,0.5
['864837110527864832'],arousal,rs,A18,0.42
['825106228770697216'],arousal,rs,A18,0.6
['833266466342440960'],arousal,rs,A18,0.5
['883023109460242432'],arousal,rs,A18,0.41
['848169663716626432'],arousal,rs,A18,0.66
['891356324289802240'],arousal,rs,A18,0.65
['820002854136070144'],arousal,rs,A18,0.63
['868644843614031872'],arousal,rs,A18,0.61
['824645908784680960'],arousal,rs,A18,0.59
['817407111378440195'],arousal,rs,A18,0.62
['863364746577313792'],arousal,rs,A18,1.0
['824353425966190593'],arousal,rs,A18,0.63
['816343164676083714'],arousal,rs,A18,0.64
['944973370520633344'],arousal,rs,A18,0.5
['913759942208839681'],arousal,rs,A18,0.56
['905158707486629889'],arousal,rs,A18,0.63
['846751748672966657'],arousal,rs,A18,0.5
['862031016478859265'],arousal,rs,A18,0.6
['829085472332857344'],arousal,rs,A18,0.4
['836691496636145664'],arousal,rs,A18,0.63
['921324851658461185'],arousal,rs,A18,0.67
['898633930911264768'],arousal,rs,A18,0.5
['932714719814840320'],arousal,rs,A18,0.5
['819864483141193728'],arousal,rs,A18,0.4
['941257379060035584'],arousal,rs,A18,0.54
['925426206710878208'],arousal,rs,A18,0.55
['825837382029209601'],arousal,rs,A18,0.63
['827911993709514754'],arousal,rs,A18,0.59
['893399193737474048'],arousal,rs,A18,0.5
['908986176438247425'],arousal,rs,A18,0.61
['842646246192041985'],arousal,rs,A18,0.6
['943208238039920640'],arousal,rs,A18,0.5
['821233209107218432'],arousal,rs,A18,0.6
['815557023366516736'],arousal,rs,A18,0.58
['840555470788149248'],arousal,rs,A18,0.5
['818366770989907968'],arousal,rs,A18,0.35
['866905574822338561'],arousal,rs,A18,0.72
['898957436526014466'],arousal,rs,A18,0.59
['831967975611707392'],arousal,rs,A18,0.5
['852576954435993600'],arousal,rs,A18,0.57
['925041483568353280'],arousal,rs,A18,0.5
['917057431599026176'],arousal,rs,A18,0.39
['923249524981862400'],arousal,rs,A18,0.5
['886531287103791104'],arousal,rs,A18,0.5
['913127148994646021'],arousal,rs,A18,0.64
['869116348806422528'],arousal,rs,A18,0.79
['836997448715350020'],arousal,rs,A18,0.59
['826774125087633409'],arousal,rs,A18,0.5
['855700279915933698'],arousal,rs,A18,0.61
['843889130606137344'],arousal,rs,A18,0.68
['931428836029366274'],arousal,rs,A18,0.59
['911557328897544193'],arousal,rs,A18,0.59
['874318156629762048'],arousal,rs,A18,0.45
['884809675413303296'],arousal,rs,A18,0.64
['881112328653197312'],arousal,rs,A18,0.65
['941799493917437955'],arousal,rs,A18,0.35
['918513758036725761'],arousal,rs,A18,0.64
['832979409518919681'],arousal,rs,A18,0.61
['893852298807582720'],arousal,rs,A18,0.59
['902141686612193281'],arousal,rs,A18,0.67
['841354135349952513'],arousal,rs,A18,0.62
['915059102874824704'],arousal,rs,A18,0.5
['872197389276385280'],arousal,rs,A11,0.71
['906447947092647936'],arousal,rs,A11,0.37
['929386800522645508'],arousal,rs,A11,0.68
['839145863217889282'],arousal,rs,A11,0.78
['867703984580169730'],arousal,rs,A11,0.66
['845724240552824832'],arousal,rs,A11,0.5
['889056087009308672'],arousal,rs,A11,0.82
['905162052817362945'],arousal,rs,A11,0.5
['910900136376782848'],arousal,rs,A11,0.86
['901760751152623616'],arousal,rs,A11,0.52
['937464406115536896'],arousal,rs,A11,0.78
['881595365551734784'],arousal,rs,A11,0.62
['849011970204413952'],arousal,rs,A11,0.87
['837728913325436929'],arousal,rs,A11,0.84
['831873161750777858'],arousal,rs,A11,0.62
['909035573385551872'],arousal,rs,A11,0.76
['907637364759154689'],arousal,rs,A11,0.77
['902227588009132032'],arousal,rs,A11,0.72
['851888918207373312'],arousal,rs,A11,0.52
['898238119144804352'],arousal,rs,A11,0.9
['817801846337261568'],arousal,rs,A11,0.69
['830331776258154496'],arousal,rs,A11,0.4
['928300532124528642'],arousal,rs,A11,0.5
['894977549989761028'],arousal,rs,A11,0.83
['895773430737502209'],arousal,rs,A11,0.55
['883029304875069440'],arousal,rs,A11,0.5
['864764317597609985'],arousal,rs,A11,0.52
['888471355435495425'],arousal,rs,A11,0.76
['849654610558058496'],arousal,rs,A11,0.5
['830134096567341056'],arousal,rs,A11,0.61
['924442245297778689'],arousal,rs,A11,0.95
['900839107684958208'],arousal,rs,A11,1.0
['905505634631680000'],arousal,rs,A11,0.79
['926920815198662657'],arousal,rs,A11,0.45
['883987877922820100'],arousal,rs,A11,0.68
['868813502097567745'],arousal,rs,A11,0.57
['933639881145962498'],arousal,rs,A11,0.32
['883090735326793733'],arousal,rs,A11,0.69
['864837110527864832'],arousal,rs,A11,0.74
['825106228770697216'],arousal,rs,A11,0.8
['833266466342440960'],arousal,rs,A11,0.82
['883023109460242432'],arousal,rs,A11,0.55
['848169663716626432'],arousal,rs,A11,0.68
['891356324289802240'],arousal,rs,A11,0.89
['820002854136070144'],arousal,rs,A11,0.5
['868644843614031872'],arousal,rs,A11,0.63
['824645908784680960'],arousal,rs,A11,0.66
['817407111378440195'],arousal,rs,A11,0.68
['863364746577313792'],arousal,rs,A11,0.89
['824353425966190593'],arousal,rs,A11,0.8
['816343164676083714'],arousal,rs,A11,0.72
['944973370520633344'],arousal,rs,A11,0.38
['913759942208839681'],arousal,rs,A11,0.76
['905158707486629889'],arousal,rs,A11,0.88
['846751748672966657'],arousal,rs,A11,0.53
['862031016478859265'],arousal,rs,A11,0.92
['829085472332857344'],arousal,rs,A11,0.69
['836691496636145664'],arousal,rs,A11,0.7
['921324851658461185'],arousal,rs,A11,0.78
['898633930911264768'],arousal,rs,A11,0.74
['932714719814840320'],arousal,rs,A11,0.74
['819864483141193728'],arousal,rs,A11,0.5
['941257379060035584'],arousal,rs,A11,0.52
['925426206710878208'],arousal,rs,A11,0.76
['825837382029209601'],arousal,rs,A11,0.86
['827911993709514754'],arousal,rs,A11,0.68
['893399193737474048'],arousal,rs,A11,0.88
['908986176438247425'],arousal,rs,A11,0.78
['842646246192041985'],arousal,rs,A11,0.56
['943208238039920640'],arousal,rs,A11,0.66
['821233209107218432'],arousal,rs,A11,0.29
['815557023366516736'],arousal,rs,A11,0.76
['840555470788149248'],arousal,rs,A11,1.0
['818366770989907968'],arousal,rs,A11,0.29
['866905574822338561'],arousal,rs,A11,0.78
['898957436526014466'],arousal,rs,A11,0.59
['831967975611707392'],arousal,rs,A11,0.63
['852576954435993600'],arousal,rs,A11,0.46
['925041483568353280'],arousal,rs,A11,0.88
['917057431599026176'],arousal,rs,A11,0.65
['923249524981862400'],arousal,rs,A11,0.79
['886531287103791104'],arousal,rs,A11,0.83
['913127148994646021'],arousal,rs,A11,0.84
['869116348806422528'],arousal,rs,A11,0.85
['836997448715350020'],arousal,rs,A11,0.73
['826774125087633409'],arousal,rs,A11,0.85
['855700279915933698'],arousal,rs,A11,0.9
['843889130606137344'],arousal,rs,A11,0.53
['931428836029366274'],arousal,rs,A11,0.71
['911557328897544193'],arousal,rs,A11,0.87
['874318156629762048'],arousal,rs,A11,0.78
['884809675413303296'],arousal,rs,A11,0.84
['881112328653197312'],arousal,rs,A11,0.8
['941799493917437955'],arousal,rs,A11,0.38
['918513758036725761'],arousal,rs,A11,0.76
['832979409518919681'],arousal,rs,A11,0.82
['893852298807582720'],arousal,rs,A11,0.87
['902141686612193281'],arousal,rs,A11,0.41
['841354135349952513'],arousal,rs,A11,0.71
['915059102874824704'],arousal,rs,A11,0.84
['872197389276385280'],arousal,rs,A9,0.61
['906447947092647936'],arousal,rs,A9,0.77
['929386800522645508'],arousal,rs,A9,0.85
['839145863217889282'],arousal,rs,A9,0.97
['867703984580169730'],arousal,rs,A9,0.81
['845724240552824832'],arousal,rs,A9,0.5
['889056087009308672'],arousal,rs,A9,0.7
['905162052817362945'],arousal,rs,A9,0.5
['910900136376782848'],arousal,rs,A9,0.66
['901760751152623616'],arousal,rs,A9,0.39
['937464406115536896'],arousal,rs,A9,0.88
['881595365551734784'],arousal,rs,A9,0.5
['849011970204413952'],arousal,rs,A9,0.91
['837728913325436929'],arousal,rs,A9,0.82
['831873161750777858'],arousal,rs,A9,0.77
['909035573385551872'],arousal,rs,A9,0.61
['907637364759154689'],arousal,rs,A9,0.6
['902227588009132032'],arousal,rs,A9,0.5
['851888918207373312'],arousal,rs,A9,0.5
['898238119144804352'],arousal,rs,A9,0.66
['817801846337261568'],arousal,rs,A9,0.82
['830331776258154496'],arousal,rs,A9,0.86
['928300532124528642'],arousal,rs,A9,0.5
['894977549989761028'],arousal,rs,A9,0.63
['895773430737502209'],arousal,rs,A9,0.5
['883029304875069440'],arousal,rs,A9,0.5
['864764317597609985'],arousal,rs,A9,0.5
['888471355435495425'],arousal,rs,A9,0.63
['849654610558058496'],arousal,rs,A9,0.79
['830134096567341056'],arousal,rs,A9,0.35
['924442245297778689'],arousal,rs,A9,0.74
['900839107684958208'],arousal,rs,A9,0.87
['905505634631680000'],arousal,rs,A9,0.81
['926920815198662657'],arousal,rs,A9,0.5
['883987877922820100'],arousal,rs,A9,0.5
['868813502097567745'],arousal,rs,A9,0.69
['933639881145962498'],arousal,rs,A9,0.5
['883090735326793733'],arousal,rs,A9,0.62
['864837110527864832'],arousal,rs,A9,0.41
['825106228770697216'],arousal,rs,A9,0.64
['833266466342440960'],arousal,rs,A9,0.67
['883023109460242432'],arousal,rs,A9,0.5
['848169663716626432'],arousal,rs,A9,0.83
['891356324289802240'],arousal,rs,A9,0.62
['820002854136070144'],arousal,rs,A9,0.59
['868644843614031872'],arousal,rs,A9,0.66
['824645908784680960'],arousal,rs,A9,0.5
['817407111378440195'],arousal,rs,A9,0.75
['863364746577313792'],arousal,rs,A9,0.87
['824353425966190593'],arousal,rs,A9,0.64
['816343164676083714'],arousal,rs,A9,0.71
['944973370520633344'],arousal,rs,A9,0.5
['913759942208839681'],arousal,rs,A9,0.68
['905158707486629889'],arousal,rs,A9,0.89
['846751748672966657'],arousal,rs,A9,0.72
['862031016478859265'],arousal,rs,A9,0.55
['829085472332857344'],arousal,rs,A9,0.75
['836691496636145664'],arousal,rs,A9,0.5
['921324851658461185'],arousal,rs,A9,0.74
['898633930911264768'],arousal,rs,A9,0.5
['932714719814840320'],arousal,rs,A9,0.5
['819864483141193728'],arousal,rs,A9,0.63
['941257379060035584'],arousal,rs,A9,0.71
['925426206710878208'],arousal,rs,A9,0.5
['825837382029209601'],arousal,rs,A9,0.68
['827911993709514754'],arousal,rs,A9,0.8
['893399193737474048'],arousal,rs,A9,0.76
['908986176438247425'],arousal,rs,A9,0.65
['842646246192041985'],arousal,rs,A9,0.65
['943208238039920640'],arousal,rs,A9,0.75
['821233209107218432'],arousal,rs,A9,0.76
['815557023366516736'],arousal,rs,A9,0.79
['840555470788149248'],arousal,rs,A9,0.71
['818366770989907968'],arousal,rs,A9,0.62
['866905574822338561'],arousal,rs,A9,0.5
['898957436526014466'],arousal,rs,A9,0.5
['831967975611707392'],arousal,rs,A9,0.73
['852576954435993600'],arousal,rs,A9,0.55
['925041483568353280'],arousal,rs,A9,0.5
['917057431599026176'],arousal,rs,A9,0.76
['923249524981862400'],arousal,rs,A9,0.5
['886531287103791104'],arousal,rs,A9,0.5
['913127148994646021'],arousal,rs,A9,0.83
['869116348806422528'],arousal,rs,A9,0.77
['836997448715350020'],arousal,rs,A9,0.61
['826774125087633409'],arousal,rs,A9,0.5
['855700279915933698'],arousal,rs,A9,0.5
['843889130606137344'],arousal,rs,A9,0.78
['931428836029366274'],arousal,rs,A9,0.7
['911557328897544193'],arousal,rs,A9,0.59
['874318156629762048'],arousal,rs,A9,0.5
['884809675413303296'],arousal,rs,A9,0.63
['881112328653197312'],arousal,rs,A9,0.61
['941799493917437955'],arousal,rs,A9,0.6
['918513758036725761'],arousal,rs,A9,0.81
['832979409518919681'],arousal,rs,A9,0.59
['893852298807582720'],arousal,rs,A9,0.59
['902141686612193281'],arousal,rs,A9,0.79
['841354135349952513'],arousal,rs,A9,0.84
['915059102874824704'],arousal,rs,A9,0.5
['872197389276385280'],arousal,rs,A4,0.84
['906447947092647936'],arousal,rs,A4,0.5
['929386800522645508'],arousal,rs,A4,0.33
['839145863217889282'],arousal,rs,A4,0.5
['867703984580169730'],arousal,rs,A4,0.5
['845724240552824832'],arousal,rs,A4,0.5
['889056087009308672'],arousal,rs,A4,0.29
['905162052817362945'],arousal,rs,A4,0.5
['910900136376782848'],arousal,rs,A4,0.74
['901760751152623616'],arousal,rs,A4,0.5
['937464406115536896'],arousal,rs,A4,0.5
['881595365551734784'],arousal,rs,A4,0.38
['849011970204413952'],arousal,rs,A4,0.71
['837728913325436929'],arousal,rs,A4,0.65
['831873161750777858'],arousal,rs,A4,0.61
['909035573385551872'],arousal,rs,A4,0.67
['907637364759154689'],arousal,rs,A4,0.63
['902227588009132032'],arousal,rs,A4,0.71
['851888918207373312'],arousal,rs,A4,0.5
['898238119144804352'],arousal,rs,A4,0.5
['817801846337261568'],arousal,rs,A4,0.66
['830331776258154496'],arousal,rs,A4,0.72
['928300532124528642'],arousal,rs,A4,0.5
['894977549989761028'],arousal,rs,A4,0.5
['895773430737502209'],arousal,rs,A4,0.29
['883029304875069440'],arousal,rs,A4,0.62
['864764317597609985'],arousal,rs,A4,0.57
['888471355435495425'],arousal,rs,A4,0.7
['849654610558058496'],arousal,rs,A4,0.65
['830134096567341056'],arousal,rs,A4,0.5
['924442245297778689'],arousal,rs,A4,0.5
['900839107684958208'],arousal,rs,A4,0.9
['905505634631680000'],arousal,rs,A4,0.7
['926920815198662657'],arousal,rs,A4,0.39
['883987877922820100'],arousal,rs,A4,0.5
['868813502097567745'],arousal,rs,A4,0.5
['933639881145962498'],arousal,rs,A4,0.47
['883090735326793733'],arousal,rs,A4,0.65
['864837110527864832'],arousal,rs,A4,0.34
['825106228770697216'],arousal,rs,A4,0.82
['833266466342440960'],arousal,rs,A4,0.33
['883023109460242432'],arousal,rs,A4,0.35
['848169663716626432'],arousal,rs,A4,0.77
['891356324289802240'],arousal,rs,A4,0.73
['820002854136070144'],arousal,rs,A4,0.2
['868644843614031872'],arousal,rs,A4,0.35
['824645908784680960'],arousal,rs,A4,0.65
['817407111378440195'],arousal,rs,A4,0.78
['863364746577313792'],arousal,rs,A4,0.76
['824353425966190593'],arousal,rs,A4,0.3
['816343164676083714'],arousal,rs,A4,0.5
['944973370520633344'],arousal,rs,A4,0.62
['913759942208839681'],arousal,rs,A4,0.64
['905158707486629889'],arousal,rs,A4,0.76
['846751748672966657'],arousal,rs,A4,0.29
['862031016478859265'],arousal,rs,A4,0.5
['829085472332857344'],arousal,rs,A4,0.7
['836691496636145664'],arousal,rs,A4,0.45
['921324851658461185'],arousal,rs,A4,0.3
['898633930911264768'],arousal,rs,A4,0.69
['932714719814840320'],arousal,rs,A4,0.5
['819864483141193728'],arousal,rs,A4,0.34
['941257379060035584'],arousal,rs,A4,0.5
['925426206710878208'],arousal,rs,A4,0.5
['825837382029209601'],arousal,rs,A4,0.81
['827911993709514754'],arousal,rs,A4,0.87
['893399193737474048'],arousal,rs,A4,0.69
['908986176438247425'],arousal,rs,A4,0.62
['842646246192041985'],arousal,rs,A4,0.23
['943208238039920640'],arousal,rs,A4,0.5
['821233209107218432'],arousal,rs,A4,0.43
['815557023366516736'],arousal,rs,A4,0.6
['840555470788149248'],arousal,rs,A4,0.5
['818366770989907968'],arousal,rs,A4,0.1
['866905574822338561'],arousal,rs,A4,0.7
['898957436526014466'],arousal,rs,A4,0.66
['831967975611707392'],arousal,rs,A4,0.6
['852576954435993600'],arousal,rs,A4,0.5
['925041483568353280'],arousal,rs,A4,0.5
['917057431599026176'],arousal,rs,A4,0.5
['923249524981862400'],arousal,rs,A4,0.5
['886531287103791104'],arousal,rs,A4,0.5
['913127148994646021'],arousal,rs,A4,0.65
['869116348806422528'],arousal,rs,A4,0.5
['836997448715350020'],arousal,rs,A4,0.5
['826774125087633409'],arousal,rs,A4,0.5
['855700279915933698'],arousal,rs,A4,0.5
['843889130606137344'],arousal,rs,A4,0.6
['931428836029366274'],arousal,rs,A4,0.71
['911557328897544193'],arousal,rs,A4,0.5
['874318156629762048'],arousal,rs,A4,0.5
['884809675413303296'],arousal,rs,A4,0.5
['881112328653197312'],arousal,rs,A4,0.69
['941799493917437955'],arousal,rs,A4,0.35
['918513758036725761'],arousal,rs,A4,0.72
['832979409518919681'],arousal,rs,A4,0.7
['893852298807582720'],arousal,rs,A4,0.39
['902141686612193281'],arousal,rs,A4,0.82
['841354135349952513'],arousal,rs,A4,0.35
['915059102874824704'],arousal,rs,A4,0.5
['872197389276385280'],arousal,rs,A1,0.78
['906447947092647936'],arousal,rs,A1,0.71
['929386800522645508'],arousal,rs,A1,0.83
['839145863217889282'],arousal,rs,A1,0.61
['867703984580169730'],arousal,rs,A1,0.6
['845724240552824832'],arousal,rs,A1,0.5
['889056087009308672'],arousal,rs,A1,0.5
['905162052817362945'],arousal,rs,A1,0.37
['910900136376782848'],arousal,rs,A1,0.67
['901760751152623616'],arousal,rs,A1,0.5
['937464406115536896'],arousal,rs,A1,0.67
['881595365551734784'],arousal,rs,A1,0.62
['849011970204413952'],arousal,rs,A1,0.66
['837728913325436929'],arousal,rs,A1,0.82
['831873161750777858'],arousal,rs,A1,0.58
['909035573385551872'],arousal,rs,A1,0.63
['907637364759154689'],arousal,rs,A1,0.69
['902227588009132032'],arousal,rs,A1,0.71
['851888918207373312'],arousal,rs,A1,0.25
['898238119144804352'],arousal,rs,A1,0.77
['817801846337261568'],arousal,rs,A1,0.6
['830331776258154496'],arousal,rs,A1,0.75
['928300532124528642'],arousal,rs,A1,0.5
['894977549989761028'],arousal,rs,A1,0.5
['895773430737502209'],arousal,rs,A1,0.32
['883029304875069440'],arousal,rs,A1,0.44
['864764317597609985'],arousal,rs,A1,0.68
['888471355435495425'],arousal,rs,A1,0.69
['849654610558058496'],arousal,rs,A1,0.4
['830134096567341056'],arousal,rs,A1,0.67
['924442245297778689'],arousal,rs,A1,0.8
['900839107684958208'],arousal,rs,A1,0.67
['905505634631680000'],arousal,rs,A1,0.36
['926920815198662657'],arousal,rs,A1,0.25
['883987877922820100'],arousal,rs,A1,0.68
['868813502097567745'],arousal,rs,A1,0.69
['933639881145962498'],arousal,rs,A1,0.5
['883090735326793733'],arousal,rs,A1,0.72
['864837110527864832'],arousal,rs,A1,0.58
['825106228770697216'],arousal,rs,A1,0.79
['833266466342440960'],arousal,rs,A1,0.68
['883023109460242432'],arousal,rs,A1,0.72
['848169663716626432'],arousal,rs,A1,0.7
['891356324289802240'],arousal,rs,A1,0.78
['820002854136070144'],arousal,rs,A1,0.5
['868644843614031872'],arousal,rs,A1,0.67
['824645908784680960'],arousal,rs,A1,0.61
['817407111378440195'],arousal,rs,A1,0.67
['863364746577313792'],arousal,rs,A1,0.74
['824353425966190593'],arousal,rs,A1,0.73
['816343164676083714'],arousal,rs,A1,0.63
['944973370520633344'],arousal,rs,A1,0.71
['913759942208839681'],arousal,rs,A1,0.5
['905158707486629889'],arousal,rs,A1,0.72
['846751748672966657'],arousal,rs,A1,0.34
['862031016478859265'],arousal,rs,A1,0.5
['829085472332857344'],arousal,rs,A1,0.65
['836691496636145664'],arousal,rs,A1,0.59
['921324851658461185'],arousal,rs,A1,0.61
['898633930911264768'],arousal,rs,A1,0.78
['932714719814840320'],arousal,rs,A1,0.27
['819864483141193728'],arousal,rs,A1,0.5
['941257379060035584'],arousal,rs,A1,0.63
['925426206710878208'],arousal,rs,A1,0.5
['825837382029209601'],arousal,rs,A1,0.73
['827911993709514754'],arousal,rs,A1,0.71
['893399193737474048'],arousal,rs,A1,0.68
['908986176438247425'],arousal,rs,A1,0.63
['842646246192041985'],arousal,rs,A1,0.78
['943208238039920640'],arousal,rs,A1,0.45
['821233209107218432'],arousal,rs,A1,0.73
['815557023366516736'],arousal,rs,A1,0.82
['840555470788149248'],arousal,rs,A1,0.5
['818366770989907968'],arousal,rs,A1,0.43
['866905574822338561'],arousal,rs,A1,0.44
['898957436526014466'],arousal,rs,A1,0.41
['831967975611707392'],arousal,rs,A1,0.72
['852576954435993600'],arousal,rs,A1,0.4
['925041483568353280'],arousal,rs,A1,0.5
['917057431599026176'],arousal,rs,A1,0.28
['923249524981862400'],arousal,rs,A1,0.68
['886531287103791104'],arousal,rs,A1,0.5
['913127148994646021'],arousal,rs,A1,0.69
['869116348806422528'],arousal,rs,A1,0.5
['836997448715350020'],arousal,rs,A1,0.62
['826774125087633409'],arousal,rs,A1,0.73
['855700279915933698'],arousal,rs,A1,0.5
['843889130606137344'],arousal,rs,A1,0.71
['931428836029366274'],arousal,rs,A1,0.5
['911557328897544193'],arousal,rs,A1,0.55
['874318156629762048'],arousal,rs,A1,0.3
['884809675413303296'],arousal,rs,A1,0.5
['881112328653197312'],arousal,rs,A1,0.8
['941799493917437955'],arousal,rs,A1,0.24
['918513758036725761'],arousal,rs,A1,0.73
['832979409518919681'],arousal,rs,A1,0.68
['893852298807582720'],arousal,rs,A1,0.74
['902141686612193281'],arousal,rs,A1,0.73
['841354135349952513'],arousal,rs,A1,0.62
['915059102874824704'],arousal,rs,A1,0.68
['872197389276385280'],arousal,bws,A7,0.672575883937
['906447947092647936'],arousal,bws,A7,0.366420681079
['929386800522645508'],arousal,bws,A7,0.83832725525
['839145863217889282'],arousal,bws,A7,0.693647303742
['867703984580169730'],arousal,bws,A7,0.658315597603
['845724240552824832'],arousal,bws,A7,0.580468419434
['889056087009308672'],arousal,bws,A7,0.230990348569
['905162052817362945'],arousal,bws,A7,0.203904928409
['910900136376782848'],arousal,bws,A7,0.480435078438
['901760751152623616'],arousal,bws,A7,0.515213249579
['937464406115536896'],arousal,bws,A7,0.643198799807
['881595365551734784'],arousal,bws,A7,0.286635853083
['849011970204413952'],arousal,bws,A7,0.600332915537
['837728913325436929'],arousal,bws,A7,0.964400135627
['831873161750777858'],arousal,bws,A7,0.630903060277
['909035573385551872'],arousal,bws,A7,0.702195336278
['907637364759154689'],arousal,bws,A7,0.71122399122
['902227588009132032'],arousal,bws,A7,0.549477795032
['851888918207373312'],arousal,bws,A7,0.317572734293
['898238119144804352'],arousal,bws,A7,0.303125791304
['817801846337261568'],arousal,bws,A7,0.270349545691
['830331776258154496'],arousal,bws,A7,0.50038361195
['928300532124528642'],arousal,bws,A7,0.36275288139
['894977549989761028'],arousal,bws,A7,0.513422170594
['895773430737502209'],arousal,bws,A7,0.251697799576
['883029304875069440'],arousal,bws,A7,0.288134378733
['864764317597609985'],arousal,bws,A7,0.304181443931
['888471355435495425'],arousal,bws,A7,0.433318437803
['849654610558058496'],arousal,bws,A7,0.421256096523
['830134096567341056'],arousal,bws,A7,0.297188841221
['924442245297778689'],arousal,bws,A7,0.759994516148
['900839107684958208'],arousal,bws,A7,0.865174578002
['905505634631680000'],arousal,bws,A7,0.753479365953
['926920815198662657'],arousal,bws,A7,0.325370251263
['883987877922820100'],arousal,bws,A7,0.420569634073
['868813502097567745'],arousal,bws,A7,0.463828655677
['933639881145962498'],arousal,bws,A7,0.0792187519739
['883090735326793733'],arousal,bws,A7,0.411422278945
['864837110527864832'],arousal,bws,A7,0.137343894851
['825106228770697216'],arousal,bws,A7,0.752849081924
['833266466342440960'],arousal,bws,A7,0.408408129153
['883023109460242432'],arousal,bws,A7,0.600097726743
['848169663716626432'],arousal,bws,A7,0.816437006935
['891356324289802240'],arousal,bws,A7,0.552541239
['820002854136070144'],arousal,bws,A7,0.0923605138765
['868644843614031872'],arousal,bws,A7,0.483336029778
['824645908784680960'],arousal,bws,A7,0.464549435177
['817407111378440195'],arousal,bws,A7,0.728991727646
['863364746577313792'],arousal,bws,A7,0.788498537857
['824353425966190593'],arousal,bws,A7,0.50566519555
['816343164676083714'],arousal,bws,A7,0.528007836481
['944973370520633344'],arousal,bws,A7,0.578320777599
['913759942208839681'],arousal,bws,A7,0.388854313054
['905158707486629889'],arousal,bws,A7,0.732736450752
['846751748672966657'],arousal,bws,A7,0.588206861994
['862031016478859265'],arousal,bws,A7,0.354531336249
['829085472332857344'],arousal,bws,A7,0.169388525104
['836691496636145664'],arousal,bws,A7,0.522575253976
['921324851658461185'],arousal,bws,A7,0.641729906095
['898633930911264768'],arousal,bws,A7,0.522949478797
['932714719814840320'],arousal,bws,A7,0.321183036038
['819864483141193728'],arousal,bws,A7,0.538035843946
['941257379060035584'],arousal,bws,A7,0.328495102109
['925426206710878208'],arousal,bws,A7,0.374243739957
['825837382029209601'],arousal,bws,A7,0.682992194513
['827911993709514754'],arousal,bws,A7,0.425108637899
['893399193737474048'],arousal,bws,A7,0.704640336061
['908986176438247425'],arousal,bws,A7,0.330368474701
['842646246192041985'],arousal,bws,A7,0.753529434654
['943208238039920640'],arousal,bws,A7,0.278980472768
['821233209107218432'],arousal,bws,A7,0.698076420752
['815557023366516736'],arousal,bws,A7,0.749759758796
['840555470788149248'],arousal,bws,A7,0.943624817202
['818366770989907968'],arousal,bws,A7,0.238698647455
['866905574822338561'],arousal,bws,A7,0.510553859338
['898957436526014466'],arousal,bws,A7,0.364400149611
['831967975611707392'],arousal,bws,A7,0.593041096853
['852576954435993600'],arousal,bws,A7,0.379756799359
['925041483568353280'],arousal,bws,A7,0.249372144814
['917057431599026176'],arousal,bws,A7,0.631567564688
['923249524981862400'],arousal,bws,A7,0.333211622662
['886531287103791104'],arousal,bws,A7,0.246329131408
['913127148994646021'],arousal,bws,A7,0.772121874085
['869116348806422528'],arousal,bws,A7,0.951001561256
['836997448715350020'],arousal,bws,A7,0.377953375644
['826774125087633409'],arousal,bws,A7,0.674729963302
['855700279915933698'],arousal,bws,A7,0.758764551044
['843889130606137344'],arousal,bws,A7,0.775057454233
['931428836029366274'],arousal,bws,A7,0.505096553311
['911557328897544193'],arousal,bws,A7,0.325583820002
['874318156629762048'],arousal,bws,A7,0.321173563156
['884809675413303296'],arousal,bws,A7,0.516329891417
['881112328653197312'],arousal,bws,A7,0.874947827626
['941799493917437955'],arousal,bws,A7,0.193815711752
['918513758036725761'],arousal,bws,A7,0.747957831081
['832979409518919681'],arousal,bws,A7,0.377980379011
['893852298807582720'],arousal,bws,A7,0.679131443663
['902141686612193281'],arousal,bws,A7,0.513342012406
['841354135349952513'],arousal,bws,A7,0.834608061033
['915059102874824704'],arousal,bws,A7,0.382216650337
['872197389276385280'],arousal,bws,A10,0.939263145447
['906447947092647936'],arousal,bws,A10,0.276448264584
['929386800522645508'],arousal,bws,A10,0.643911724737
['839145863217889282'],arousal,bws,A10,0.630540519792
['867703984580169730'],arousal,bws,A10,0.48220972985
['845724240552824832'],arousal,bws,A10,0.832252976384
['889056087009308672'],arousal,bws,A10,0.348631439044
['905162052817362945'],arousal,bws,A10,0.2225521413
['910900136376782848'],arousal,bws,A10,0.733535956281
['901760751152623616'],arousal,bws,A10,0.239828500563
['937464406115536896'],arousal,bws,A10,0.301704242471
['881595365551734784'],arousal,bws,A10,0.16534553292
['849011970204413952'],arousal,bws,A10,0.699627893992
['837728913325436929'],arousal,bws,A10,0.599925386644
['831873161750777858'],arousal,bws,A10,0.506445683145
['909035573385551872'],arousal,bws,A10,0.63598100078
['907637364759154689'],arousal,bws,A10,0.514330059226
['902227588009132032'],arousal,bws,A10,0.809944403619
['851888918207373312'],arousal,bws,A10,0.713947085241
['898238119144804352'],arousal,bws,A10,0.216860928485
['817801846337261568'],arousal,bws,A10,0.43851637168
['830331776258154496'],arousal,bws,A10,0.656313118287
['928300532124528642'],arousal,bws,A10,0.365200304729
['894977549989761028'],arousal,bws,A10,0.401040292949
['895773430737502209'],arousal,bws,A10,0.0783580781878
['883029304875069440'],arousal,bws,A10,0.39826219568
['864764317597609985'],arousal,bws,A10,0.227689489801
['888471355435495425'],arousal,bws,A10,0.636488953529
['849654610558058496'],arousal,bws,A10,0.257073322618
['830134096567341056'],arousal,bws,A10,0.530808407856
['924442245297778689'],arousal,bws,A10,0.643352089474
['900839107684958208'],arousal,bws,A10,0.947014951171
['905505634631680000'],arousal,bws,A10,0.705536489619
['926920815198662657'],arousal,bws,A10,0.193299488487
['883987877922820100'],arousal,bws,A10,0.38530549759
['868813502097567745'],arousal,bws,A10,0.861254340502
['933639881145962498'],arousal,bws,A10,0.253949295719
['883090735326793733'],arousal,bws,A10,0.446310073969
['864837110527864832'],arousal,bws,A10,0.296676431714
['825106228770697216'],arousal,bws,A10,0.673454659905
['833266466342440960'],arousal,bws,A10,0.435425995072
['883023109460242432'],arousal,bws,A10,0.534863259345
['848169663716626432'],arousal,bws,A10,0.832601834797
['891356324289802240'],arousal,bws,A10,0.295813655216
['820002854136070144'],arousal,bws,A10,0.365159521867
['868644843614031872'],arousal,bws,A10,0.470055507973
['824645908784680960'],arousal,bws,A10,0.306331032415
['817407111378440195'],arousal,bws,A10,0.848464732967
['863364746577313792'],arousal,bws,A10,0.598184317888
['824353425966190593'],arousal,bws,A10,0.245989486294
['816343164676083714'],arousal,bws,A10,0.818220815906
['944973370520633344'],arousal,bws,A10,0.353228406996
['913759942208839681'],arousal,bws,A10,0.842476794398
['905158707486629889'],arousal,bws,A10,0.595527392809
['846751748672966657'],arousal,bws,A10,0.459123439195
['862031016478859265'],arousal,bws,A10,0.506002865897
['829085472332857344'],arousal,bws,A10,0.613484653777
['836691496636145664'],arousal,bws,A10,0.273120630082
['921324851658461185'],arousal,bws,A10,0.647354518411
['898633930911264768'],arousal,bws,A10,0.342609093615
['932714719814840320'],arousal,bws,A10,0.369665241758
['819864483141193728'],arousal,bws,A10,0.645649125595
['941257379060035584'],arousal,bws,A10,0.248337414547
['925426206710878208'],arousal,bws,A10,0.18211442103
['825837382029209601'],arousal,bws,A10,0.558379943243
['827911993709514754'],arousal,bws,A10,0.441248953304
['893399193737474048'],arousal,bws,A10,0.656848553443
['908986176438247425'],arousal,bws,A10,0.268837043574
['842646246192041985'],arousal,bws,A10,0.592349541645
['943208238039920640'],arousal,bws,A10,0.833241386183
['821233209107218432'],arousal,bws,A10,0.774829249705
['815557023366516736'],arousal,bws,A10,0.656499216366
['840555470788149248'],arousal,bws,A10,0.778745101011
['818366770989907968'],arousal,bws,A10,0.494054780468
['866905574822338561'],arousal,bws,A10,0.475775101554
['898957436526014466'],arousal,bws,A10,0.306944484473
['831967975611707392'],arousal,bws,A10,0.35292233907
['852576954435993600'],arousal,bws,A10,0.459328130917
['925041483568353280'],arousal,bws,A10,0.451585278216
['917057431599026176'],arousal,bws,A10,0.842797015998
['923249524981862400'],arousal,bws,A10,0.319735801371
['886531287103791104'],arousal,bws,A10,0.428796182612
['913127148994646021'],arousal,bws,A10,0.535700281383
['869116348806422528'],arousal,bws,A10,0.619467950271
['836997448715350020'],arousal,bws,A10,0.220346762472
['826774125087633409'],arousal,bws,A10,0.499443671392
['855700279915933698'],arousal,bws,A10,0.574164809624
['843889130606137344'],arousal,bws,A10,0.830918505853
['931428836029366274'],arousal,bws,A10,0.329471632904
['911557328897544193'],arousal,bws,A10,0.413385581356
['874318156629762048'],arousal,bws,A10,0.632496618794
['884809675413303296'],arousal,bws,A10,0.640093361632
['881112328653197312'],arousal,bws,A10,0.748942148989
['941799493917437955'],arousal,bws,A10,0.334812564086
['918513758036725761'],arousal,bws,A10,0.65437323867
['832979409518919681'],arousal,bws,A10,0.453800246199
['893852298807582720'],arousal,bws,A10,0.506670508204
['902141686612193281'],arousal,bws,A10,0.794153219851
['841354135349952513'],arousal,bws,A10,0.952160885939
['915059102874824704'],arousal,bws,A10,0.459583986597
['872197389276385280'],arousal,bws,A3,0.68958672287
['906447947092647936'],arousal,bws,A3,0.618504754708
['929386800522645508'],arousal,bws,A3,0.60128944523
['839145863217889282'],arousal,bws,A3,0.724114682802
['867703984580169730'],arousal,bws,A3,0.628366875861
['845724240552824832'],arousal,bws,A3,0.613842802518
['889056087009308672'],arousal,bws,A3,0.401452199644
['905162052817362945'],arousal,bws,A3,0.292707316503
['910900136376782848'],arousal,bws,A3,0.642110676647
['901760751152623616'],arousal,bws,A3,0.481880308065
['937464406115536896'],arousal,bws,A3,0.578991112291
['881595365551734784'],arousal,bws,A3,0.415725602254
['849011970204413952'],arousal,bws,A3,0.650728469075
['837728913325436929'],arousal,bws,A3,0.606765043483
['831873161750777858'],arousal,bws,A3,0.518497558459
['909035573385551872'],arousal,bws,A3,0.586681119429
['907637364759154689'],arousal,bws,A3,0.761333303691
['902227588009132032'],arousal,bws,A3,0.570078560938
['851888918207373312'],arousal,bws,A3,0.382043243555
['898238119144804352'],arousal,bws,A3,0.565561684621
['817801846337261568'],arousal,bws,A3,0.604903257854
['830331776258154496'],arousal,bws,A3,0.461022674091
['928300532124528642'],arousal,bws,A3,0.507667111438
['894977549989761028'],arousal,bws,A3,0.367808815869
['895773430737502209'],arousal,bws,A3,0.079618340696
['883029304875069440'],arousal,bws,A3,0.384440356384
['864764317597609985'],arousal,bws,A3,0.446240060667
['888471355435495425'],arousal,bws,A3,0.52018667644
['849654610558058496'],arousal,bws,A3,0.422171455267
['830134096567341056'],arousal,bws,A3,0.435862049737
['924442245297778689'],arousal,bws,A3,0.750597073542
['900839107684958208'],arousal,bws,A3,0.82947241453
['905505634631680000'],arousal,bws,A3,0.729681249503
['926920815198662657'],arousal,bws,A3,0.163275290889
['883987877922820100'],arousal,bws,A3,0.181053175126
['868813502097567745'],arousal,bws,A3,0.602298903984
['933639881145962498'],arousal,bws,A3,0.174080082326
['883090735326793733'],arousal,bws,A3,0.499589650035
['864837110527864832'],arousal,bws,A3,0.404581420295
['825106228770697216'],arousal,bws,A3,0.628622876056
['833266466342440960'],arousal,bws,A3,0.152814689053
['883023109460242432'],arousal,bws,A3,0.594874608344
['848169663716626432'],arousal,bws,A3,0.717999688494
['891356324289802240'],arousal,bws,A3,0.254557031468
['820002854136070144'],arousal,bws,A3,0.553429914301
['868644843614031872'],arousal,bws,A3,0.471549168637
['824645908784680960'],arousal,bws,A3,0.450560089401
['817407111378440195'],arousal,bws,A3,0.813711959199
['863364746577313792'],arousal,bws,A3,0.825722058152
['824353425966190593'],arousal,bws,A3,0.583690907077
['816343164676083714'],arousal,bws,A3,0.47015146305
['944973370520633344'],arousal,bws,A3,0.493646589553
['913759942208839681'],arousal,bws,A3,0.347715137558
['905158707486629889'],arousal,bws,A3,0.820596766088
['846751748672966657'],arousal,bws,A3,0.751718606933
['862031016478859265'],arousal,bws,A3,0.441239739722
['829085472332857344'],arousal,bws,A3,0.512252034287
['836691496636145664'],arousal,bws,A3,0.450792010036
['921324851658461185'],arousal,bws,A3,0.505334067802
['898633930911264768'],arousal,bws,A3,0.604144634641
['932714719814840320'],arousal,bws,A3,0.336883222302
['819864483141193728'],arousal,bws,A3,0.273273480082
['941257379060035584'],arousal,bws,A3,0.363616834583
['925426206710878208'],arousal,bws,A3,0.290541927147
['825837382029209601'],arousal,bws,A3,0.950441120869
['827911993709514754'],arousal,bws,A3,0.711527403941
['893399193737474048'],arousal,bws,A3,0.700991241118
['908986176438247425'],arousal,bws,A3,0.20549707169
['842646246192041985'],arousal,bws,A3,0.601830702737
['943208238039920640'],arousal,bws,A3,0.318655398897
['821233209107218432'],arousal,bws,A3,0.439980343703
['815557023366516736'],arousal,bws,A3,0.791817796871
['840555470788149248'],arousal,bws,A3,0.50076523413
['818366770989907968'],arousal,bws,A3,0.304955381123
['866905574822338561'],arousal,bws,A3,0.365036911612
['898957436526014466'],arousal,bws,A3,0.354136886438
['831967975611707392'],arousal,bws,A3,0.353443031302
['852576954435993600'],arousal,bws,A3,0.525297755489
['925041483568353280'],arousal,bws,A3,0.271767553898
['917057431599026176'],arousal,bws,A3,0.337730603366
['923249524981862400'],arousal,bws,A3,0.175378319568
['886531287103791104'],arousal,bws,A3,0.221906696019
['913127148994646021'],arousal,bws,A3,0.600453355487
['869116348806422528'],arousal,bws,A3,0.421741712304
['836997448715350020'],arousal,bws,A3,0.431275672005
['826774125087633409'],arousal,bws,A3,0.612108364872
['855700279915933698'],arousal,bws,A3,0.440912763402
['843889130606137344'],arousal,bws,A3,0.68087028249
['931428836029366274'],arousal,bws,A3,0.612883438275
['911557328897544193'],arousal,bws,A3,0.426080721003
['874318156629762048'],arousal,bws,A3,0.399394028468
['884809675413303296'],arousal,bws,A3,0.7840020713
['881112328653197312'],arousal,bws,A3,0.586773404329
['941799493917437955'],arousal,bws,A3,0.382816054271
['918513758036725761'],arousal,bws,A3,0.946318934621
['832979409518919681'],arousal,bws,A3,0.507981751914
['893852298807582720'],arousal,bws,A3,0.311327852658
['902141686612193281'],arousal,bws,A3,0.631478912971
['841354135349952513'],arousal,bws,A3,0.562027367299
['915059102874824704'],arousal,bws,A3,0.488736482784
['872197389276385280'],arousal,bws,A15,0.799888093469
['906447947092647936'],arousal,bws,A15,0.525900668322
['929386800522645508'],arousal,bws,A15,0.839299290471
['839145863217889282'],arousal,bws,A15,0.616884897557
['867703984580169730'],arousal,bws,A15,0.694799007129
['845724240552824832'],arousal,bws,A15,0.602951928137
['889056087009308672'],arousal,bws,A15,0.161590472873
['905162052817362945'],arousal,bws,A15,0.090308757321
['910900136376782848'],arousal,bws,A15,0.537621299636
['901760751152623616'],arousal,bws,A15,0.680712207398
['937464406115536896'],arousal,bws,A15,0.553891883264
['881595365551734784'],arousal,bws,A15,0.439730027481
['849011970204413952'],arousal,bws,A15,0.723809990184
['837728913325436929'],arousal,bws,A15,0.955271854898
['831873161750777858'],arousal,bws,A15,0.836659551219
['909035573385551872'],arousal,bws,A15,0.367911730328
['907637364759154689'],arousal,bws,A15,0.644929858438
['902227588009132032'],arousal,bws,A15,0.448460848584
['851888918207373312'],arousal,bws,A15,0.586655271278
['898238119144804352'],arousal,bws,A15,0.541143718053
['817801846337261568'],arousal,bws,A15,0.466979265393
['830331776258154496'],arousal,bws,A15,0.437513260594
['928300532124528642'],arousal,bws,A15,0.196856183971
['894977549989761028'],arousal,bws,A15,0.422866916138
['895773430737502209'],arousal,bws,A15,0.293240528961
['883029304875069440'],arousal,bws,A15,0.532475750556
['864764317597609985'],arousal,bws,A15,0.32134192736
['888471355435495425'],arousal,bws,A15,0.376028366107
['849654610558058496'],arousal,bws,A15,0.42810639854
['830134096567341056'],arousal,bws,A15,0.592836342456
['924442245297778689'],arousal,bws,A15,0.809315386589
['900839107684958208'],arousal,bws,A15,0.952609718355
['905505634631680000'],arousal,bws,A15,0.654605213483
['926920815198662657'],arousal,bws,A15,0.228805268739
['883987877922820100'],arousal,bws,A15,0.408743814601
['868813502097567745'],arousal,bws,A15,0.661795453778
['933639881145962498'],arousal,bws,A15,0.332017391796
['883090735326793733'],arousal,bws,A15,0.423873476186
['864837110527864832'],arousal,bws,A15,0.212253970284
['825106228770697216'],arousal,bws,A15,0.61255899425
['833266466342440960'],arousal,bws,A15,0.433184320753
['883023109460242432'],arousal,bws,A15,0.586521465919
['848169663716626432'],arousal,bws,A15,0.796488640352
['891356324289802240'],arousal,bws,A15,0.61132211746
['820002854136070144'],arousal,bws,A15,0.28726804942
['868644843614031872'],arousal,bws,A15,0.428472715604
['824645908784680960'],arousal,bws,A15,0.433774094363
['817407111378440195'],arousal,bws,A15,0.788601743318
['863364746577313792'],arousal,bws,A15,0.839829058884
['824353425966190593'],arousal,bws,A15,0.400299532382
['816343164676083714'],arousal,bws,A15,0.601500326282
['944973370520633344'],arousal,bws,A15,0.515820021028
['913759942208839681'],arousal,bws,A15,0.457433638699
['905158707486629889'],arousal,bws,A15,0.827686814907
['846751748672966657'],arousal,bws,A15,0.870316564933
['862031016478859265'],arousal,bws,A15,0.338869690867
['829085472332857344'],arousal,bws,A15,0.539900448566
['836691496636145664'],arousal,bws,A15,0.419845940577
['921324851658461185'],arousal,bws,A15,0.621186051269
['898633930911264768'],arousal,bws,A15,0.665250845089
['932714719814840320'],arousal,bws,A15,0.424517735767
['819864483141193728'],arousal,bws,A15,0.53315904333
['941257379060035584'],arousal,bws,A15,0.429327723203
['925426206710878208'],arousal,bws,A15,0.181958866909
['825837382029209601'],arousal,bws,A15,0.75000580493
['827911993709514754'],arousal,bws,A15,0.569330829422
['893399193737474048'],arousal,bws,A15,0.782740630133
['908986176438247425'],arousal,bws,A15,0.497754615787
['842646246192041985'],arousal,bws,A15,0.738040242552
['943208238039920640'],arousal,bws,A15,0.0916693058035
['821233209107218432'],arousal,bws,A15,0.39771382987
['815557023366516736'],arousal,bws,A15,0.693407726967
['840555470788149248'],arousal,bws,A15,0.374137994651
['818366770989907968'],arousal,bws,A15,0.28808859987
['866905574822338561'],arousal,bws,A15,0.348209818212
['898957436526014466'],arousal,bws,A15,0.51466093233
['831967975611707392'],arousal,bws,A15,0.349114561539
['852576954435993600'],arousal,bws,A15,0.499634816022
['925041483568353280'],arousal,bws,A15,0.172862618083
['917057431599026176'],arousal,bws,A15,0.484978183854
['923249524981862400'],arousal,bws,A15,0.205900762862
['886531287103791104'],arousal,bws,A15,0.239744466179
['913127148994646021'],arousal,bws,A15,0.643760610882
['869116348806422528'],arousal,bws,A15,0.58303861128
['836997448715350020'],arousal,bws,A15,0.259078669101
['826774125087633409'],arousal,bws,A15,0.329794044445
['855700279915933698'],arousal,bws,A15,0.405789178866
['843889130606137344'],arousal,bws,A15,0.814261752191
['931428836029366274'],arousal,bws,A15,0.492438331186
['911557328897544193'],arousal,bws,A15,0.375557139542
['874318156629762048'],arousal,bws,A15,0.196529801346
['884809675413303296'],arousal,bws,A15,0.215000849071
['881112328653197312'],arousal,bws,A15,0.715034679309
['941799493917437955'],arousal,bws,A15,0.319307394817
['918513758036725761'],arousal,bws,A15,0.698472754686
['832979409518919681'],arousal,bws,A15,0.757749286479
['893852298807582720'],arousal,bws,A15,0.637417504561
['902141686612193281'],arousal,bws,A15,0.950958955872
['841354135349952513'],arousal,bws,A15,0.505050100663
['915059102874824704'],arousal,bws,A15,0.407659689961
['872197389276385280'],arousal,bws,A5,0.563707442707
['906447947092647936'],arousal,bws,A5,0.31989483059
['929386800522645508'],arousal,bws,A5,0.539950613059
['839145863217889282'],arousal,bws,A5,0.291439196139
['867703984580169730'],arousal,bws,A5,0.283124468085
['845724240552824832'],arousal,bws,A5,0.465050075493
['889056087009308672'],arousal,bws,A5,0.734555508585
['905162052817362945'],arousal,bws,A5,0.616753790213
['910900136376782848'],arousal,bws,A5,0.488578353559
['901760751152623616'],arousal,bws,A5,0.53789432526
['937464406115536896'],arousal,bws,A5,0.254991063972
['881595365551734784'],arousal,bws,A5,0.3107881802
['849011970204413952'],arousal,bws,A5,0.0810361661594
['837728913325436929'],arousal,bws,A5,0.232158449968
['831873161750777858'],arousal,bws,A5,0.284503868386
['909035573385551872'],arousal,bws,A5,0.447444067497
['907637364759154689'],arousal,bws,A5,0.506004786133
['902227588009132032'],arousal,bws,A5,0.600424187753
['851888918207373312'],arousal,bws,A5,0.501595402705
['898238119144804352'],arousal,bws,A5,0.811298983788
['817801846337261568'],arousal,bws,A5,0.576335955214
['830331776258154496'],arousal,bws,A5,0.389979009812
['928300532124528642'],arousal,bws,A5,0.684568363239
['894977549989761028'],arousal,bws,A5,0.720285555662
['895773430737502209'],arousal,bws,A5,0.51982059641
['883029304875069440'],arousal,bws,A5,0.651313975965
['864764317597609985'],arousal,bws,A5,0.518355102901
['888471355435495425'],arousal,bws,A5,0.738086661241
['849654610558058496'],arousal,bws,A5,0.374778044228
['830134096567341056'],arousal,bws,A5,0.492733873967
['924442245297778689'],arousal,bws,A5,0.567962663447
['900839107684958208'],arousal,bws,A5,0.474917228064
['905505634631680000'],arousal,bws,A5,0.377898975986
['926920815198662657'],arousal,bws,A5,0.415248601657
['883987877922820100'],arousal,bws,A5,0.626068566282
['868813502097567745'],arousal,bws,A5,0.663898911707
['933639881145962498'],arousal,bws,A5,0.747077685899
['883090735326793733'],arousal,bws,A5,0.599052925809
['864837110527864832'],arousal,bws,A5,0.522378534945
['825106228770697216'],arousal,bws,A5,0.689150179546
['833266466342440960'],arousal,bws,A5,0.660014883495
['883023109460242432'],arousal,bws,A5,0.495751134242
['848169663716626432'],arousal,bws,A5,0.272512917674
['891356324289802240'],arousal,bws,A5,0.583056424581
['820002854136070144'],arousal,bws,A5,0.514590664656
['868644843614031872'],arousal,bws,A5,0.521042073477
['824645908784680960'],arousal,bws,A5,0.816558713298
['817407111378440195'],arousal,bws,A5,0.406266551658
['863364746577313792'],arousal,bws,A5,0.514264205406
['824353425966190593'],arousal,bws,A5,0.550389467039
['816343164676083714'],arousal,bws,A5,0.57225043751
['944973370520633344'],arousal,bws,A5,0.512357022238
['913759942208839681'],arousal,bws,A5,0.509350959987
['905158707486629889'],arousal,bws,A5,0.559715147052
['846751748672966657'],arousal,bws,A5,0.489159426724
['862031016478859265'],arousal,bws,A5,0.558421007962
['829085472332857344'],arousal,bws,A5,0.621627715356
['836691496636145664'],arousal,bws,A5,0.740736772163
['921324851658461185'],arousal,bws,A5,0.154787910822
['898633930911264768'],arousal,bws,A5,0.511027596138
['932714719814840320'],arousal,bws,A5,0.560406149743
['819864483141193728'],arousal,bws,A5,0.48579203652
['941257379060035584'],arousal,bws,A5,0.491936019485
['925426206710878208'],arousal,bws,A5,0.657923989084
['825837382029209601'],arousal,bws,A5,0.415163315975
['827911993709514754'],arousal,bws,A5,0.58908733163
['893399193737474048'],arousal,bws,A5,0.256075209584
['908986176438247425'],arousal,bws,A5,0.738843973791
['842646246192041985'],arousal,bws,A5,0.345264282828
['943208238039920640'],arousal,bws,A5,0.394203772973
['821233209107218432'],arousal,bws,A5,0.25025907151
['815557023366516736'],arousal,bws,A5,0.444237398333
['840555470788149248'],arousal,bws,A5,0.583262862776
['818366770989907968'],arousal,bws,A5,0.174240197136
['866905574822338561'],arousal,bws,A5,0.454558362614
['898957436526014466'],arousal,bws,A5,0.433858536154
['831967975611707392'],arousal,bws,A5,0.744597319329
['852576954435993600'],arousal,bws,A5,0.408675473027
['925041483568353280'],arousal,bws,A5,0.663353776074
['917057431599026176'],arousal,bws,A5,0.456668036107
['923249524981862400'],arousal,bws,A5,0.713797864986
['886531287103791104'],arousal,bws,A5,0.571140291178
['913127148994646021'],arousal,bws,A5,0.946504404239
['869116348806422528'],arousal,bws,A5,0.753749651374
['836997448715350020'],arousal,bws,A5,0.226071170241
['826774125087633409'],arousal,bws,A5,0.510370492845
['855700279915933698'],arousal,bws,A5,0.369079772727
['843889130606137344'],arousal,bws,A5,0.432442720227
['931428836029366274'],arousal,bws,A5,0.362242118582
['911557328897544193'],arousal,bws,A5,0.498223415311
['874318156629762048'],arousal,bws,A5,0.591954588192
['884809675413303296'],arousal,bws,A5,0.455139940623
['881112328653197312'],arousal,bws,A5,0.467086541707
['941799493917437955'],arousal,bws,A5,0.286109860159
['918513758036725761'],arousal,bws,A5,0.564036919535
['832979409518919681'],arousal,bws,A5,0.524461092065
['893852298807582720'],arousal,bws,A5,0.578804272124
['902141686612193281'],arousal,bws,A5,0.359730245792
['841354135349952513'],arousal,bws,A5,0.197931081314
['915059102874824704'],arousal,bws,A5,0.260493494157
['872197389276385280'],arousal,bws,A17,0.480168920712
['906447947092647936'],arousal,bws,A17,0.57019910498
['929386800522645508'],arousal,bws,A17,0.812052082793
['839145863217889282'],arousal,bws,A17,0.945994029631
['867703984580169730'],arousal,bws,A17,0.757246543502
['845724240552824832'],arousal,bws,A17,0.495036829873
['889056087009308672'],arousal,bws,A17,0.29173915045
['905162052817362945'],arousal,bws,A17,0.277088108111
['910900136376782848'],arousal,bws,A17,0.702913912572
['901760751152623616'],arousal,bws,A17,0.397881575655
['937464406115536896'],arousal,bws,A17,0.403366388291
['881595365551734784'],arousal,bws,A17,0.634058585045
['849011970204413952'],arousal,bws,A17,0.584369171411
['837728913325436929'],arousal,bws,A17,0.960182163207
['831873161750777858'],arousal,bws,A17,0.631439766213
['909035573385551872'],arousal,bws,A17,0.473249192036
['907637364759154689'],arousal,bws,A17,0.541297877355
['902227588009132032'],arousal,bws,A17,0.696205250392
['851888918207373312'],arousal,bws,A17,0.301701092137
['898238119144804352'],arousal,bws,A17,0.159618550661
['817801846337261568'],arousal,bws,A17,0.499575951572
['830331776258154496'],arousal,bws,A17,0.840103532347
['928300532124528642'],arousal,bws,A17,0.41301553497
['894977549989761028'],arousal,bws,A17,0.304029181108
['895773430737502209'],arousal,bws,A17,0.274321657384
['883029304875069440'],arousal,bws,A17,0.601087262439
['864764317597609985'],arousal,bws,A17,0.232755618842
['888471355435495425'],arousal,bws,A17,0.372578377902
['849654610558058496'],arousal,bws,A17,0.35315941061
['830134096567341056'],arousal,bws,A17,0.17790529117
['924442245297778689'],arousal,bws,A17,0.801706783582
['900839107684958208'],arousal,bws,A17,0.632959181316
['905505634631680000'],arousal,bws,A17,0.532488580527
['926920815198662657'],arousal,bws,A17,0.251939521327
['883987877922820100'],arousal,bws,A17,0.633595026574
['868813502097567745'],arousal,bws,A17,0.747705551417
['933639881145962498'],arousal,bws,A17,0.0813328593438
['883090735326793733'],arousal,bws,A17,0.329081295795
['864837110527864832'],arousal,bws,A17,0.418576436241
['825106228770697216'],arousal,bws,A17,0.61627125801
['833266466342440960'],arousal,bws,A17,0.538331650088
['883023109460242432'],arousal,bws,A17,0.94572261549
['848169663716626432'],arousal,bws,A17,0.678324377273
['891356324289802240'],arousal,bws,A17,0.509492303568
['820002854136070144'],arousal,bws,A17,0.575849776689
['868644843614031872'],arousal,bws,A17,0.37751501545
['824645908784680960'],arousal,bws,A17,0.40452916564
['817407111378440195'],arousal,bws,A17,0.749924407026
['863364746577313792'],arousal,bws,A17,0.784625704028
['824353425966190593'],arousal,bws,A17,0.490152983019
['816343164676083714'],arousal,bws,A17,0.633675126169
['944973370520633344'],arousal,bws,A17,0.623470947804
['913759942208839681'],arousal,bws,A17,0.0739101898415
['905158707486629889'],arousal,bws,A17,0.746196798756
['846751748672966657'],arousal,bws,A17,0.751161281928
['862031016478859265'],arousal,bws,A17,0.357914337711
['829085472332857344'],arousal,bws,A17,0.205956212108
['836691496636145664'],arousal,bws,A17,0.374377767645
['921324851658461185'],arousal,bws,A17,0.799169849477
['898633930911264768'],arousal,bws,A17,0.527700275233
['932714719814840320'],arousal,bws,A17,0.2382433595
['819864483141193728'],arousal,bws,A17,0.432043219688
['941257379060035584'],arousal,bws,A17,0.356795397684
['925426206710878208'],arousal,bws,A17,0.325965994479
['825837382029209601'],arousal,bws,A17,0.655689847146
['827911993709514754'],arousal,bws,A17,0.515832545028
['893399193737474048'],arousal,bws,A17,0.781182689065
['908986176438247425'],arousal,bws,A17,0.412642672064
['842646246192041985'],arousal,bws,A17,0.679165989906
['943208238039920640'],arousal,bws,A17,0.403723465273
['821233209107218432'],arousal,bws,A17,0.586249454667
['815557023366516736'],arousal,bws,A17,0.681195907482
['840555470788149248'],arousal,bws,A17,0.491499236085
['818366770989907968'],arousal,bws,A17,0.618612527811
['866905574822338561'],arousal,bws,A17,0.683874334525
['898957436526014466'],arousal,bws,A17,0.0834837079043
['831967975611707392'],arousal,bws,A17,0.612325349039
['852576954435993600'],arousal,bws,A17,0.526787879635
['925041483568353280'],arousal,bws,A17,0.0836038014734
['917057431599026176'],arousal,bws,A17,0.323341556471
['923249524981862400'],arousal,bws,A17,0.323741947172
['886531287103791104'],arousal,bws,A17,0.298902710591
['913127148994646021'],arousal,bws,A17,0.802180785354
['869116348806422528'],arousal,bws,A17,0.509721460255
['836997448715350020'],arousal,bws,A17,0.377105692129
['826774125087633409'],arousal,bws,A17,0.191235131719
['855700279915933698'],arousal,bws,A17,0.489188228844
['843889130606137344'],arousal,bws,A17,0.776406630644
['931428836029366274'],arousal,bws,A17,0.6201719436
['911557328897544193'],arousal,bws,A17,0.409783648231
['874318156629762048'],arousal,bws,A17,0.208846682562
['884809675413303296'],arousal,bws,A17,0.263337909722
['881112328653197312'],arousal,bws,A17,0.608081693413
['941799493917437955'],arousal,bws,A17,0.262462492648
['918513758036725761'],arousal,bws,A17,0.827044212601
['832979409518919681'],arousal,bws,A17,0.589414630657
['893852298807582720'],arousal,bws,A17,0.527078058248
['902141686612193281'],arousal,bws,A17,0.94393805928
['841354135349952513'],arousal,bws,A17,0.530257666214
['915059102874824704'],arousal,bws,A17,0.414031235491
['872197389276385280'],arousal,pc,A13,0.916988735181
['906447947092647936'],arousal,pc,A13,0.225095183986
['929386800522645508'],arousal,pc,A13,0.856799639744
['839145863217889282'],arousal,pc,A13,0.586800022045
['867703984580169730'],arousal,pc,A13,0.656701536725
['845724240552824832'],arousal,pc,A13,0.350367166598
['889056087009308672'],arousal,pc,A13,0.231803058239
['905162052817362945'],arousal,pc,A13,0.203162062911
['910900136376782848'],arousal,pc,A13,0.355865258352
['901760751152623616'],arousal,pc,A13,0.71313987854
['937464406115536896'],arousal,pc,A13,0.197148586495
['881595365551734784'],arousal,pc,A13,0.421286268464
['849011970204413952'],arousal,pc,A13,0.424133546605
['837728913325436929'],arousal,pc,A13,0.885646925961
['831873161750777858'],arousal,pc,A13,0.540532787291
['909035573385551872'],arousal,pc,A13,0.470000344181
['907637364759154689'],arousal,pc,A13,0.658274513766
['902227588009132032'],arousal,pc,A13,0.846636691089
['851888918207373312'],arousal,pc,A13,0.125115217976
['898238119144804352'],arousal,pc,A13,0.172474826072
['817801846337261568'],arousal,pc,A13,0.567987187845
['830331776258154496'],arousal,pc,A13,0.452652758182
['928300532124528642'],arousal,pc,A13,0.176228461906
['894977549989761028'],arousal,pc,A13,0.856287702347
['895773430737502209'],arousal,pc,A13,0.589164021191
['883029304875069440'],arousal,pc,A13,0.563251125326
['864764317597609985'],arousal,pc,A13,0.463472744756
['888471355435495425'],arousal,pc,A13,0.202224496695
['849654610558058496'],arousal,pc,A13,0.175870549479
['830134096567341056'],arousal,pc,A13,0.597402309456
['924442245297778689'],arousal,pc,A13,0.865364034084
['900839107684958208'],arousal,pc,A13,0.89579764365
['905505634631680000'],arousal,pc,A13,0.417675631305
['926920815198662657'],arousal,pc,A13,0.556350412355
['883987877922820100'],arousal,pc,A13,0.413913542643
['868813502097567745'],arousal,pc,A13,0.473939200785
['933639881145962498'],arousal,pc,A13,0.221502810264
['883090735326793733'],arousal,pc,A13,0.407198150412
['864837110527864832'],arousal,pc,A13,0.226661507289
['825106228770697216'],arousal,pc,A13,0.478133506774
['833266466342440960'],arousal,pc,A13,0.461258980836
['883023109460242432'],arousal,pc,A13,0.620453866652
['848169663716626432'],arousal,pc,A13,0.903483594804
['891356324289802240'],arousal,pc,A13,0.854952199849
['820002854136070144'],arousal,pc,A13,0.189553613126
['868644843614031872'],arousal,pc,A13,0.602507660426
['824645908784680960'],arousal,pc,A13,0.399112576294
['817407111378440195'],arousal,pc,A13,0.549654449891
['863364746577313792'],arousal,pc,A13,0.894589678163
['824353425966190593'],arousal,pc,A13,0.60144138543
['816343164676083714'],arousal,pc,A13,0.907429992431
['944973370520633344'],arousal,pc,A13,0.464605865755
['913759942208839681'],arousal,pc,A13,0.595392734593
['905158707486629889'],arousal,pc,A13,0.903516774209
['846751748672966657'],arousal,pc,A13,0.529067491503
['862031016478859265'],arousal,pc,A13,0.861213584254
['829085472332857344'],arousal,pc,A13,0.395015805415
['836691496636145664'],arousal,pc,A13,0.366457916651
['921324851658461185'],arousal,pc,A13,0.206788241043
['898633930911264768'],arousal,pc,A13,0.374256557669
['932714719814840320'],arousal,pc,A13,0.690997493413
['819864483141193728'],arousal,pc,A13,0.166836949704
['941257379060035584'],arousal,pc,A13,0.637057029019
['925426206710878208'],arousal,pc,A13,0.187605187619
['825837382029209601'],arousal,pc,A13,0.718757207092
['827911993709514754'],arousal,pc,A13,0.449481358764
['893399193737474048'],arousal,pc,A13,0.385879290953
['908986176438247425'],arousal,pc,A13,0.644439977639
['842646246192041985'],arousal,pc,A13,0.822591419936
['943208238039920640'],arousal,pc,A13,0.657662746209
['821233209107218432'],arousal,pc,A13,0.404469792886
['815557023366516736'],arousal,pc,A13,0.385361653936
['840555470788149248'],arousal,pc,A13,0.388893959969
['818366770989907968'],arousal,pc,A13,0.282842831426
['866905574822338561'],arousal,pc,A13,0.88581743271
['898957436526014466'],arousal,pc,A13,0.562138318485
['831967975611707392'],arousal,pc,A13,0.821587882773
['852576954435993600'],arousal,pc,A13,0.539784399868
['925041483568353280'],arousal,pc,A13,0.580898523358
['917057431599026176'],arousal,pc,A13,0.392064578318
['923249524981862400'],arousal,pc,A13,0.271728644702
['886531287103791104'],arousal,pc,A13,0.203521519447
['913127148994646021'],arousal,pc,A13,0.676870380047
['869116348806422528'],arousal,pc,A13,0.708691089153
['836997448715350020'],arousal,pc,A13,0.855840232534
['826774125087633409'],arousal,pc,A13,0.419248284006
['855700279915933698'],arousal,pc,A13,0.594057744784
['843889130606137344'],arousal,pc,A13,0.670234712153
['931428836029366274'],arousal,pc,A13,0.19544008476
['911557328897544193'],arousal,pc,A13,0.47841866549
['874318156629762048'],arousal,pc,A13,0.560567538328
['884809675413303296'],arousal,pc,A13,0.628628446379
['881112328653197312'],arousal,pc,A13,0.919365195324
['941799493917437955'],arousal,pc,A13,0.629577245146
['918513758036725761'],arousal,pc,A13,0.848521196854
['832979409518919681'],arousal,pc,A13,0.866126504841
['893852298807582720'],arousal,pc,A13,0.887932286026
['902141686612193281'],arousal,pc,A13,0.613564757122
['841354135349952513'],arousal,pc,A13,0.197438376911
['915059102874824704'],arousal,pc,A13,0.909230831481
['872197389276385280'],arousal,pc,A16,0.8945416961
['906447947092647936'],arousal,pc,A16,0.261114357984
['929386800522645508'],arousal,pc,A16,0.932179816781
['839145863217889282'],arousal,pc,A16,0.686762329853
['867703984580169730'],arousal,pc,A16,0.485929309786
['845724240552824832'],arousal,pc,A16,0.417219068324
['889056087009308672'],arousal,pc,A16,0.407683434728
['905162052817362945'],arousal,pc,A16,0.142905067096
['910900136376782848'],arousal,pc,A16,0.565441372452
['901760751152623616'],arousal,pc,A16,0.658674175965
['937464406115536896'],arousal,pc,A16,0.430462704885
['881595365551734784'],arousal,pc,A16,0.146585912433
['849011970204413952'],arousal,pc,A16,0.881669090862
['837728913325436929'],arousal,pc,A16,0.840177593073
['831873161750777858'],arousal,pc,A16,0.438843962042
['909035573385551872'],arousal,pc,A16,0.663084435799
['907637364759154689'],arousal,pc,A16,0.852561711871
['902227588009132032'],arousal,pc,A16,0.629889402693
['851888918207373312'],arousal,pc,A16,0.239223891886
['898238119144804352'],arousal,pc,A16,0.447452368392
['817801846337261568'],arousal,pc,A16,0.409523631553
['830331776258154496'],arousal,pc,A16,0.207872697928
['928300532124528642'],arousal,pc,A16,0.16850469989
['894977549989761028'],arousal,pc,A16,0.461167396608
['895773430737502209'],arousal,pc,A16,0.17752215907
['883029304875069440'],arousal,pc,A16,0.53724784473
['864764317597609985'],arousal,pc,A16,0.41001866889
['888471355435495425'],arousal,pc,A16,0.872425272063
['849654610558058496'],arousal,pc,A16,0.232038595422
['830134096567341056'],arousal,pc,A16,0.196767121785
['924442245297778689'],arousal,pc,A16,0.900582044957
['900839107684958208'],arousal,pc,A16,0.659288572312
['905505634631680000'],arousal,pc,A16,0.712818406163
['926920815198662657'],arousal,pc,A16,0.428781908725
['883987877922820100'],arousal,pc,A16,0.210291396308
['868813502097567745'],arousal,pc,A16,0.470351989337
['933639881145962498'],arousal,pc,A16,0.200450283587
['883090735326793733'],arousal,pc,A16,0.381955831933
['864837110527864832'],arousal,pc,A16,0.248874460129
['825106228770697216'],arousal,pc,A16,0.910775339912
['833266466342440960'],arousal,pc,A16,0.506498909088
['883023109460242432'],arousal,pc,A16,0.88247243201
['848169663716626432'],arousal,pc,A16,0.857875158574
['891356324289802240'],arousal,pc,A16,0.862152736794
['820002854136070144'],arousal,pc,A16,0.219600642028
['868644843614031872'],arousal,pc,A16,0.440023729727
['824645908784680960'],arousal,pc,A16,0.586229709757
['817407111378440195'],arousal,pc,A16,0.636978215898
['863364746577313792'],arousal,pc,A16,0.881373607504
['824353425966190593'],arousal,pc,A16,0.230266969133
['816343164676083714'],arousal,pc,A16,0.855712879807
['944973370520633344'],arousal,pc,A16,0.871044997507
['913759942208839681'],arousal,pc,A16,0.371235523961
['905158707486629889'],arousal,pc,A16,0.887260220562
['846751748672966657'],arousal,pc,A16,0.808132640215
['862031016478859265'],arousal,pc,A16,0.646319344777
['829085472332857344'],arousal,pc,A16,0.8250674921
['836691496636145664'],arousal,pc,A16,0.424183421716
['921324851658461185'],arousal,pc,A16,0.249080546044
['898633930911264768'],arousal,pc,A16,0.902260218535
['932714719814840320'],arousal,pc,A16,0.206090360458
['819864483141193728'],arousal,pc,A16,0.502279143374
['941257379060035584'],arousal,pc,A16,0.545988634663
['925426206710878208'],arousal,pc,A16,0.247522520552
['825837382029209601'],arousal,pc,A16,0.69875811825
['827911993709514754'],arousal,pc,A16,0.228625828366
['893399193737474048'],arousal,pc,A16,0.588877735367
['908986176438247425'],arousal,pc,A16,0.711154122219
['842646246192041985'],arousal,pc,A16,0.837421251045
['943208238039920640'],arousal,pc,A16,0.67913666191
['821233209107218432'],arousal,pc,A16,0.698730392155
['815557023366516736'],arousal,pc,A16,0.669097149877
['840555470788149248'],arousal,pc,A16,0.476727565809
['818366770989907968'],arousal,pc,A16,0.211554396125
['866905574822338561'],arousal,pc,A16,0.928388701004
['898957436526014466'],arousal,pc,A16,0.638006001183
['831967975611707392'],arousal,pc,A16,0.657061917714
['852576954435993600'],arousal,pc,A16,0.251514808144
['925041483568353280'],arousal,pc,A16,0.550885964708
['917057431599026176'],arousal,pc,A16,0.638351046394
['923249524981862400'],arousal,pc,A16,0.22024109664
['886531287103791104'],arousal,pc,A16,0.161788389468
['913127148994646021'],arousal,pc,A16,0.375697241465
['869116348806422528'],arousal,pc,A16,0.399322308261
['836997448715350020'],arousal,pc,A16,0.918168270633
['826774125087633409'],arousal,pc,A16,0.308894109609
['855700279915933698'],arousal,pc,A16,0.562274242779
['843889130606137344'],arousal,pc,A16,0.869730038143
['931428836029366274'],arousal,pc,A16,0.250242339685
['911557328897544193'],arousal,pc,A16,0.515824933806
['874318156629762048'],arousal,pc,A16,0.537387912034
['884809675413303296'],arousal,pc,A16,0.565444319372
['881112328653197312'],arousal,pc,A16,0.612181885008
['941799493917437955'],arousal,pc,A16,0.707289442324
['918513758036725761'],arousal,pc,A16,0.839173307021
['832979409518919681'],arousal,pc,A16,0.899131468115
['893852298807582720'],arousal,pc,A16,0.93342032483
['902141686612193281'],arousal,pc,A16,0.692960847442
['841354135349952513'],arousal,pc,A16,0.213895066009
['915059102874824704'],arousal,pc,A16,0.336296522323
['872197389276385280'],arousal,pc,A6,0.481769121431
['906447947092647936'],arousal,pc,A6,0.597985308233
['929386800522645508'],arousal,pc,A6,0.850887791091
['839145863217889282'],arousal,pc,A6,0.922198810689
['867703984580169730'],arousal,pc,A6,0.476436106151
['845724240552824832'],arousal,pc,A6,0.896909936929
['889056087009308672'],arousal,pc,A6,0.57367120763
['905162052817362945'],arousal,pc,A6,0.223327494344
['910900136376782848'],arousal,pc,A6,0.435847472186
['901760751152623616'],arousal,pc,A6,0.614747454742
['937464406115536896'],arousal,pc,A6,0.188862502817
['881595365551734784'],arousal,pc,A6,0.463978282827
['849011970204413952'],arousal,pc,A6,0.891573239128
['837728913325436929'],arousal,pc,A6,0.835161696663
['831873161750777858'],arousal,pc,A6,0.167260818875
['909035573385551872'],arousal,pc,A6,0.589283560093
['907637364759154689'],arousal,pc,A6,0.847209208129
['902227588009132032'],arousal,pc,A6,0.89330008058
['851888918207373312'],arousal,pc,A6,0.673048510581
['898238119144804352'],arousal,pc,A6,0.501764038033
['817801846337261568'],arousal,pc,A6,0.204029343728
['830331776258154496'],arousal,pc,A6,0.402242196902
['928300532124528642'],arousal,pc,A6,0.608613787474
['894977549989761028'],arousal,pc,A6,0.541309312999
['895773430737502209'],arousal,pc,A6,0.416010679219
['883029304875069440'],arousal,pc,A6,0.209923329051
['864764317597609985'],arousal,pc,A6,0.475735183512
['888471355435495425'],arousal,pc,A6,0.193838399104
['849654610558058496'],arousal,pc,A6,0.400610966213
['830134096567341056'],arousal,pc,A6,0.408826844966
['924442245297778689'],arousal,pc,A6,0.513493242277
['900839107684958208'],arousal,pc,A6,0.917639303924
['905505634631680000'],arousal,pc,A6,0.697242880131
['926920815198662657'],arousal,pc,A6,0.735645153814
['883987877922820100'],arousal,pc,A6,0.655366775889
['868813502097567745'],arousal,pc,A6,0.606283046372
['933639881145962498'],arousal,pc,A6,0.192549733253
['883090735326793733'],arousal,pc,A6,0.667251462446
['864837110527864832'],arousal,pc,A6,0.415860950911
['825106228770697216'],arousal,pc,A6,0.670739198866
['833266466342440960'],arousal,pc,A6,0.543901553302
['883023109460242432'],arousal,pc,A6,0.201014664833
['848169663716626432'],arousal,pc,A6,0.917937772659
['891356324289802240'],arousal,pc,A6,0.420154913155
['820002854136070144'],arousal,pc,A6,0.260263544218
['868644843614031872'],arousal,pc,A6,0.35629394958
['824645908784680960'],arousal,pc,A6,0.415249727067
['817407111378440195'],arousal,pc,A6,0.184499741725
['863364746577313792'],arousal,pc,A6,0.736660715861
['824353425966190593'],arousal,pc,A6,0.240148746076
['816343164676083714'],arousal,pc,A6,0.522303989168
['944973370520633344'],arousal,pc,A6,0.5047838934
['913759942208839681'],arousal,pc,A6,0.855810074508
['905158707486629889'],arousal,pc,A6,0.539592300859
['846751748672966657'],arousal,pc,A6,0.33922751674
['862031016478859265'],arousal,pc,A6,0.638300225596
['829085472332857344'],arousal,pc,A6,0.653442986828
['836691496636145664'],arousal,pc,A6,0.601886318744
['921324851658461185'],arousal,pc,A6,0.84352579565
['898633930911264768'],arousal,pc,A6,0.864636111183
['932714719814840320'],arousal,pc,A6,0.19373611843
['819864483141193728'],arousal,pc,A6,0.414458265072
['941257379060035584'],arousal,pc,A6,0.538472393133
['925426206710878208'],arousal,pc,A6,0.157466094052
['825837382029209601'],arousal,pc,A6,0.590403458032
['827911993709514754'],arousal,pc,A6,0.713271320292
['893399193737474048'],arousal,pc,A6,0.66421125056
['908986176438247425'],arousal,pc,A6,0.673093528253
['842646246192041985'],arousal,pc,A6,0.564687123889
['943208238039920640'],arousal,pc,A6,0.411546293373
['821233209107218432'],arousal,pc,A6,0.517846329455
['815557023366516736'],arousal,pc,A6,0.891656845012
['840555470788149248'],arousal,pc,A6,0.874785222568
['818366770989907968'],arousal,pc,A6,0.197147886046
['866905574822338561'],arousal,pc,A6,0.466143283325
['898957436526014466'],arousal,pc,A6,0.154101725708
['831967975611707392'],arousal,pc,A6,0.858159981037
['852576954435993600'],arousal,pc,A6,0.533896482893
['925041483568353280'],arousal,pc,A6,0.379961567015
['917057431599026176'],arousal,pc,A6,0.810338578605
['923249524981862400'],arousal,pc,A6,0.262865323271
['886531287103791104'],arousal,pc,A6,0.378393518861
['913127148994646021'],arousal,pc,A6,0.204657877407
['869116348806422528'],arousal,pc,A6,0.917256866708
['836997448715350020'],arousal,pc,A6,0.489218263673
['826774125087633409'],arousal,pc,A6,0.867373615035
['855700279915933698'],arousal,pc,A6,0.838632584863
['843889130606137344'],arousal,pc,A6,0.493221879762
['931428836029366274'],arousal,pc,A6,0.246329699901
['911557328897544193'],arousal,pc,A6,0.19625216755
['874318156629762048'],arousal,pc,A6,0.332593606305
['884809675413303296'],arousal,pc,A6,0.515787550368
['881112328653197312'],arousal,pc,A6,0.694783022459
['941799493917437955'],arousal,pc,A6,0.446290686976
['918513758036725761'],arousal,pc,A6,0.428769495866
['832979409518919681'],arousal,pc,A6,0.627338270773
['893852298807582720'],arousal,pc,A6,0.425314197433
['902141686612193281'],arousal,pc,A6,0.877324873627
['841354135349952513'],arousal,pc,A6,0.868895421695
['915059102874824704'],arousal,pc,A6,0.285626603892
['872197389276385280'],arousal,pc,A12,0.260609328303
['906447947092647936'],arousal,pc,A12,0.447544343085
['929386800522645508'],arousal,pc,A12,0.878251440422
['839145863217889282'],arousal,pc,A12,0.876130242705
['867703984580169730'],arousal,pc,A12,0.443113602996
['845724240552824832'],arousal,pc,A12,0.870938823073
['889056087009308672'],arousal,pc,A12,0.140229487737
['905162052817362945'],arousal,pc,A12,0.45861742195
['910900136376782848'],arousal,pc,A12,0.473435261666
['901760751152623616'],arousal,pc,A12,0.647360632483
['937464406115536896'],arousal,pc,A12,0.577221029697
['881595365551734784'],arousal,pc,A12,0.43319904634
['849011970204413952'],arousal,pc,A12,0.913475359269
['837728913325436929'],arousal,pc,A12,0.600926649925
['831873161750777858'],arousal,pc,A12,0.547472666058
['909035573385551872'],arousal,pc,A12,0.418983503635
['907637364759154689'],arousal,pc,A12,0.562975051796
['902227588009132032'],arousal,pc,A12,0.480258393262
['851888918207373312'],arousal,pc,A12,0.556745857884
['898238119144804352'],arousal,pc,A12,0.363765694099
['817801846337261568'],arousal,pc,A12,0.172429691347
['830331776258154496'],arousal,pc,A12,0.361315821618
['928300532124528642'],arousal,pc,A12,0.446484081424
['894977549989761028'],arousal,pc,A12,0.5448774727
['895773430737502209'],arousal,pc,A12,0.452732225576
['883029304875069440'],arousal,pc,A12,0.249412291885
['864764317597609985'],arousal,pc,A12,0.225332668005
['888471355435495425'],arousal,pc,A12,0.405376193589
['849654610558058496'],arousal,pc,A12,0.426892856976
['830134096567341056'],arousal,pc,A12,0.472104479915
['924442245297778689'],arousal,pc,A12,0.83890153354
['900839107684958208'],arousal,pc,A12,0.539510649554
['905505634631680000'],arousal,pc,A12,0.722470543496
['926920815198662657'],arousal,pc,A12,0.472776731865
['883987877922820100'],arousal,pc,A12,0.444568880707
['868813502097567745'],arousal,pc,A12,0.543338741389
['933639881145962498'],arousal,pc,A12,0.213433152385
['883090735326793733'],arousal,pc,A12,0.546983808008
['864837110527864832'],arousal,pc,A12,0.564405418024
['825106228770697216'],arousal,pc,A12,0.870113338167
['833266466342440960'],arousal,pc,A12,0.474478552849
['883023109460242432'],arousal,pc,A12,0.403627124267
['848169663716626432'],arousal,pc,A12,0.849399599778
['891356324289802240'],arousal,pc,A12,0.547696830418
['820002854136070144'],arousal,pc,A12,0.482028250228
['868644843614031872'],arousal,pc,A12,0.875623673325
['824645908784680960'],arousal,pc,A12,0.229615808037
['817407111378440195'],arousal,pc,A12,0.498397083765
['863364746577313792'],arousal,pc,A12,0.498592782265
['824353425966190593'],arousal,pc,A12,0.647141278835
['816343164676083714'],arousal,pc,A12,0.677058783217
['944973370520633344'],arousal,pc,A12,0.683061553046
['913759942208839681'],arousal,pc,A12,0.864242140246
['905158707486629889'],arousal,pc,A12,0.479899624205
['846751748672966657'],arousal,pc,A12,0.542952502498
['862031016478859265'],arousal,pc,A12,0.453652988023
['829085472332857344'],arousal,pc,A12,0.44733758947
['836691496636145664'],arousal,pc,A12,0.431675400695
['921324851658461185'],arousal,pc,A12,0.446699834466
['898633930911264768'],arousal,pc,A12,0.625604416613
['932714719814840320'],arousal,pc,A12,0.526915662764
['819864483141193728'],arousal,pc,A12,0.578274702365
['941257379060035584'],arousal,pc,A12,0.560403542316
['925426206710878208'],arousal,pc,A12,0.522557159536
['825837382029209601'],arousal,pc,A12,0.851254260408
['827911993709514754'],arousal,pc,A12,0.656138058654
['893399193737474048'],arousal,pc,A12,0.881227482528
['908986176438247425'],arousal,pc,A12,0.519409287901
['842646246192041985'],arousal,pc,A12,0.409345257772
['943208238039920640'],arousal,pc,A12,0.585598819163
['821233209107218432'],arousal,pc,A12,0.524495530052
['815557023366516736'],arousal,pc,A12,0.673933739798
['840555470788149248'],arousal,pc,A12,0.918890935844
['818366770989907968'],arousal,pc,A12,0.869905670856
['866905574822338561'],arousal,pc,A12,0.643471603497
['898957436526014466'],arousal,pc,A12,0.597420479391
['831967975611707392'],arousal,pc,A12,0.478975610597
['852576954435993600'],arousal,pc,A12,0.594272865606
['925041483568353280'],arousal,pc,A12,0.363438649552
['917057431599026176'],arousal,pc,A12,0.604611241128
['923249524981862400'],arousal,pc,A12,0.635051014894
['886531287103791104'],arousal,pc,A12,0.203533919619
['913127148994646021'],arousal,pc,A12,0.849259623121
['869116348806422528'],arousal,pc,A12,0.856053411927
['836997448715350020'],arousal,pc,A12,0.615531214901
['826774125087633409'],arousal,pc,A12,0.426668594731
['855700279915933698'],arousal,pc,A12,0.883658090632
['843889130606137344'],arousal,pc,A12,0.683897840039
['931428836029366274'],arousal,pc,A12,0.216107987649
['911557328897544193'],arousal,pc,A12,0.133516513243
['874318156629762048'],arousal,pc,A12,0.174733434847
['884809675413303296'],arousal,pc,A12,0.212808923527
['881112328653197312'],arousal,pc,A12,0.517395927498
['941799493917437955'],arousal,pc,A12,0.391703082395
['918513758036725761'],arousal,pc,A12,0.473512573335
['832979409518919681'],arousal,pc,A12,0.191043984905
['893852298807582720'],arousal,pc,A12,0.386016633485
['902141686612193281'],arousal,pc,A12,0.611374092809
['841354135349952513'],arousal,pc,A12,0.54890103552
['915059102874824704'],arousal,pc,A12,0.256379593481
['872197389276385280'],arousal,pc,A2,0.400163080934
['906447947092647936'],arousal,pc,A2,0.231141135398
['929386800522645508'],arousal,pc,A2,0.912553053533
['839145863217889282'],arousal,pc,A2,0.688133941531
['867703984580169730'],arousal,pc,A2,0.431900085166
['845724240552824832'],arousal,pc,A2,0.428168109812
['889056087009308672'],arousal,pc,A2,0.437717952599
['905162052817362945'],arousal,pc,A2,0.711819963758
['910900136376782848'],arousal,pc,A2,0.375713720274
['901760751152623616'],arousal,pc,A2,0.467639157061
['937464406115536896'],arousal,pc,A2,0.392369115615
['881595365551734784'],arousal,pc,A2,0.627077201651
['849011970204413952'],arousal,pc,A2,0.53956464931
['837728913325436929'],arousal,pc,A2,0.539492524156
['831873161750777858'],arousal,pc,A2,0.491275647808
['909035573385551872'],arousal,pc,A2,0.655562564436
['907637364759154689'],arousal,pc,A2,0.89001230797
['902227588009132032'],arousal,pc,A2,0.464759111754
['851888918207373312'],arousal,pc,A2,0.853893842866
['898238119144804352'],arousal,pc,A2,0.491166386028
['817801846337261568'],arousal,pc,A2,0.878217973134
['830331776258154496'],arousal,pc,A2,0.262930997905
['928300532124528642'],arousal,pc,A2,0.465982542344
['894977549989761028'],arousal,pc,A2,0.170358801869
['895773430737502209'],arousal,pc,A2,0.872251673733
['883029304875069440'],arousal,pc,A2,0.256168176607
['864764317597609985'],arousal,pc,A2,0.422989122316
['888471355435495425'],arousal,pc,A2,0.353005181008
['849654610558058496'],arousal,pc,A2,0.512186186914
['830134096567341056'],arousal,pc,A2,0.582518577216
['924442245297778689'],arousal,pc,A2,0.899998490459
['900839107684958208'],arousal,pc,A2,0.498144107965
['905505634631680000'],arousal,pc,A2,0.887495419847
['926920815198662657'],arousal,pc,A2,0.202528652426
['883987877922820100'],arousal,pc,A2,0.238672739702
['868813502097567745'],arousal,pc,A2,0.526821603653
['933639881145962498'],arousal,pc,A2,0.481928960984
['883090735326793733'],arousal,pc,A2,0.393720766976
['864837110527864832'],arousal,pc,A2,0.397221517026
['825106228770697216'],arousal,pc,A2,0.626085590635
['833266466342440960'],arousal,pc,A2,0.487254175119
['883023109460242432'],arousal,pc,A2,0.443402553563
['848169663716626432'],arousal,pc,A2,0.578946576543
['891356324289802240'],arousal,pc,A2,0.520491371406
['820002854136070144'],arousal,pc,A2,0.193093523029
['868644843614031872'],arousal,pc,A2,0.449740515415
['824645908784680960'],arousal,pc,A2,0.2048661313
['817407111378440195'],arousal,pc,A2,0.609061297463
['863364746577313792'],arousal,pc,A2,0.849821212192
['824353425966190593'],arousal,pc,A2,0.254142752439
['816343164676083714'],arousal,pc,A2,0.58084837282
['944973370520633344'],arousal,pc,A2,0.657696473717
['913759942208839681'],arousal,pc,A2,0.899971853137
['905158707486629889'],arousal,pc,A2,0.846808864103
['846751748672966657'],arousal,pc,A2,0.55412518781
['862031016478859265'],arousal,pc,A2,0.344350335051
['829085472332857344'],arousal,pc,A2,0.91031066761
['836691496636145664'],arousal,pc,A2,0.267032344331
['921324851658461185'],arousal,pc,A2,0.453028411335
['898633930911264768'],arousal,pc,A2,0.830198526401
['932714719814840320'],arousal,pc,A2,0.580410617414
['819864483141193728'],arousal,pc,A2,0.186777559638
['941257379060035584'],arousal,pc,A2,0.893830436039
['925426206710878208'],arousal,pc,A2,0.184875037181
['825837382029209601'],arousal,pc,A2,0.550947051365
['827911993709514754'],arousal,pc,A2,0.472867928687
['893399193737474048'],arousal,pc,A2,0.396675252319
['908986176438247425'],arousal,pc,A2,0.684061132555
['842646246192041985'],arousal,pc,A2,0.603115421809
['943208238039920640'],arousal,pc,A2,0.676558153195
['821233209107218432'],arousal,pc,A2,0.180092206061
['815557023366516736'],arousal,pc,A2,0.874259299705
['840555470788149248'],arousal,pc,A2,0.233962562167
['818366770989907968'],arousal,pc,A2,0.30186973974
['866905574822338561'],arousal,pc,A2,0.585945505524
['898957436526014466'],arousal,pc,A2,0.460633612997
['831967975611707392'],arousal,pc,A2,0.506118385855
['852576954435993600'],arousal,pc,A2,0.509460826428
['925041483568353280'],arousal,pc,A2,0.385364176022
['917057431599026176'],arousal,pc,A2,0.840332057771
['923249524981862400'],arousal,pc,A2,0.182549812482
['886531287103791104'],arousal,pc,A2,0.453399221369
['913127148994646021'],arousal,pc,A2,0.850831648336
['869116348806422528'],arousal,pc,A2,0.23838759773
['836997448715350020'],arousal,pc,A2,0.433978056188
['826774125087633409'],arousal,pc,A2,0.588259225767
['855700279915933698'],arousal,pc,A2,0.222772711545
['843889130606137344'],arousal,pc,A2,0.896439878251
['931428836029366274'],arousal,pc,A2,0.911758024019
['911557328897544193'],arousal,pc,A2,0.433940265966
['874318156629762048'],arousal,pc,A2,0.909210340991
['884809675413303296'],arousal,pc,A2,0.597606362233
['881112328653197312'],arousal,pc,A2,0.920244257936
['941799493917437955'],arousal,pc,A2,0.547960429444
['918513758036725761'],arousal,pc,A2,0.871309168442
['832979409518919681'],arousal,pc,A2,0.880676263915
['893852298807582720'],arousal,pc,A2,0.879741014365
['902141686612193281'],arousal,pc,A2,0.455944828214
['841354135349952513'],arousal,pc,A2,0.606985775634
['915059102874824704'],arousal,pc,A2,0.197011178679
['872197389276385280'],arousal,pc,A8,0.928447276764
['906447947092647936'],arousal,pc,A8,0.470876675442
['929386800522645508'],arousal,pc,A8,0.847729755071
['839145863217889282'],arousal,pc,A8,0.490027481434
['867703984580169730'],arousal,pc,A8,0.494549847355
['845724240552824832'],arousal,pc,A8,0.920212141968
['889056087009308672'],arousal,pc,A8,0.595759837497
['905162052817362945'],arousal,pc,A8,0.144729646628
['910900136376782848'],arousal,pc,A8,0.521116085971
['901760751152623616'],arousal,pc,A8,0.672614137551
['937464406115536896'],arousal,pc,A8,0.877224588166
['881595365551734784'],arousal,pc,A8,0.165213924374
['849011970204413952'],arousal,pc,A8,0.50854817274
['837728913325436929'],arousal,pc,A8,0.542766930713
['831873161750777858'],arousal,pc,A8,0.858788208986
['909035573385551872'],arousal,pc,A8,0.701629098785
['907637364759154689'],arousal,pc,A8,0.375368763854
['902227588009132032'],arousal,pc,A8,0.595718444945
['851888918207373312'],arousal,pc,A8,0.37463141782
['898238119144804352'],arousal,pc,A8,0.513203093341
['817801846337261568'],arousal,pc,A8,0.384031505149
['830331776258154496'],arousal,pc,A8,0.871525621578
['928300532124528642'],arousal,pc,A8,0.198335008141
['894977549989761028'],arousal,pc,A8,0.378627554815
['895773430737502209'],arousal,pc,A8,0.445709116881
['883029304875069440'],arousal,pc,A8,0.295782143898
['864764317597609985'],arousal,pc,A8,0.196280082242
['888471355435495425'],arousal,pc,A8,0.438513322424
['849654610558058496'],arousal,pc,A8,0.186683682848
['830134096567341056'],arousal,pc,A8,0.440308454349
['924442245297778689'],arousal,pc,A8,0.895826213081
['900839107684958208'],arousal,pc,A8,0.395723249722
['905505634631680000'],arousal,pc,A8,0.654130640007
['926920815198662657'],arousal,pc,A8,0.184323995674
['883987877922820100'],arousal,pc,A8,0.243202449594
['868813502097567745'],arousal,pc,A8,0.501796153789
['933639881145962498'],arousal,pc,A8,0.5320543847
['883090735326793733'],arousal,pc,A8,0.383993506125
['864837110527864832'],arousal,pc,A8,0.723646307379
['825106228770697216'],arousal,pc,A8,0.568596396675
['833266466342440960'],arousal,pc,A8,0.868916699517
['883023109460242432'],arousal,pc,A8,0.431014930706
['848169663716626432'],arousal,pc,A8,0.862382201419
['891356324289802240'],arousal,pc,A8,0.650986195928
['820002854136070144'],arousal,pc,A8,0.55213929306
['868644843614031872'],arousal,pc,A8,0.450352350852
['824645908784680960'],arousal,pc,A8,0.396693851405
['817407111378440195'],arousal,pc,A8,0.430865571594
['863364746577313792'],arousal,pc,A8,0.876760237902
['824353425966190593'],arousal,pc,A8,0.520680134921
['816343164676083714'],arousal,pc,A8,0.919883616003
['944973370520633344'],arousal,pc,A8,0.705925343492
['913759942208839681'],arousal,pc,A8,0.902981166378
['905158707486629889'],arousal,pc,A8,0.615902071268
['846751748672966657'],arousal,pc,A8,0.926462575393
['862031016478859265'],arousal,pc,A8,0.43502265003
['829085472332857344'],arousal,pc,A8,0.651346761935
['836691496636145664'],arousal,pc,A8,0.904839284771
['921324851658461185'],arousal,pc,A8,0.868001021214
['898633930911264768'],arousal,pc,A8,0.54630407023
['932714719814840320'],arousal,pc,A8,0.496708260638
['819864483141193728'],arousal,pc,A8,0.684261953043
['941257379060035584'],arousal,pc,A8,0.59267620704
['925426206710878208'],arousal,pc,A8,0.404572986686
['825837382029209601'],arousal,pc,A8,0.668884753268
['827911993709514754'],arousal,pc,A8,0.457313564175
['893399193737474048'],arousal,pc,A8,0.599365682452
['908986176438247425'],arousal,pc,A8,0.266623395552
['842646246192041985'],arousal,pc,A8,0.449037242271
['943208238039920640'],arousal,pc,A8,0.500735047262
['821233209107218432'],arousal,pc,A8,0.476674689114
['815557023366516736'],arousal,pc,A8,0.662053015103
['840555470788149248'],arousal,pc,A8,0.245879107279
['818366770989907968'],arousal,pc,A8,0.125131688274
['866905574822338561'],arousal,pc,A8,0.479191743543
['898957436526014466'],arousal,pc,A8,0.19893319247
['831967975611707392'],arousal,pc,A8,0.565293907161
['852576954435993600'],arousal,pc,A8,0.200675092565
['925041483568353280'],arousal,pc,A8,0.630693422016
['917057431599026176'],arousal,pc,A8,0.879968448204
['923249524981862400'],arousal,pc,A8,0.206604004648
['886531287103791104'],arousal,pc,A8,0.870640348572
['913127148994646021'],arousal,pc,A8,0.425617738049
['869116348806422528'],arousal,pc,A8,0.431762109735
['836997448715350020'],arousal,pc,A8,0.27362153554
['826774125087633409'],arousal,pc,A8,0.83650640102
['855700279915933698'],arousal,pc,A8,0.299604372615
['843889130606137344'],arousal,pc,A8,0.547530177051
['931428836029366274'],arousal,pc,A8,0.584784072384
['911557328897544193'],arousal,pc,A8,0.516119851627
['874318156629762048'],arousal,pc,A8,0.407314622623
['884809675413303296'],arousal,pc,A8,0.623765813021
['881112328653197312'],arousal,pc,A8,0.545706092332
['941799493917437955'],arousal,pc,A8,0.206081848028
['918513758036725761'],arousal,pc,A8,0.351345722199
['832979409518919681'],arousal,pc,A8,0.9174262805
['893852298807582720'],arousal,pc,A8,0.853181061592
['902141686612193281'],arousal,pc,A8,0.854401807291
['841354135349952513'],arousal,pc,A8,0.711708994975
['915059102874824704'],arousal,pc,A8,0.16690343073
['872197389276385280'],dominance,rs,A1,0.73
['906447947092647936'],dominance,rs,A1,0.29
['929386800522645508'],dominance,rs,A1,0.63
['839145863217889282'],dominance,rs,A1,0.29
['867703984580169730'],dominance,rs,A1,0.25
['845724240552824832'],dominance,rs,A1,0.67
['889056087009308672'],dominance,rs,A1,0.5
['905162052817362945'],dominance,rs,A1,0.68
['910900136376782848'],dominance,rs,A1,0.58
['901760751152623616'],dominance,rs,A1,0.73
['937464406115536896'],dominance,rs,A1,0.23
['881595365551734784'],dominance,rs,A1,0.31
['849011970204413952'],dominance,rs,A1,0.22
['837728913325436929'],dominance,rs,A1,0.26
['831873161750777858'],dominance,rs,A1,0.5
['909035573385551872'],dominance,rs,A1,0.32
['907637364759154689'],dominance,rs,A1,0.5
['902227588009132032'],dominance,rs,A1,0.28
['851888918207373312'],dominance,rs,A1,0.63
['898238119144804352'],dominance,rs,A1,0.65
['817801846337261568'],dominance,rs,A1,0.68
['830331776258154496'],dominance,rs,A1,0.24
['928300532124528642'],dominance,rs,A1,0.5
['894977549989761028'],dominance,rs,A1,0.5
['895773430737502209'],dominance,rs,A1,0.62
['883029304875069440'],dominance,rs,A1,0.5
['864764317597609985'],dominance,rs,A1,0.6
['888471355435495425'],dominance,rs,A1,0.72
['849654610558058496'],dominance,rs,A1,0.8
['830134096567341056'],dominance,rs,A1,0.57
['924442245297778689'],dominance,rs,A1,0.64
['900839107684958208'],dominance,rs,A1,0.69
['905505634631680000'],dominance,rs,A1,0.65
['926920815198662657'],dominance,rs,A1,0.5
['883987877922820100'],dominance,rs,A1,0.69
['868813502097567745'],dominance,rs,A1,0.45
['933639881145962498'],dominance,rs,A1,0.5
['883090735326793733'],dominance,rs,A1,0.31
['864837110527864832'],dominance,rs,A1,0.59
['825106228770697216'],dominance,rs,A1,0.63
['833266466342440960'],dominance,rs,A1,0.88
['883023109460242432'],dominance,rs,A1,0.64
['848169663716626432'],dominance,rs,A1,0.5
['891356324289802240'],dominance,rs,A1,0.65
['820002854136070144'],dominance,rs,A1,0.39
['868644843614031872'],dominance,rs,A1,0.61
['824645908784680960'],dominance,rs,A1,0.31
['817407111378440195'],dominance,rs,A1,0.64
['863364746577313792'],dominance,rs,A1,0.5
['824353425966190593'],dominance,rs,A1,0.5
['816343164676083714'],dominance,rs,A1,0.75
['944973370520633344'],dominance,rs,A1,0.33
['913759942208839681'],dominance,rs,A1,0.5
['905158707486629889'],dominance,rs,A1,0.43
['846751748672966657'],dominance,rs,A1,0.45
['862031016478859265'],dominance,rs,A1,0.5
['829085472332857344'],dominance,rs,A1,0.65
['836691496636145664'],dominance,rs,A1,0.67
['921324851658461185'],dominance,rs,A1,0.5
['898633930911264768'],dominance,rs,A1,0.38
['932714719814840320'],dominance,rs,A1,0.68
['819864483141193728'],dominance,rs,A1,0.55
['941257379060035584'],dominance,rs,A1,0.29
['925426206710878208'],dominance,rs,A1,0.5
['825837382029209601'],dominance,rs,A1,0.5
['827911993709514754'],dominance,rs,A1,0.22
['893399193737474048'],dominance,rs,A1,0.7
['908986176438247425'],dominance,rs,A1,0.5
['842646246192041985'],dominance,rs,A1,0.34
['943208238039920640'],dominance,rs,A1,0.33
['821233209107218432'],dominance,rs,A1,0.83
['815557023366516736'],dominance,rs,A1,0.35
['840555470788149248'],dominance,rs,A1,0.5
['818366770989907968'],dominance,rs,A1,0.31
['866905574822338561'],dominance,rs,A1,0.44
['898957436526014466'],dominance,rs,A1,0.5
['831967975611707392'],dominance,rs,A1,0.5
['852576954435993600'],dominance,rs,A1,0.36
['925041483568353280'],dominance,rs,A1,0.5
['917057431599026176'],dominance,rs,A1,0.5
['923249524981862400'],dominance,rs,A1,0.57
['886531287103791104'],dominance,rs,A1,0.5
['913127148994646021'],dominance,rs,A1,0.5
['869116348806422528'],dominance,rs,A1,0.5
['836997448715350020'],dominance,rs,A1,0.42
['826774125087633409'],dominance,rs,A1,0.64
['855700279915933698'],dominance,rs,A1,0.5
['843889130606137344'],dominance,rs,A1,0.5
['931428836029366274'],dominance,rs,A1,0.06
['911557328897544193'],dominance,rs,A1,0.66
['874318156629762048'],dominance,rs,A1,0.71
['884809675413303296'],dominance,rs,A1,0.5
['881112328653197312'],dominance,rs,A1,0.78
['941799493917437955'],dominance,rs,A1,0.38
['918513758036725761'],dominance,rs,A1,0.54
['832979409518919681'],dominance,rs,A1,0.5
['893852298807582720'],dominance,rs,A1,0.62
['902141686612193281'],dominance,rs,A1,0.75
['841354135349952513'],dominance,rs,A1,0.31
['915059102874824704'],dominance,rs,A1,0.61
['872197389276385280'],dominance,rs,A11,0.79
['906447947092647936'],dominance,rs,A11,0.18
['929386800522645508'],dominance,rs,A11,0.83
['839145863217889282'],dominance,rs,A11,0.13
['867703984580169730'],dominance,rs,A11,0.37
['845724240552824832'],dominance,rs,A11,0.5
['889056087009308672'],dominance,rs,A11,0.77
['905162052817362945'],dominance,rs,A11,0.5
['910900136376782848'],dominance,rs,A11,0.82
['901760751152623616'],dominance,rs,A11,0.73
['937464406115536896'],dominance,rs,A11,0.11
['881595365551734784'],dominance,rs,A11,0.32
['849011970204413952'],dominance,rs,A11,0.12
['837728913325436929'],dominance,rs,A11,0.12
['831873161750777858'],dominance,rs,A11,0.71
['909035573385551872'],dominance,rs,A11,0.8
['907637364759154689'],dominance,rs,A11,0.79
['902227588009132032'],dominance,rs,A11,0.82
['851888918207373312'],dominance,rs,A11,0.87
['898238119144804352'],dominance,rs,A11,0.85
['817801846337261568'],dominance,rs,A11,0.5
['830331776258154496'],dominance,rs,A11,0.1
['928300532124528642'],dominance,rs,A11,0.5
['894977549989761028'],dominance,rs,A11,0.87
['895773430737502209'],dominance,rs,A11,0.6
['883029304875069440'],dominance,rs,A11,0.5
['864764317597609985'],dominance,rs,A11,0.39
['888471355435495425'],dominance,rs,A11,0.84
['849654610558058496'],dominance,rs,A11,0.5
['830134096567341056'],dominance,rs,A11,0.8
['924442245297778689'],dominance,rs,A11,0.96
['900839107684958208'],dominance,rs,A11,1.0
['905505634631680000'],dominance,rs,A11,0.75
['926920815198662657'],dominance,rs,A11,0.61
['883987877922820100'],dominance,rs,A11,0.3
['868813502097567745'],dominance,rs,A11,0.24
['933639881145962498'],dominance,rs,A11,0.4
['883090735326793733'],dominance,rs,A11,0.65
['864837110527864832'],dominance,rs,A11,0.2
['825106228770697216'],dominance,rs,A11,0.75
['833266466342440960'],dominance,rs,A11,0.8
['883023109460242432'],dominance,rs,A11,0.36
['848169663716626432'],dominance,rs,A11,0.1
['891356324289802240'],dominance,rs,A11,0.86
['820002854136070144'],dominance,rs,A11,0.5
['868644843614031872'],dominance,rs,A11,0.83
['824645908784680960'],dominance,rs,A11,0.66
['817407111378440195'],dominance,rs,A11,0.76
['863364746577313792'],dominance,rs,A11,0.76
['824353425966190593'],dominance,rs,A11,0.87
['816343164676083714'],dominance,rs,A11,0.76
['944973370520633344'],dominance,rs,A11,0.38
['913759942208839681'],dominance,rs,A11,0.79
['905158707486629889'],dominance,rs,A11,0.85
['846751748672966657'],dominance,rs,A11,0.65
['862031016478859265'],dominance,rs,A11,0.86
['829085472332857344'],dominance,rs,A11,0.76
['836691496636145664'],dominance,rs,A11,0.8
['921324851658461185'],dominance,rs,A11,0.29
['898633930911264768'],dominance,rs,A11,0.83
['932714719814840320'],dominance,rs,A11,0.78
['819864483141193728'],dominance,rs,A11,0.89
['941257379060035584'],dominance,rs,A11,0.47
['925426206710878208'],dominance,rs,A11,0.79
['825837382029209601'],dominance,rs,A11,0.91
['827911993709514754'],dominance,rs,A11,0.28
['893399193737474048'],dominance,rs,A11,0.14
['908986176438247425'],dominance,rs,A11,0.86
['842646246192041985'],dominance,rs,A11,0.37
['943208238039920640'],dominance,rs,A11,0.71
['821233209107218432'],dominance,rs,A11,0.22
['815557023366516736'],dominance,rs,A11,0.61
['840555470788149248'],dominance,rs,A11,1.0
['818366770989907968'],dominance,rs,A11,0.12
['866905574822338561'],dominance,rs,A11,0.8
['898957436526014466'],dominance,rs,A11,0.78
['831967975611707392'],dominance,rs,A11,0.57
['852576954435993600'],dominance,rs,A11,0.39
['925041483568353280'],dominance,rs,A11,0.74
['917057431599026176'],dominance,rs,A11,0.4
['923249524981862400'],dominance,rs,A11,0.83
['886531287103791104'],dominance,rs,A11,0.79
['913127148994646021'],dominance,rs,A11,0.81
['869116348806422528'],dominance,rs,A11,0.85
['836997448715350020'],dominance,rs,A11,0.75
['826774125087633409'],dominance,rs,A11,0.92
['855700279915933698'],dominance,rs,A11,0.93
['843889130606137344'],dominance,rs,A11,0.73
['931428836029366274'],dominance,rs,A11,0.14
['911557328897544193'],dominance,rs,A11,0.83
['874318156629762048'],dominance,rs,A11,0.67
['884809675413303296'],dominance,rs,A11,0.81
['881112328653197312'],dominance,rs,A11,0.8
['941799493917437955'],dominance,rs,A11,0.71
['918513758036725761'],dominance,rs,A11,0.83
['832979409518919681'],dominance,rs,A11,0.84
['893852298807582720'],dominance,rs,A11,0.9
['902141686612193281'],dominance,rs,A11,0.07
['841354135349952513'],dominance,rs,A11,0.83
['915059102874824704'],dominance,rs,A11,0.86
['872197389276385280'],dominance,rs,A4,0.72
['906447947092647936'],dominance,rs,A4,0.18
['929386800522645508'],dominance,rs,A4,0.73
['839145863217889282'],dominance,rs,A4,0.3
['867703984580169730'],dominance,rs,A4,0.5
['845724240552824832'],dominance,rs,A4,0.5
['889056087009308672'],dominance,rs,A4,0.5
['905162052817362945'],dominance,rs,A4,0.46
['910900136376782848'],dominance,rs,A4,0.75
['901760751152623616'],dominance,rs,A4,0.5
['937464406115536896'],dominance,rs,A4,0.26
['881595365551734784'],dominance,rs,A4,0.38
['849011970204413952'],dominance,rs,A4,0.9
['837728913325436929'],dominance,rs,A4,0.28
['831873161750777858'],dominance,rs,A4,0.66
['909035573385551872'],dominance,rs,A4,0.84
['907637364759154689'],dominance,rs,A4,0.59
['902227588009132032'],dominance,rs,A4,0.71
['851888918207373312'],dominance,rs,A4,0.5
['898238119144804352'],dominance,rs,A4,0.5
['817801846337261568'],dominance,rs,A4,0.7
['830331776258154496'],dominance,rs,A4,0.78
['928300532124528642'],dominance,rs,A4,0.5
['894977549989761028'],dominance,rs,A4,0.5
['895773430737502209'],dominance,rs,A4,0.69
['883029304875069440'],dominance,rs,A4,0.5
['864764317597609985'],dominance,rs,A4,0.44
['888471355435495425'],dominance,rs,A4,0.61
['849654610558058496'],dominance,rs,A4,0.67
['830134096567341056'],dominance,rs,A4,0.62
['924442245297778689'],dominance,rs,A4,0.5
['900839107684958208'],dominance,rs,A4,0.89
['905505634631680000'],dominance,rs,A4,0.72
['926920815198662657'],dominance,rs,A4,0.5
['883987877922820100'],dominance,rs,A4,0.5
['868813502097567745'],dominance,rs,A4,0.49
['933639881145962498'],dominance,rs,A4,0.5
['883090735326793733'],dominance,rs,A4,0.5
['864837110527864832'],dominance,rs,A4,0.63
['825106228770697216'],dominance,rs,A4,0.78
['833266466342440960'],dominance,rs,A4,0.7
['883023109460242432'],dominance,rs,A4,0.4
['848169663716626432'],dominance,rs,A4,0.73
['891356324289802240'],dominance,rs,A4,0.72
['820002854136070144'],dominance,rs,A4,0.81
['868644843614031872'],dominance,rs,A4,0.5
['824645908784680960'],dominance,rs,A4,0.5
['817407111378440195'],dominance,rs,A4,0.86
['863364746577313792'],dominance,rs,A4,0.8
['824353425966190593'],dominance,rs,A4,0.67
['816343164676083714'],dominance,rs,A4,0.5
['944973370520633344'],dominance,rs,A4,0.5
['913759942208839681'],dominance,rs,A4,0.66
['905158707486629889'],dominance,rs,A4,0.76
['846751748672966657'],dominance,rs,A4,0.71
['862031016478859265'],dominance,rs,A4,0.5
['829085472332857344'],dominance,rs,A4,0.71
['836691496636145664'],dominance,rs,A4,0.64
['921324851658461185'],dominance,rs,A4,0.7
['898633930911264768'],dominance,rs,A4,0.71
['932714719814840320'],dominance,rs,A4,0.5
['819864483141193728'],dominance,rs,A4,0.5
['941257379060035584'],dominance,rs,A4,0.37
['925426206710878208'],dominance,rs,A4,0.5
['825837382029209601'],dominance,rs,A4,0.81
['827911993709514754'],dominance,rs,A4,0.7
['893399193737474048'],dominance,rs,A4,0.72
['908986176438247425'],dominance,rs,A4,0.58
['842646246192041985'],dominance,rs,A4,0.71
['943208238039920640'],dominance,rs,A4,0.5
['821233209107218432'],dominance,rs,A4,0.61
['815557023366516736'],dominance,rs,A4,0.6
['840555470788149248'],dominance,rs,A4,0.5
['818366770989907968'],dominance,rs,A4,0.5
['866905574822338561'],dominance,rs,A4,0.41
['898957436526014466'],dominance,rs,A4,0.68
['831967975611707392'],dominance,rs,A4,0.65
['852576954435993600'],dominance,rs,A4,0.5
['925041483568353280'],dominance,rs,A4,0.5
['917057431599026176'],dominance,rs,A4,0.5
['923249524981862400'],dominance,rs,A4,0.5
['886531287103791104'],dominance,rs,A4,0.5
['913127148994646021'],dominance,rs,A4,0.59
['869116348806422528'],dominance,rs,A4,0.5
['836997448715350020'],dominance,rs,A4,0.5
['826774125087633409'],dominance,rs,A4,0.5
['855700279915933698'],dominance,rs,A4,0.5
['843889130606137344'],dominance,rs,A4,0.0
['931428836029366274'],dominance,rs,A4,0.71
['911557328897544193'],dominance,rs,A4,0.5
['874318156629762048'],dominance,rs,A4,0.5
['884809675413303296'],dominance,rs,A4,0.5
['881112328653197312'],dominance,rs,A4,0.68
['941799493917437955'],dominance,rs,A4,0.3
['918513758036725761'],dominance,rs,A4,0.7
['832979409518919681'],dominance,rs,A4,0.67
['893852298807582720'],dominance,rs,A4,0.5
['902141686612193281'],dominance,rs,A4,0.81
['841354135349952513'],dominance,rs,A4,0.63
['915059102874824704'],dominance,rs,A4,0.5
['872197389276385280'],dominance,rs,A18,0.65
['906447947092647936'],dominance,rs,A18,0.43
['929386800522645508'],dominance,rs,A18,0.59
['839145863217889282'],dominance,rs,A18,0.56
['867703984580169730'],dominance,rs,A18,0.59
['845724240552824832'],dominance,rs,A18,0.5
['889056087009308672'],dominance,rs,A18,0.54
['905162052817362945'],dominance,rs,A18,0.56
['910900136376782848'],dominance,rs,A18,0.72
['901760751152623616'],dominance,rs,A18,0.6
['937464406115536896'],dominance,rs,A18,0.5
['881595365551734784'],dominance,rs,A18,0.34
['849011970204413952'],dominance,rs,A18,0.85
['837728913325436929'],dominance,rs,A18,0.74
['831873161750777858'],dominance,rs,A18,0.78
['909035573385551872'],dominance,rs,A18,0.64
['907637364759154689'],dominance,rs,A18,0.64
['902227588009132032'],dominance,rs,A18,0.63
['851888918207373312'],dominance,rs,A18,0.81
['898238119144804352'],dominance,rs,A18,0.5
['817801846337261568'],dominance,rs,A18,0.61
['830331776258154496'],dominance,rs,A18,0.67
['928300532124528642'],dominance,rs,A18,0.66
['894977549989761028'],dominance,rs,A18,0.57
['895773430737502209'],dominance,rs,A18,0.58
['883029304875069440'],dominance,rs,A18,0.56
['864764317597609985'],dominance,rs,A18,0.5
['888471355435495425'],dominance,rs,A18,0.65
['849654610558058496'],dominance,rs,A18,0.58
['830134096567341056'],dominance,rs,A18,0.6
['924442245297778689'],dominance,rs,A18,0.67
['900839107684958208'],dominance,rs,A18,0.76
['905505634631680000'],dominance,rs,A18,0.5
['926920815198662657'],dominance,rs,A18,0.5
['883987877922820100'],dominance,rs,A18,0.5
['868813502097567745'],dominance,rs,A18,0.5
['933639881145962498'],dominance,rs,A18,0.5
['883090735326793733'],dominance,rs,A18,0.5
['864837110527864832'],dominance,rs,A18,0.5
['825106228770697216'],dominance,rs,A18,0.58
['833266466342440960'],dominance,rs,A18,0.5
['883023109460242432'],dominance,rs,A18,0.45
['848169663716626432'],dominance,rs,A18,0.77
['891356324289802240'],dominance,rs,A18,0.64
['820002854136070144'],dominance,rs,A18,0.62
['868644843614031872'],dominance,rs,A18,0.73
['824645908784680960'],dominance,rs,A18,0.58
['817407111378440195'],dominance,rs,A18,0.58
['863364746577313792'],dominance,rs,A18,1.0
['824353425966190593'],dominance,rs,A18,0.68
['816343164676083714'],dominance,rs,A18,0.56
['944973370520633344'],dominance,rs,A18,0.5
['913759942208839681'],dominance,rs,A18,0.59
['905158707486629889'],dominance,rs,A18,0.57
['846751748672966657'],dominance,rs,A18,0.68
['862031016478859265'],dominance,rs,A18,0.57
['829085472332857344'],dominance,rs,A18,0.5
['836691496636145664'],dominance,rs,A18,0.74
['921324851658461185'],dominance,rs,A18,0.62
['898633930911264768'],dominance,rs,A18,0.5
['932714719814840320'],dominance,rs,A18,0.5
['819864483141193728'],dominance,rs,A18,0.61
['941257379060035584'],dominance,rs,A18,0.59
['925426206710878208'],dominance,rs,A18,0.56
['825837382029209601'],dominance,rs,A18,0.64
['827911993709514754'],dominance,rs,A18,0.61
['893399193737474048'],dominance,rs,A18,0.5
['908986176438247425'],dominance,rs,A18,0.67
['842646246192041985'],dominance,rs,A18,0.59
['943208238039920640'],dominance,rs,A18,0.58
['821233209107218432'],dominance,rs,A18,0.58
['815557023366516736'],dominance,rs,A18,0.59
['840555470788149248'],dominance,rs,A18,0.5
['818366770989907968'],dominance,rs,A18,0.58
['866905574822338561'],dominance,rs,A18,0.69
['898957436526014466'],dominance,rs,A18,0.66
['831967975611707392'],dominance,rs,A18,0.5
['852576954435993600'],dominance,rs,A18,0.27
['925041483568353280'],dominance,rs,A18,0.5
['917057431599026176'],dominance,rs,A18,0.35
['923249524981862400'],dominance,rs,A18,0.5
['886531287103791104'],dominance,rs,A18,0.5
['913127148994646021'],dominance,rs,A18,0.65
['869116348806422528'],dominance,rs,A18,0.65
['836997448715350020'],dominance,rs,A18,0.6
['826774125087633409'],dominance,rs,A18,0.5
['855700279915933698'],dominance,rs,A18,0.64
['843889130606137344'],dominance,rs,A18,0.65
['931428836029366274'],dominance,rs,A18,0.65
['911557328897544193'],dominance,rs,A18,0.58
['874318156629762048'],dominance,rs,A18,0.44
['884809675413303296'],dominance,rs,A18,0.63
['881112328653197312'],dominance,rs,A18,0.73
['941799493917437955'],dominance,rs,A18,0.5
['918513758036725761'],dominance,rs,A18,0.64
['832979409518919681'],dominance,rs,A18,0.58
['893852298807582720'],dominance,rs,A18,0.61
['902141686612193281'],dominance,rs,A18,0.67
['841354135349952513'],dominance,rs,A18,0.61
['915059102874824704'],dominance,rs,A18,0.5
['872197389276385280'],dominance,rs,A14,0.5
['906447947092647936'],dominance,rs,A14,0.5
['929386800522645508'],dominance,rs,A14,0.94
['839145863217889282'],dominance,rs,A14,1.0
['867703984580169730'],dominance,rs,A14,0.74
['845724240552824832'],dominance,rs,A14,0.5
['889056087009308672'],dominance,rs,A14,0.5
['905162052817362945'],dominance,rs,A14,0.9
['910900136376782848'],dominance,rs,A14,0.5
['901760751152623616'],dominance,rs,A14,0.54
['937464406115536896'],dominance,rs,A14,0.82
['881595365551734784'],dominance,rs,A14,0.5
['849011970204413952'],dominance,rs,A14,1.0
['837728913325436929'],dominance,rs,A14,1.0
['831873161750777858'],dominance,rs,A14,0.76
['909035573385551872'],dominance,rs,A14,0.5
['907637364759154689'],dominance,rs,A14,0.83
['902227588009132032'],dominance,rs,A14,0.84
['851888918207373312'],dominance,rs,A14,0.5
['898238119144804352'],dominance,rs,A14,0.5
['817801846337261568'],dominance,rs,A14,0.66
['830331776258154496'],dominance,rs,A14,0.87
['928300532124528642'],dominance,rs,A14,0.5
['894977549989761028'],dominance,rs,A14,0.95
['895773430737502209'],dominance,rs,A14,0.65
['883029304875069440'],dominance,rs,A14,0.93
['864764317597609985'],dominance,rs,A14,0.5
['888471355435495425'],dominance,rs,A14,0.75
['849654610558058496'],dominance,rs,A14,0.5
['830134096567341056'],dominance,rs,A14,1.0
['924442245297778689'],dominance,rs,A14,0.88
['900839107684958208'],dominance,rs,A14,1.0
['905505634631680000'],dominance,rs,A14,0.76
['926920815198662657'],dominance,rs,A14,0.5
['883987877922820100'],dominance,rs,A14,0.93
['868813502097567745'],dominance,rs,A14,0.5
['933639881145962498'],dominance,rs,A14,0.5
['883090735326793733'],dominance,rs,A14,0.64
['864837110527864832'],dominance,rs,A14,0.74
['825106228770697216'],dominance,rs,A14,0.89
['833266466342440960'],dominance,rs,A14,0.69
['883023109460242432'],dominance,rs,A14,0.5
['848169663716626432'],dominance,rs,A14,1.0
['891356324289802240'],dominance,rs,A14,0.69
['820002854136070144'],dominance,rs,A14,0.5
['868644843614031872'],dominance,rs,A14,0.5
['824645908784680960'],dominance,rs,A14,0.87
['817407111378440195'],dominance,rs,A14,0.85
['863364746577313792'],dominance,rs,A14,1.0
['824353425966190593'],dominance,rs,A14,0.5
['816343164676083714'],dominance,rs,A14,0.99
['944973370520633344'],dominance,rs,A14,0.5
['913759942208839681'],dominance,rs,A14,0.87
['905158707486629889'],dominance,rs,A14,0.83
['846751748672966657'],dominance,rs,A14,1.0
['862031016478859265'],dominance,rs,A14,0.5
['829085472332857344'],dominance,rs,A14,0.74
['836691496636145664'],dominance,rs,A14,0.5
['921324851658461185'],dominance,rs,A14,0.94
['898633930911264768'],dominance,rs,A14,0.73
['932714719814840320'],dominance,rs,A14,0.5
['819864483141193728'],dominance,rs,A14,0.91
['941257379060035584'],dominance,rs,A14,0.5
['925426206710878208'],dominance,rs,A14,0.5
['825837382029209601'],dominance,rs,A14,1.0
['827911993709514754'],dominance,rs,A14,0.91
['893399193737474048'],dominance,rs,A14,0.96
['908986176438247425'],dominance,rs,A14,0.84
['842646246192041985'],dominance,rs,A14,0.5
['943208238039920640'],dominance,rs,A14,0.5
['821233209107218432'],dominance,rs,A14,0.5
['815557023366516736'],dominance,rs,A14,0.89
['840555470788149248'],dominance,rs,A14,0.5
['818366770989907968'],dominance,rs,A14,0.72
['866905574822338561'],dominance,rs,A14,0.63
['898957436526014466'],dominance,rs,A14,0.92
['831967975611707392'],dominance,rs,A14,0.85
['852576954435993600'],dominance,rs,A14,0.5
['925041483568353280'],dominance,rs,A14,0.5
['917057431599026176'],dominance,rs,A14,0.81
['923249524981862400'],dominance,rs,A14,0.5
['886531287103791104'],dominance,rs,A14,0.5
['913127148994646021'],dominance,rs,A14,0.9
['869116348806422528'],dominance,rs,A14,0.5
['836997448715350020'],dominance,rs,A14,0.81
['826774125087633409'],dominance,rs,A14,0.65
['855700279915933698'],dominance,rs,A14,0.5
['843889130606137344'],dominance,rs,A14,1.0
['931428836029366274'],dominance,rs,A14,0.8
['911557328897544193'],dominance,rs,A14,0.5
['874318156629762048'],dominance,rs,A14,0.5
['884809675413303296'],dominance,rs,A14,0.5
['881112328653197312'],dominance,rs,A14,0.83
['941799493917437955'],dominance,rs,A14,0.5
['918513758036725761'],dominance,rs,A14,1.0
['832979409518919681'],dominance,rs,A14,0.85
['893852298807582720'],dominance,rs,A14,0.95
['902141686612193281'],dominance,rs,A14,0.97
['841354135349952513'],dominance,rs,A14,0.87
['915059102874824704'],dominance,rs,A14,0.5
['872197389276385280'],dominance,rs,A9,0.58
['906447947092647936'],dominance,rs,A9,0.31
['929386800522645508'],dominance,rs,A9,0.75
['839145863217889282'],dominance,rs,A9,0.07
['867703984580169730'],dominance,rs,A9,0.58
['845724240552824832'],dominance,rs,A9,0.5
['889056087009308672'],dominance,rs,A9,0.5
['905162052817362945'],dominance,rs,A9,0.5
['910900136376782848'],dominance,rs,A9,0.5
['901760751152623616'],dominance,rs,A9,0.39
['937464406115536896'],dominance,rs,A9,0.43
['881595365551734784'],dominance,rs,A9,0.5
['849011970204413952'],dominance,rs,A9,0.82
['837728913325436929'],dominance,rs,A9,0.5
['831873161750777858'],dominance,rs,A9,0.43
['909035573385551872'],dominance,rs,A9,0.6
['907637364759154689'],dominance,rs,A9,0.81
['902227588009132032'],dominance,rs,A9,0.5
['851888918207373312'],dominance,rs,A9,0.5
['898238119144804352'],dominance,rs,A9,0.5
['817801846337261568'],dominance,rs,A9,0.64
['830331776258154496'],dominance,rs,A9,0.19
['928300532124528642'],dominance,rs,A9,0.5
['894977549989761028'],dominance,rs,A9,0.62
['895773430737502209'],dominance,rs,A9,0.5
['883029304875069440'],dominance,rs,A9,0.5
['864764317597609985'],dominance,rs,A9,0.5
['888471355435495425'],dominance,rs,A9,0.5
['849654610558058496'],dominance,rs,A9,0.8
['830134096567341056'],dominance,rs,A9,0.64
['924442245297778689'],dominance,rs,A9,0.5
['900839107684958208'],dominance,rs,A9,0.84
['905505634631680000'],dominance,rs,A9,0.5
['926920815198662657'],dominance,rs,A9,0.5
['883987877922820100'],dominance,rs,A9,0.5
['868813502097567745'],dominance,rs,A9,0.5
['933639881145962498'],dominance,rs,A9,0.5
['883090735326793733'],dominance,rs,A9,0.5
['864837110527864832'],dominance,rs,A9,0.55
['825106228770697216'],dominance,rs,A9,0.62
['833266466342440960'],dominance,rs,A9,0.5
['883023109460242432'],dominance,rs,A9,0.5
['848169663716626432'],dominance,rs,A9,0.5
['891356324289802240'],dominance,rs,A9,0.5
['820002854136070144'],dominance,rs,A9,0.28
['868644843614031872'],dominance,rs,A9,0.73
['824645908784680960'],dominance,rs,A9,0.5
['817407111378440195'],dominance,rs,A9,0.73
['863364746577313792'],dominance,rs,A9,0.5
['824353425966190593'],dominance,rs,A9,0.5
['816343164676083714'],dominance,rs,A9,0.76
['944973370520633344'],dominance,rs,A9,0.5
['913759942208839681'],dominance,rs,A9,0.81
['905158707486629889'],dominance,rs,A9,0.5
['846751748672966657'],dominance,rs,A9,0.65
['862031016478859265'],dominance,rs,A9,0.63
['829085472332857344'],dominance,rs,A9,0.5
['836691496636145664'],dominance,rs,A9,0.32
['921324851658461185'],dominance,rs,A9,0.68
['898633930911264768'],dominance,rs,A9,0.5
['932714719814840320'],dominance,rs,A9,0.5
['819864483141193728'],dominance,rs,A9,0.76
['941257379060035584'],dominance,rs,A9,0.37
['925426206710878208'],dominance,rs,A9,0.5
['825837382029209601'],dominance,rs,A9,0.5
['827911993709514754'],dominance,rs,A9,0.5
['893399193737474048'],dominance,rs,A9,0.73
['908986176438247425'],dominance,rs,A9,0.5
['842646246192041985'],dominance,rs,A9,0.61
['943208238039920640'],dominance,rs,A9,0.5
['821233209107218432'],dominance,rs,A9,0.38
['815557023366516736'],dominance,rs,A9,0.5
['840555470788149248'],dominance,rs,A9,0.5
['818366770989907968'],dominance,rs,A9,0.26
['866905574822338561'],dominance,rs,A9,0.5
['898957436526014466'],dominance,rs,A9,0.5
['831967975611707392'],dominance,rs,A9,0.5
['852576954435993600'],dominance,rs,A9,0.25
['925041483568353280'],dominance,rs,A9,0.5
['917057431599026176'],dominance,rs,A9,0.31
['923249524981862400'],dominance,rs,A9,0.5
['886531287103791104'],dominance,rs,A9,0.5
['913127148994646021'],dominance,rs,A9,0.35
['869116348806422528'],dominance,rs,A9,0.62
['836997448715350020'],dominance,rs,A9,0.61
['826774125087633409'],dominance,rs,A9,0.5
['855700279915933698'],dominance,rs,A9,0.5
['843889130606137344'],dominance,rs,A9,0.65
['931428836029366274'],dominance,rs,A9,0.2
['911557328897544193'],dominance,rs,A9,0.73
['874318156629762048'],dominance,rs,A9,0.5
['884809675413303296'],dominance,rs,A9,0.5
['881112328653197312'],dominance,rs,A9,0.5
['941799493917437955'],dominance,rs,A9,0.63
['918513758036725761'],dominance,rs,A9,0.5
['832979409518919681'],dominance,rs,A9,0.5
['893852298807582720'],dominance,rs,A9,0.5
['902141686612193281'],dominance,rs,A9,0.65
['841354135349952513'],dominance,rs,A9,0.88
['915059102874824704'],dominance,rs,A9,0.62
['872197389276385280'],dominance,bws,A7,0.582651491102
['906447947092647936'],dominance,bws,A7,0.1997775322
['929386800522645508'],dominance,bws,A7,0.940827161076
['839145863217889282'],dominance,bws,A7,0.350754175058
['867703984580169730'],dominance,bws,A7,0.59739500751
['845724240552824832'],dominance,bws,A7,0.799912942429
['889056087009308672'],dominance,bws,A7,0.451826162217
['905162052817362945'],dominance,bws,A7,0.268831167426
['910900136376782848'],dominance,bws,A7,0.337370545013
['901760751152623616'],dominance,bws,A7,0.631337948795
['937464406115536896'],dominance,bws,A7,0.212403671637
['881595365551734784'],dominance,bws,A7,0.240027554707
['849011970204413952'],dominance,bws,A7,0.332276066894
['837728913325436929'],dominance,bws,A7,0.25832561087
['831873161750777858'],dominance,bws,A7,0.632934872019
['909035573385551872'],dominance,bws,A7,0.640739385215
['907637364759154689'],dominance,bws,A7,0.367163099644
['902227588009132032'],dominance,bws,A7,0.452906544963
['851888918207373312'],dominance,bws,A7,0.948648328928
['898238119144804352'],dominance,bws,A7,0.466829261048
['817801846337261568'],dominance,bws,A7,0.941181908091
['830331776258154496'],dominance,bws,A7,0.094538721769
['928300532124528642'],dominance,bws,A7,0.474413181863
['894977549989761028'],dominance,bws,A7,0.374574863601
['895773430737502209'],dominance,bws,A7,0.497816040462
['883029304875069440'],dominance,bws,A7,0.612238029901
['864764317597609985'],dominance,bws,A7,0.422669576475
['888471355435495425'],dominance,bws,A7,0.710357670149
['849654610558058496'],dominance,bws,A7,0.584454553918
['830134096567341056'],dominance,bws,A7,0.506278652567
['924442245297778689'],dominance,bws,A7,0.552286129794
['900839107684958208'],dominance,bws,A7,0.940530234661
['905505634631680000'],dominance,bws,A7,0.672348043215
['926920815198662657'],dominance,bws,A7,0.456292681214
['883987877922820100'],dominance,bws,A7,0.518338799992
['868813502097567745'],dominance,bws,A7,0.493845534189
['933639881145962498'],dominance,bws,A7,0.270042326441
['883090735326793733'],dominance,bws,A7,0.361869695367
['864837110527864832'],dominance,bws,A7,0.7836316132
['825106228770697216'],dominance,bws,A7,0.518563815144
['833266466342440960'],dominance,bws,A7,0.640589816895
['883023109460242432'],dominance,bws,A7,0.284306353009
['848169663716626432'],dominance,bws,A7,0.774176327579
['891356324289802240'],dominance,bws,A7,0.295996962959
['820002854136070144'],dominance,bws,A7,0.583265352703
['868644843614031872'],dominance,bws,A7,0.951803207824
['824645908784680960'],dominance,bws,A7,0.308669856324
['817407111378440195'],dominance,bws,A7,0.749439235402
['863364746577313792'],dominance,bws,A7,0.61837205335
['824353425966190593'],dominance,bws,A7,0.362646975278
['816343164676083714'],dominance,bws,A7,0.43910886897
['944973370520633344'],dominance,bws,A7,0.340511803338
['913759942208839681'],dominance,bws,A7,0.383594371528
['905158707486629889'],dominance,bws,A7,0.571366166506
['846751748672966657'],dominance,bws,A7,0.723482159553
['862031016478859265'],dominance,bws,A7,0.569288672207
['829085472332857344'],dominance,bws,A7,0.077435554025
['836691496636145664'],dominance,bws,A7,0.310047316601
['921324851658461185'],dominance,bws,A7,0.938105134179
['898633930911264768'],dominance,bws,A7,0.516490248567
['932714719814840320'],dominance,bws,A7,0.45089394307
['819864483141193728'],dominance,bws,A7,0.775697068102
['941257379060035584'],dominance,bws,A7,0.273331271655
['925426206710878208'],dominance,bws,A7,0.486395779468
['825837382029209601'],dominance,bws,A7,0.667580634267
['827911993709514754'],dominance,bws,A7,0.765298590789
['893399193737474048'],dominance,bws,A7,0.810034319039
['908986176438247425'],dominance,bws,A7,0.349018197552
['842646246192041985'],dominance,bws,A7,0.874322918862
['943208238039920640'],dominance,bws,A7,0.41082428968
['821233209107218432'],dominance,bws,A7,0.319601346694
['815557023366516736'],dominance,bws,A7,0.580322625712
['840555470788149248'],dominance,bws,A7,0.5755108517
['818366770989907968'],dominance,bws,A7,0.254487861116
['866905574822338561'],dominance,bws,A7,0.315838474842
['898957436526014466'],dominance,bws,A7,0.430694661232
['831967975611707392'],dominance,bws,A7,0.571099804387
['852576954435993600'],dominance,bws,A7,0.422340328992
['925041483568353280'],dominance,bws,A7,0.614708064658
['917057431599026176'],dominance,bws,A7,0.365917443875
['923249524981862400'],dominance,bws,A7,0.198249826215
['886531287103791104'],dominance,bws,A7,0.634840392013
['913127148994646021'],dominance,bws,A7,0.845916404
['869116348806422528'],dominance,bws,A7,0.720438815475
['836997448715350020'],dominance,bws,A7,0.392183864948
['826774125087633409'],dominance,bws,A7,0.541681369588
['855700279915933698'],dominance,bws,A7,0.629502287575
['843889130606137344'],dominance,bws,A7,0.682122091728
['931428836029366274'],dominance,bws,A7,0.275898570082
['911557328897544193'],dominance,bws,A7,0.213604144024
['874318156629762048'],dominance,bws,A7,0.471814804396
['884809675413303296'],dominance,bws,A7,0.529261360547
['881112328653197312'],dominance,bws,A7,0.58541077833
['941799493917437955'],dominance,bws,A7,0.375825987428
['918513758036725761'],dominance,bws,A7,0.608168088643
['832979409518919681'],dominance,bws,A7,0.337268282538
['893852298807582720'],dominance,bws,A7,0.546579061613
['902141686612193281'],dominance,bws,A7,0.754669222757
['841354135349952513'],dominance,bws,A7,0.736052049794
['915059102874824704'],dominance,bws,A7,0.523828979576
['872197389276385280'],dominance,bws,A10,0.677091097828
['906447947092647936'],dominance,bws,A10,0.432524040031
['929386800522645508'],dominance,bws,A10,0.604540813669
['839145863217889282'],dominance,bws,A10,0.373457982106
['867703984580169730'],dominance,bws,A10,0.0933824395711
['845724240552824832'],dominance,bws,A10,0.59433111454
['889056087009308672'],dominance,bws,A10,0.471243585909
['905162052817362945'],dominance,bws,A10,0.545633414197
['910900136376782848'],dominance,bws,A10,0.505962704488
['901760751152623616'],dominance,bws,A10,0.222371806033
['937464406115536896'],dominance,bws,A10,0.0722214466969
['881595365551734784'],dominance,bws,A10,0.177175390323
['849011970204413952'],dominance,bws,A10,0.806173600925
['837728913325436929'],dominance,bws,A10,0.242322359172
['831873161750777858'],dominance,bws,A10,0.809630064084
['909035573385551872'],dominance,bws,A10,0.574433410735
['907637364759154689'],dominance,bws,A10,0.330346928356
['902227588009132032'],dominance,bws,A10,0.544609397069
['851888918207373312'],dominance,bws,A10,0.945541212126
['898238119144804352'],dominance,bws,A10,0.465632666789
['817801846337261568'],dominance,bws,A10,0.62857184186
['830331776258154496'],dominance,bws,A10,0.838652836029
['928300532124528642'],dominance,bws,A10,0.276557776
['894977549989761028'],dominance,bws,A10,0.426697205503
['895773430737502209'],dominance,bws,A10,0.711362573452
['883029304875069440'],dominance,bws,A10,0.364969400167
['864764317597609985'],dominance,bws,A10,0.502669882887
['888471355435495425'],dominance,bws,A10,0.633592731394
['849654610558058496'],dominance,bws,A10,0.496742711755
['830134096567341056'],dominance,bws,A10,0.745558393272
['924442245297778689'],dominance,bws,A10,0.464205318048
['900839107684958208'],dominance,bws,A10,0.837616365903
['905505634631680000'],dominance,bws,A10,0.354741482336
['926920815198662657'],dominance,bws,A10,0.0737583216449
['883987877922820100'],dominance,bws,A10,0.828002902166
['868813502097567745'],dominance,bws,A10,0.425309855873
['933639881145962498'],dominance,bws,A10,0.158519746566
['883090735326793733'],dominance,bws,A10,0.466476430889
['864837110527864832'],dominance,bws,A10,0.523283949445
['825106228770697216'],dominance,bws,A10,0.364449946953
['833266466342440960'],dominance,bws,A10,0.656488480084
['883023109460242432'],dominance,bws,A10,0.231683951275
['848169663716626432'],dominance,bws,A10,0.212559062279
['891356324289802240'],dominance,bws,A10,0.416612688365
['820002854136070144'],dominance,bws,A10,0.619755579675
['868644843614031872'],dominance,bws,A10,0.8407959232
['824645908784680960'],dominance,bws,A10,0.469417904661
['817407111378440195'],dominance,bws,A10,0.785027642365
['863364746577313792'],dominance,bws,A10,0.510986399585
['824353425966190593'],dominance,bws,A10,0.656567781452
['816343164676083714'],dominance,bws,A10,0.818702969693
['944973370520633344'],dominance,bws,A10,0.255969357939
['913759942208839681'],dominance,bws,A10,0.939475088819
['905158707486629889'],dominance,bws,A10,0.600565077932
['846751748672966657'],dominance,bws,A10,0.606463180386
['862031016478859265'],dominance,bws,A10,0.154312972135
['829085472332857344'],dominance,bws,A10,0.483548255917
['836691496636145664'],dominance,bws,A10,0.559364303764
['921324851658461185'],dominance,bws,A10,0.950870055311
['898633930911264768'],dominance,bws,A10,0.372796024694
['932714719814840320'],dominance,bws,A10,0.415588577688
['819864483141193728'],dominance,bws,A10,0.833639494531
['941257379060035584'],dominance,bws,A10,0.0758827385209
['925426206710878208'],dominance,bws,A10,0.602981601352
['825837382029209601'],dominance,bws,A10,0.411353002469
['827911993709514754'],dominance,bws,A10,0.250486768842
['893399193737474048'],dominance,bws,A10,0.467897243534
['908986176438247425'],dominance,bws,A10,0.477254225485
['842646246192041985'],dominance,bws,A10,0.840972038933
['943208238039920640'],dominance,bws,A10,0.399402632101
['821233209107218432'],dominance,bws,A10,0.769662840239
['815557023366516736'],dominance,bws,A10,0.447407614804
['840555470788149248'],dominance,bws,A10,0.509352900616
['818366770989907968'],dominance,bws,A10,0.263212118547
['866905574822338561'],dominance,bws,A10,0.394630829901
['898957436526014466'],dominance,bws,A10,0.551888436382
['831967975611707392'],dominance,bws,A10,0.546588446339
['852576954435993600'],dominance,bws,A10,0.501906642847
['925041483568353280'],dominance,bws,A10,0.386968926221
['917057431599026176'],dominance,bws,A10,0.785154465187
['923249524981862400'],dominance,bws,A10,0.264836876245
['886531287103791104'],dominance,bws,A10,0.396418890975
['913127148994646021'],dominance,bws,A10,0.643823686519
['869116348806422528'],dominance,bws,A10,0.367346783636
['836997448715350020'],dominance,bws,A10,0.513939866825
['826774125087633409'],dominance,bws,A10,0.451313290405
['855700279915933698'],dominance,bws,A10,0.461398980212
['843889130606137344'],dominance,bws,A10,0.466125668728
['931428836029366274'],dominance,bws,A10,0.567387315268
['911557328897544193'],dominance,bws,A10,0.303874065875
['874318156629762048'],dominance,bws,A10,0.689368641188
['884809675413303296'],dominance,bws,A10,0.62242962549
['881112328653197312'],dominance,bws,A10,0.615703557308
['941799493917437955'],dominance,bws,A10,0.0793184273609
['918513758036725761'],dominance,bws,A10,0.400492890736
['832979409518919681'],dominance,bws,A10,0.548741063411
['893852298807582720'],dominance,bws,A10,0.526517993608
['902141686612193281'],dominance,bws,A10,0.952135898658
['841354135349952513'],dominance,bws,A10,0.71036070711
['915059102874824704'],dominance,bws,A10,0.710194822755
['872197389276385280'],dominance,bws,A3,0.958508947777
['906447947092647936'],dominance,bws,A3,0.321827378005
['929386800522645508'],dominance,bws,A3,0.694650983852
['839145863217889282'],dominance,bws,A3,0.0801498117416
['867703984580169730'],dominance,bws,A3,0.208782202178
['845724240552824832'],dominance,bws,A3,0.655692247671
['889056087009308672'],dominance,bws,A3,0.480711952052
['905162052817362945'],dominance,bws,A3,0.417436470828
['910900136376782848'],dominance,bws,A3,0.609382681802
['901760751152623616'],dominance,bws,A3,0.786498139662
['937464406115536896'],dominance,bws,A3,0.0827395245593
['881595365551734784'],dominance,bws,A3,0.259624276051
['849011970204413952'],dominance,bws,A3,0.287181030867
['837728913325436929'],dominance,bws,A3,0.236757751529
['831873161750777858'],dominance,bws,A3,0.340267791919
['909035573385551872'],dominance,bws,A3,0.62841152582
['907637364759154689'],dominance,bws,A3,0.690968851125
['902227588009132032'],dominance,bws,A3,0.338365169346
['851888918207373312'],dominance,bws,A3,0.589749891607
['898238119144804352'],dominance,bws,A3,0.736595135438
['817801846337261568'],dominance,bws,A3,0.519652916328
['830331776258154496'],dominance,bws,A3,0.0925353059889
['928300532124528642'],dominance,bws,A3,0.256525724414
['894977549989761028'],dominance,bws,A3,0.694867739532
['895773430737502209'],dominance,bws,A3,0.38068623718
['883029304875069440'],dominance,bws,A3,0.694704346171
['864764317597609985'],dominance,bws,A3,0.547985436901
['888471355435495425'],dominance,bws,A3,0.553987729153
['849654610558058496'],dominance,bws,A3,0.297563853422
['830134096567341056'],dominance,bws,A3,0.396483034182
['924442245297778689'],dominance,bws,A3,0.623515585482
['900839107684958208'],dominance,bws,A3,0.804942229036
['905505634631680000'],dominance,bws,A3,0.772225985085
['926920815198662657'],dominance,bws,A3,0.293704274157
['883987877922820100'],dominance,bws,A3,0.411216692574
['868813502097567745'],dominance,bws,A3,0.583604069482
['933639881145962498'],dominance,bws,A3,0.442361709084
['883090735326793733'],dominance,bws,A3,0.502046192661
['864837110527864832'],dominance,bws,A3,0.463995169225
['825106228770697216'],dominance,bws,A3,0.285736064367
['833266466342440960'],dominance,bws,A3,0.3968762902
['883023109460242432'],dominance,bws,A3,0.479921026241
['848169663716626432'],dominance,bws,A3,0.625596139175
['891356324289802240'],dominance,bws,A3,0.621242453966
['820002854136070144'],dominance,bws,A3,0.395847949612
['868644843614031872'],dominance,bws,A3,0.530388415583
['824645908784680960'],dominance,bws,A3,0.525855621113
['817407111378440195'],dominance,bws,A3,0.566160605646
['863364746577313792'],dominance,bws,A3,0.652909697136
['824353425966190593'],dominance,bws,A3,0.778689986785
['816343164676083714'],dominance,bws,A3,0.591506183786
['944973370520633344'],dominance,bws,A3,0.243350238687
['913759942208839681'],dominance,bws,A3,0.44784893635
['905158707486629889'],dominance,bws,A3,0.733065242641
['846751748672966657'],dominance,bws,A3,0.558387346417
['862031016478859265'],dominance,bws,A3,0.505268484843
['829085472332857344'],dominance,bws,A3,0.52550510924
['836691496636145664'],dominance,bws,A3,0.699587799352
['921324851658461185'],dominance,bws,A3,0.482620559952
['898633930911264768'],dominance,bws,A3,0.493817666937
['932714719814840320'],dominance,bws,A3,0.695157486681
['819864483141193728'],dominance,bws,A3,0.601659651174
['941257379060035584'],dominance,bws,A3,0.392142641343
['925426206710878208'],dominance,bws,A3,0.584180668384
['825837382029209601'],dominance,bws,A3,0.727381273393
['827911993709514754'],dominance,bws,A3,0.340656640001
['893399193737474048'],dominance,bws,A3,0.240777187108
['908986176438247425'],dominance,bws,A3,0.490684921671
['842646246192041985'],dominance,bws,A3,0.488608310396
['943208238039920640'],dominance,bws,A3,0.438733022805
['821233209107218432'],dominance,bws,A3,0.581722909822
['815557023366516736'],dominance,bws,A3,0.325904923464
['840555470788149248'],dominance,bws,A3,0.611954441717
['818366770989907968'],dominance,bws,A3,0.224114379479
['866905574822338561'],dominance,bws,A3,0.453789404803
['898957436526014466'],dominance,bws,A3,0.570057628531
['831967975611707392'],dominance,bws,A3,0.625524892962
['852576954435993600'],dominance,bws,A3,0.383958515384
['925041483568353280'],dominance,bws,A3,0.549628159629
['917057431599026176'],dominance,bws,A3,0.55385442182
['923249524981862400'],dominance,bws,A3,0.448275187219
['886531287103791104'],dominance,bws,A3,0.435136043268
['913127148994646021'],dominance,bws,A3,0.777981287534
['869116348806422528'],dominance,bws,A3,0.527399772803
['836997448715350020'],dominance,bws,A3,0.702874418923
['826774125087633409'],dominance,bws,A3,0.950812353444
['855700279915933698'],dominance,bws,A3,0.528878332889
['843889130606137344'],dominance,bws,A3,0.646231773202
['931428836029366274'],dominance,bws,A3,0.0811435315799
['911557328897544193'],dominance,bws,A3,0.351753660929
['874318156629762048'],dominance,bws,A3,0.371479324231
['884809675413303296'],dominance,bws,A3,0.673377208494
['881112328653197312'],dominance,bws,A3,0.635230630381
['941799493917437955'],dominance,bws,A3,0.606713416244
['918513758036725761'],dominance,bws,A3,0.748958396153
['832979409518919681'],dominance,bws,A3,0.672852345321
['893852298807582720'],dominance,bws,A3,0.334700914173
['902141686612193281'],dominance,bws,A3,0.332340968506
['841354135349952513'],dominance,bws,A3,0.320298126953
['915059102874824704'],dominance,bws,A3,0.533124050043
['872197389276385280'],dominance,bws,A15,0.756856218266
['906447947092647936'],dominance,bws,A15,0.248712656326
['929386800522645508'],dominance,bws,A15,0.947152266881
['839145863217889282'],dominance,bws,A15,0.163244149535
['867703984580169730'],dominance,bws,A15,0.060363301045
['845724240552824832'],dominance,bws,A15,0.576138109155
['889056087009308672'],dominance,bws,A15,0.315239764747
['905162052817362945'],dominance,bws,A15,0.355218678334
['910900136376782848'],dominance,bws,A15,0.517867371207
['901760751152623616'],dominance,bws,A15,0.73623386917
['937464406115536896'],dominance,bws,A15,0.274366477068
['881595365551734784'],dominance,bws,A15,0.068182039814
['849011970204413952'],dominance,bws,A15,0.164214789913
['837728913325436929'],dominance,bws,A15,0.0861580751166
['831873161750777858'],dominance,bws,A15,0.940441480197
['909035573385551872'],dominance,bws,A15,0.597387154735
['907637364759154689'],dominance,bws,A15,0.432657713952
['902227588009132032'],dominance,bws,A15,0.209054460958
['851888918207373312'],dominance,bws,A15,0.817804249279
['898238119144804352'],dominance,bws,A15,0.511557897845
['817801846337261568'],dominance,bws,A15,0.246683683812
['830331776258154496'],dominance,bws,A15,0.42719451968
['928300532124528642'],dominance,bws,A15,0.444346018739
['894977549989761028'],dominance,bws,A15,0.357309826315
['895773430737502209'],dominance,bws,A15,0.650413882278
['883029304875069440'],dominance,bws,A15,0.474485163057
['864764317597609985'],dominance,bws,A15,0.438761919219
['888471355435495425'],dominance,bws,A15,0.481592532074
['849654610558058496'],dominance,bws,A15,0.445865910665
['830134096567341056'],dominance,bws,A15,0.948679835192
['924442245297778689'],dominance,bws,A15,0.61865449826
['900839107684958208'],dominance,bws,A15,0.860163403427
['905505634631680000'],dominance,bws,A15,0.807023356393
['926920815198662657'],dominance,bws,A15,0.527152049514
['883987877922820100'],dominance,bws,A15,0.704899392147
['868813502097567745'],dominance,bws,A15,0.614064368507
['933639881145962498'],dominance,bws,A15,0.430450036526
['883090735326793733'],dominance,bws,A15,0.345488672343
['864837110527864832'],dominance,bws,A15,0.216851408404
['825106228770697216'],dominance,bws,A15,0.520332012163
['833266466342440960'],dominance,bws,A15,0.663075336547
['883023109460242432'],dominance,bws,A15,0.356899490783
['848169663716626432'],dominance,bws,A15,0.630857743461
['891356324289802240'],dominance,bws,A15,0.515901557763
['820002854136070144'],dominance,bws,A15,0.215248541815
['868644843614031872'],dominance,bws,A15,0.734255800822
['824645908784680960'],dominance,bws,A15,0.483183378523
['817407111378440195'],dominance,bws,A15,0.73166230556
['863364746577313792'],dominance,bws,A15,0.576242206631
['824353425966190593'],dominance,bws,A15,0.465692652725
['816343164676083714'],dominance,bws,A15,0.820506087351
['944973370520633344'],dominance,bws,A15,0.381836320596
['913759942208839681'],dominance,bws,A15,0.321696501277
['905158707486629889'],dominance,bws,A15,0.459690982145
['846751748672966657'],dominance,bws,A15,0.825918853019
['862031016478859265'],dominance,bws,A15,0.240810420898
['829085472332857344'],dominance,bws,A15,0.560085121708
['836691496636145664'],dominance,bws,A15,0.793371001034
['921324851658461185'],dominance,bws,A15,0.73832709131
['898633930911264768'],dominance,bws,A15,0.529418278088
['932714719814840320'],dominance,bws,A15,0.942171634293
['819864483141193728'],dominance,bws,A15,0.790020775649
['941257379060035584'],dominance,bws,A15,0.658810470278
['925426206710878208'],dominance,bws,A15,0.402893944584
['825837382029209601'],dominance,bws,A15,0.576498035441
['827911993709514754'],dominance,bws,A15,0.391947327401
['893399193737474048'],dominance,bws,A15,0.573368123003
['908986176438247425'],dominance,bws,A15,0.580623030883
['842646246192041985'],dominance,bws,A15,0.767948929959
['943208238039920640'],dominance,bws,A15,0.244390391927
['821233209107218432'],dominance,bws,A15,0.526746193762
['815557023366516736'],dominance,bws,A15,0.590510250442
['840555470788149248'],dominance,bws,A15,0.477218630744
['818366770989907968'],dominance,bws,A15,0.0741814090495
['866905574822338561'],dominance,bws,A15,0.202248277309
['898957436526014466'],dominance,bws,A15,0.699873135061
['831967975611707392'],dominance,bws,A15,0.45194219653
['852576954435993600'],dominance,bws,A15,0.0875253927508
['925041483568353280'],dominance,bws,A15,0.62689711235
['917057431599026176'],dominance,bws,A15,0.49021425118
['923249524981862400'],dominance,bws,A15,0.579491958193
['886531287103791104'],dominance,bws,A15,0.358505151063
['913127148994646021'],dominance,bws,A15,0.523115459624
['869116348806422528'],dominance,bws,A15,0.359676612984
['836997448715350020'],dominance,bws,A15,0.518455398531
['826774125087633409'],dominance,bws,A15,0.504746168766
['855700279915933698'],dominance,bws,A15,0.332352495446
['843889130606137344'],dominance,bws,A15,0.815387264019
['931428836029366274'],dominance,bws,A15,0.081089327178
['911557328897544193'],dominance,bws,A15,0.46486291637
['874318156629762048'],dominance,bws,A15,0.497427697116
['884809675413303296'],dominance,bws,A15,0.333652138567
['881112328653197312'],dominance,bws,A15,0.581202844856
['941799493917437955'],dominance,bws,A15,0.396365093308
['918513758036725761'],dominance,bws,A15,0.662556865546
['832979409518919681'],dominance,bws,A15,0.689611375083
['893852298807582720'],dominance,bws,A15,0.411555451776
['902141686612193281'],dominance,bws,A15,0.741679231788
['841354135349952513'],dominance,bws,A15,0.342306794159
['915059102874824704'],dominance,bws,A15,0.661872484603
['872197389276385280'],dominance,bws,A5,0.565887632319
['906447947092647936'],dominance,bws,A5,0.30463230834
['929386800522645508'],dominance,bws,A5,0.60022053744
['839145863217889282'],dominance,bws,A5,0.231840930115
['867703984580169730'],dominance,bws,A5,0.283136811331
['845724240552824832'],dominance,bws,A5,0.456458187298
['889056087009308672'],dominance,bws,A5,0.644141635774
['905162052817362945'],dominance,bws,A5,0.724081413214
['910900136376782848'],dominance,bws,A5,0.474928720004
['901760751152623616'],dominance,bws,A5,0.478863428383
['937464406115536896'],dominance,bws,A5,0.189834646536
['881595365551734784'],dominance,bws,A5,0.352186377211
['849011970204413952'],dominance,bws,A5,0.215189676375
['837728913325436929'],dominance,bws,A5,0.267505149713
['831873161750777858'],dominance,bws,A5,0.365876186428
['909035573385551872'],dominance,bws,A5,0.510911436879
['907637364759154689'],dominance,bws,A5,0.575168339236
['902227588009132032'],dominance,bws,A5,0.61281201847
['851888918207373312'],dominance,bws,A5,0.496241639034
['898238119144804352'],dominance,bws,A5,0.738103694412
['817801846337261568'],dominance,bws,A5,0.565785881905
['830331776258154496'],dominance,bws,A5,0.225360253047
['928300532124528642'],dominance,bws,A5,0.591815295672
['894977549989761028'],dominance,bws,A5,0.730664354986
['895773430737502209'],dominance,bws,A5,0.496067991764
['883029304875069440'],dominance,bws,A5,0.60052923393
['864764317597609985'],dominance,bws,A5,0.454237715877
['888471355435495425'],dominance,bws,A5,0.671471966853
['849654610558058496'],dominance,bws,A5,0.397031709284
['830134096567341056'],dominance,bws,A5,0.628345275491
['924442245297778689'],dominance,bws,A5,0.489093167995
['900839107684958208'],dominance,bws,A5,0.679311793364
['905505634631680000'],dominance,bws,A5,0.398957085668
['926920815198662657'],dominance,bws,A5,0.487510145699
['883987877922820100'],dominance,bws,A5,0.948306884567
['868813502097567745'],dominance,bws,A5,0.626677468923
['933639881145962498'],dominance,bws,A5,0.825036455281
['883090735326793733'],dominance,bws,A5,0.634971912386
['864837110527864832'],dominance,bws,A5,0.571402568715
['825106228770697216'],dominance,bws,A5,0.740075301722
['833266466342440960'],dominance,bws,A5,0.673917264835
['883023109460242432'],dominance,bws,A5,0.456901772146
['848169663716626432'],dominance,bws,A5,0.0844416600515
['891356324289802240'],dominance,bws,A5,0.504668230999
['820002854136070144'],dominance,bws,A5,0.516652903038
['868644843614031872'],dominance,bws,A5,0.517281800035
['824645908784680960'],dominance,bws,A5,0.818066767339
['817407111378440195'],dominance,bws,A5,0.397610292498
['863364746577313792'],dominance,bws,A5,0.56456676222
['824353425966190593'],dominance,bws,A5,0.552598306386
['816343164676083714'],dominance,bws,A5,0.503720568015
['944973370520633344'],dominance,bws,A5,0.527697919501
['913759942208839681'],dominance,bws,A5,0.507557267038
['905158707486629889'],dominance,bws,A5,0.594685350275
['846751748672966657'],dominance,bws,A5,0.492028874452
['862031016478859265'],dominance,bws,A5,0.572928592767
['829085472332857344'],dominance,bws,A5,0.60739741298
['836691496636145664'],dominance,bws,A5,0.743287873847
['921324851658461185'],dominance,bws,A5,0.193046681094
['898633930911264768'],dominance,bws,A5,0.450272198435
['932714719814840320'],dominance,bws,A5,0.571994984802
['819864483141193728'],dominance,bws,A5,0.423085330388
['941257379060035584'],dominance,bws,A5,0.551263111322
['925426206710878208'],dominance,bws,A5,0.658337173745
['825837382029209601'],dominance,bws,A5,0.412078967481
['827911993709514754'],dominance,bws,A5,0.593375174126
['893399193737474048'],dominance,bws,A5,0.248953572248
['908986176438247425'],dominance,bws,A5,0.733518244503
['842646246192041985'],dominance,bws,A5,0.333545406385
['943208238039920640'],dominance,bws,A5,0.383710088592
['821233209107218432'],dominance,bws,A5,0.260059580775
['815557023366516736'],dominance,bws,A5,0.404165431748
['840555470788149248'],dominance,bws,A5,0.590035637913
['818366770989907968'],dominance,bws,A5,0.1639204982
['866905574822338561'],dominance,bws,A5,0.456552964318
['898957436526014466'],dominance,bws,A5,0.437248760837
['831967975611707392'],dominance,bws,A5,0.743398097266
['852576954435993600'],dominance,bws,A5,0.359589641321
['925041483568353280'],dominance,bws,A5,0.656200739907
['917057431599026176'],dominance,bws,A5,0.440043806023
['923249524981862400'],dominance,bws,A5,0.72191459458
['886531287103791104'],dominance,bws,A5,0.642029328158
['913127148994646021'],dominance,bws,A5,0.946548461899
['869116348806422528'],dominance,bws,A5,0.774516309995
['836997448715350020'],dominance,bws,A5,0.232700952419
['826774125087633409'],dominance,bws,A5,0.498113453836
['855700279915933698'],dominance,bws,A5,0.410707659207
['843889130606137344'],dominance,bws,A5,0.446467593655
['931428836029366274'],dominance,bws,A5,0.415669114017
['911557328897544193'],dominance,bws,A5,0.515491086627
['874318156629762048'],dominance,bws,A5,0.500650138091
['884809675413303296'],dominance,bws,A5,0.451439048988
['881112328653197312'],dominance,bws,A5,0.459413906946
['941799493917437955'],dominance,bws,A5,0.282328351295
['918513758036725761'],dominance,bws,A5,0.597925300323
['832979409518919681'],dominance,bws,A5,0.447580713373
['893852298807582720'],dominance,bws,A5,0.584568453037
['902141686612193281'],dominance,bws,A5,0.347840751423
['841354135349952513'],dominance,bws,A5,0.188143055592
['915059102874824704'],dominance,bws,A5,0.256414321822
['872197389276385280'],dominance,bws,A17,0.74538157891
['906447947092647936'],dominance,bws,A17,0.243539098605
['929386800522645508'],dominance,bws,A17,0.810320638608
['839145863217889282'],dominance,bws,A17,0.054971782311
['867703984580169730'],dominance,bws,A17,0.305791696652
['845724240552824832'],dominance,bws,A17,0.732925714684
['889056087009308672'],dominance,bws,A17,0.468466403773
['905162052817362945'],dominance,bws,A17,0.516381521714
['910900136376782848'],dominance,bws,A17,0.845982287369
['901760751152623616'],dominance,bws,A17,0.556862328902
['937464406115536896'],dominance,bws,A17,0.257548854317
['881595365551734784'],dominance,bws,A17,0.0804148384027
['849011970204413952'],dominance,bws,A17,0.305023515085
['837728913325436929'],dominance,bws,A17,0.254887982915
['831873161750777858'],dominance,bws,A17,0.572475147034
['909035573385551872'],dominance,bws,A17,0.324755230182
['907637364759154689'],dominance,bws,A17,0.640478561897
['902227588009132032'],dominance,bws,A17,0.739629193973
['851888918207373312'],dominance,bws,A17,0.462409684567
['898238119144804352'],dominance,bws,A17,0.56570909857
['817801846337261568'],dominance,bws,A17,0.360529941999
['830331776258154496'],dominance,bws,A17,0.352867315415
['928300532124528642'],dominance,bws,A17,0.389980356332
['894977549989761028'],dominance,bws,A17,0.58957537949
['895773430737502209'],dominance,bws,A17,0.836096847441
['883029304875069440'],dominance,bws,A17,0.582598213271
['864764317597609985'],dominance,bws,A17,0.375837813954
['888471355435495425'],dominance,bws,A17,0.533706006894
['849654610558058496'],dominance,bws,A17,0.471811886295
['830134096567341056'],dominance,bws,A17,0.526968009329
['924442245297778689'],dominance,bws,A17,0.831610708724
['900839107684958208'],dominance,bws,A17,0.782875663809
['905505634631680000'],dominance,bws,A17,0.638164931092
['926920815198662657'],dominance,bws,A17,0.345113221707
['883987877922820100'],dominance,bws,A17,0.490431209772
['868813502097567745'],dominance,bws,A17,0.230476086662
['933639881145962498'],dominance,bws,A17,0.539584628518
['883090735326793733'],dominance,bws,A17,0.436446945892
['864837110527864832'],dominance,bws,A17,0.294668344197
['825106228770697216'],dominance,bws,A17,0.269547128443
['833266466342440960'],dominance,bws,A17,0.765046944352
['883023109460242432'],dominance,bws,A17,0.753660004177
['848169663716626432'],dominance,bws,A17,0.0881792169558
['891356324289802240'],dominance,bws,A17,0.580182518326
['820002854136070144'],dominance,bws,A17,0.276180541441
['868644843614031872'],dominance,bws,A17,0.474366531598
['824645908784680960'],dominance,bws,A17,0.589178832055
['817407111378440195'],dominance,bws,A17,0.614702681081
['863364746577313792'],dominance,bws,A17,0.732304985799
['824353425966190593'],dominance,bws,A17,0.674960321296
['816343164676083714'],dominance,bws,A17,0.707690059377
['944973370520633344'],dominance,bws,A17,0.26815452724
['913759942208839681'],dominance,bws,A17,0.212842866961
['905158707486629889'],dominance,bws,A17,0.675208205149
['846751748672966657'],dominance,bws,A17,0.790124683243
['862031016478859265'],dominance,bws,A17,0.447728808502
['829085472332857344'],dominance,bws,A17,0.475484173933
['836691496636145664'],dominance,bws,A17,0.493703643344
['921324851658461185'],dominance,bws,A17,0.353073450654
['898633930911264768'],dominance,bws,A17,0.64045895491
['932714719814840320'],dominance,bws,A17,0.627402996342
['819864483141193728'],dominance,bws,A17,0.596444328689
['941257379060035584'],dominance,bws,A17,0.388265762806
['925426206710878208'],dominance,bws,A17,0.609867723624
['825837382029209601'],dominance,bws,A17,0.690065651923
['827911993709514754'],dominance,bws,A17,0.295975306109
['893399193737474048'],dominance,bws,A17,0.559429326666
['908986176438247425'],dominance,bws,A17,0.428380691634
['842646246192041985'],dominance,bws,A17,0.592434245513
['943208238039920640'],dominance,bws,A17,0.406682890958
['821233209107218432'],dominance,bws,A17,0.337209616833
['815557023366516736'],dominance,bws,A17,0.319965636009
['840555470788149248'],dominance,bws,A17,0.561114681265
['818366770989907968'],dominance,bws,A17,0.2283914251
['866905574822338561'],dominance,bws,A17,0.812652678871
['898957436526014466'],dominance,bws,A17,0.436065458928
['831967975611707392'],dominance,bws,A17,0.544770371676
['852576954435993600'],dominance,bws,A17,0.0828879187521
['925041483568353280'],dominance,bws,A17,0.461659573752
['917057431599026176'],dominance,bws,A17,0.382636802723
['923249524981862400'],dominance,bws,A17,0.486721937272
['886531287103791104'],dominance,bws,A17,0.43195164714
['913127148994646021'],dominance,bws,A17,0.799602630025
['869116348806422528'],dominance,bws,A17,0.429853869069
['836997448715350020'],dominance,bws,A17,0.526721487444
['826774125087633409'],dominance,bws,A17,0.532677505393
['855700279915933698'],dominance,bws,A17,0.476846655937
['843889130606137344'],dominance,bws,A17,0.946389535977
['931428836029366274'],dominance,bws,A17,0.216725630956
['911557328897544193'],dominance,bws,A17,0.535254354346
['874318156629762048'],dominance,bws,A17,0.467099600314
['884809675413303296'],dominance,bws,A17,0.546909324837
['881112328653197312'],dominance,bws,A17,0.708239407504
['941799493917437955'],dominance,bws,A17,0.323255010097
['918513758036725761'],dominance,bws,A17,0.946362694686
['832979409518919681'],dominance,bws,A17,0.703145867114
['893852298807582720'],dominance,bws,A17,0.571337408558
['902141686612193281'],dominance,bws,A17,0.576162673289
['841354135349952513'],dominance,bws,A17,0.261314921246
['915059102874824704'],dominance,bws,A17,0.552470459123
['872197389276385280'],dominance,pc,A13,0.397853088032
['906447947092647936'],dominance,pc,A13,0.191464543191
['929386800522645508'],dominance,pc,A13,0.846313310246
['839145863217889282'],dominance,pc,A13,0.495552069912
['867703984580169730'],dominance,pc,A13,0.386908292379
['845724240552824832'],dominance,pc,A13,0.615624152377
['889056087009308672'],dominance,pc,A13,0.186931199336
['905162052817362945'],dominance,pc,A13,0.458315972975
['910900136376782848'],dominance,pc,A13,0.471288952994
['901760751152623616'],dominance,pc,A13,0.702727006828
['937464406115536896'],dominance,pc,A13,0.245364865909
['881595365551734784'],dominance,pc,A13,0.235785510227
['849011970204413952'],dominance,pc,A13,0.4545372234
['837728913325436929'],dominance,pc,A13,0.184563141943
['831873161750777858'],dominance,pc,A13,0.84312982371
['909035573385551872'],dominance,pc,A13,0.565456133723
['907637364759154689'],dominance,pc,A13,0.502769556316
['902227588009132032'],dominance,pc,A13,0.85866372026
['851888918207373312'],dominance,pc,A13,0.922642826299
['898238119144804352'],dominance,pc,A13,0.16363754786
['817801846337261568'],dominance,pc,A13,0.498567260747
['830331776258154496'],dominance,pc,A13,0.180406123436
['928300532124528642'],dominance,pc,A13,0.203848048293
['894977549989761028'],dominance,pc,A13,0.49089017522
['895773430737502209'],dominance,pc,A13,0.46548376788
['883029304875069440'],dominance,pc,A13,0.901612637696
['864764317597609985'],dominance,pc,A13,0.553951899488
['888471355435495425'],dominance,pc,A13,0.509727999428
['849654610558058496'],dominance,pc,A13,0.852614329414
['830134096567341056'],dominance,pc,A13,0.867276298233
['924442245297778689'],dominance,pc,A13,0.170954625599
['900839107684958208'],dominance,pc,A13,0.687714608879
['905505634631680000'],dominance,pc,A13,0.582918737693
['926920815198662657'],dominance,pc,A13,0.589025672854
['883987877922820100'],dominance,pc,A13,0.914627477943
['868813502097567745'],dominance,pc,A13,0.6138880377
['933639881145962498'],dominance,pc,A13,0.616604266057
['883090735326793733'],dominance,pc,A13,0.200731249144
['864837110527864832'],dominance,pc,A13,0.639876166748
['825106228770697216'],dominance,pc,A13,0.564413849693
['833266466342440960'],dominance,pc,A13,0.862229471402
['883023109460242432'],dominance,pc,A13,0.244054343594
['848169663716626432'],dominance,pc,A13,0.593514483581
['891356324289802240'],dominance,pc,A13,0.503009488376
['820002854136070144'],dominance,pc,A13,0.594834419345
['868644843614031872'],dominance,pc,A13,0.603721746686
['824645908784680960'],dominance,pc,A13,0.507831791903
['817407111378440195'],dominance,pc,A13,0.64582638959
['863364746577313792'],dominance,pc,A13,0.243233128615
['824353425966190593'],dominance,pc,A13,0.468247707426
['816343164676083714'],dominance,pc,A13,0.510016765567
['944973370520633344'],dominance,pc,A13,0.353726226054
['913759942208839681'],dominance,pc,A13,0.481962943976
['905158707486629889'],dominance,pc,A13,0.671230819956
['846751748672966657'],dominance,pc,A13,0.86798387138
['862031016478859265'],dominance,pc,A13,0.18884039809
['829085472332857344'],dominance,pc,A13,0.394344029985
['836691496636145664'],dominance,pc,A13,0.564848175312
['921324851658461185'],dominance,pc,A13,0.905811498933
['898633930911264768'],dominance,pc,A13,0.407555210785
['932714719814840320'],dominance,pc,A13,0.833698497587
['819864483141193728'],dominance,pc,A13,0.894116389085
['941257379060035584'],dominance,pc,A13,0.926261032498
['925426206710878208'],dominance,pc,A13,0.425451584969
['825837382029209601'],dominance,pc,A13,0.188224431956
['827911993709514754'],dominance,pc,A13,0.868022142821
['893399193737474048'],dominance,pc,A13,0.914398721486
['908986176438247425'],dominance,pc,A13,0.468779083231
['842646246192041985'],dominance,pc,A13,0.426121377178
['943208238039920640'],dominance,pc,A13,0.550574156111
['821233209107218432'],dominance,pc,A13,0.182535619917
['815557023366516736'],dominance,pc,A13,0.248213853288
['840555470788149248'],dominance,pc,A13,0.463796123024
['818366770989907968'],dominance,pc,A13,0.212667506831
['866905574822338561'],dominance,pc,A13,0.499393845691
['898957436526014466'],dominance,pc,A13,0.550793808738
['831967975611707392'],dominance,pc,A13,0.71167424129
['852576954435993600'],dominance,pc,A13,0.572124079565
['925041483568353280'],dominance,pc,A13,0.474179385512
['917057431599026176'],dominance,pc,A13,0.587218499902
['923249524981862400'],dominance,pc,A13,0.422720316935
['886531287103791104'],dominance,pc,A13,0.694827864311
['913127148994646021'],dominance,pc,A13,0.898019386706
['869116348806422528'],dominance,pc,A13,0.846089282062
['836997448715350020'],dominance,pc,A13,0.415000476991
['826774125087633409'],dominance,pc,A13,0.866277437761
['855700279915933698'],dominance,pc,A13,0.215092538552
['843889130606137344'],dominance,pc,A13,0.585514967567
['931428836029366274'],dominance,pc,A13,0.198162320597
['911557328897544193'],dominance,pc,A13,0.209818596469
['874318156629762048'],dominance,pc,A13,0.853029607254
['884809675413303296'],dominance,pc,A13,0.207180384254
['881112328653197312'],dominance,pc,A13,0.626215497031
['941799493917437955'],dominance,pc,A13,0.499529309892
['918513758036725761'],dominance,pc,A13,0.431923033334
['832979409518919681'],dominance,pc,A13,0.41787095813
['893852298807582720'],dominance,pc,A13,0.854299436422
['902141686612193281'],dominance,pc,A13,0.700880243216
['841354135349952513'],dominance,pc,A13,0.559301588033
['915059102874824704'],dominance,pc,A13,0.583400890027
['872197389276385280'],dominance,pc,A16,0.89774603374
['906447947092647936'],dominance,pc,A16,0.589342524222
['929386800522645508'],dominance,pc,A16,0.892110556348
['839145863217889282'],dominance,pc,A16,0.236045893187
['867703984580169730'],dominance,pc,A16,0.825206048014
['845724240552824832'],dominance,pc,A16,0.247104508721
['889056087009308672'],dominance,pc,A16,0.233470673715
['905162052817362945'],dominance,pc,A16,0.434895678993
['910900136376782848'],dominance,pc,A16,0.85011496841
['901760751152623616'],dominance,pc,A16,0.421429775142
['937464406115536896'],dominance,pc,A16,0.220491676949
['881595365551734784'],dominance,pc,A16,0.17392916552
['849011970204413952'],dominance,pc,A16,0.56368140707
['837728913325436929'],dominance,pc,A16,0.148254120169
['831873161750777858'],dominance,pc,A16,0.915137758485
['909035573385551872'],dominance,pc,A16,0.586700242082
['907637364759154689'],dominance,pc,A16,0.549464598885
['902227588009132032'],dominance,pc,A16,0.574091811151
['851888918207373312'],dominance,pc,A16,0.850782520773
['898238119144804352'],dominance,pc,A16,0.722528160864
['817801846337261568'],dominance,pc,A16,0.438405701512
['830331776258154496'],dominance,pc,A16,0.187681891255
['928300532124528642'],dominance,pc,A16,0.42578805747
['894977549989761028'],dominance,pc,A16,0.206377882587
['895773430737502209'],dominance,pc,A16,0.529416068367
['883029304875069440'],dominance,pc,A16,0.281806706674
['864764317597609985'],dominance,pc,A16,0.599535757903
['888471355435495425'],dominance,pc,A16,0.612828544876
['849654610558058496'],dominance,pc,A16,0.520420131537
['830134096567341056'],dominance,pc,A16,0.527565656516
['924442245297778689'],dominance,pc,A16,0.883430768409
['900839107684958208'],dominance,pc,A16,0.464237864317
['905505634631680000'],dominance,pc,A16,0.175256878716
['926920815198662657'],dominance,pc,A16,0.655784260594
['883987877922820100'],dominance,pc,A16,0.455366548084
['868813502097567745'],dominance,pc,A16,0.499245479658
['933639881145962498'],dominance,pc,A16,0.696759960089
['883090735326793733'],dominance,pc,A16,0.393125736376
['864837110527864832'],dominance,pc,A16,0.369254839037
['825106228770697216'],dominance,pc,A16,0.434359678932
['833266466342440960'],dominance,pc,A16,0.659202362138
['883023109460242432'],dominance,pc,A16,0.482748745754
['848169663716626432'],dominance,pc,A16,0.581504892426
['891356324289802240'],dominance,pc,A16,0.899637632084
['820002854136070144'],dominance,pc,A16,0.459809327368
['868644843614031872'],dominance,pc,A16,0.223809539318
['824645908784680960'],dominance,pc,A16,0.469445593204
['817407111378440195'],dominance,pc,A16,0.674439714903
['863364746577313792'],dominance,pc,A16,0.86672763676
['824353425966190593'],dominance,pc,A16,0.487280745819
['816343164676083714'],dominance,pc,A16,0.58080600701
['944973370520633344'],dominance,pc,A16,0.922449387291
['913759942208839681'],dominance,pc,A16,0.858903778256
['905158707486629889'],dominance,pc,A16,0.595497392458
['846751748672966657'],dominance,pc,A16,0.530821196087
['862031016478859265'],dominance,pc,A16,0.732590573888
['829085472332857344'],dominance,pc,A16,0.553376989213
['836691496636145664'],dominance,pc,A16,0.830409691742
['921324851658461185'],dominance,pc,A16,0.197714969413
['898633930911264768'],dominance,pc,A16,0.918512538131
['932714719814840320'],dominance,pc,A16,0.552569509867
['819864483141193728'],dominance,pc,A16,0.50222653027
['941257379060035584'],dominance,pc,A16,0.188061672697
['925426206710878208'],dominance,pc,A16,0.441779600136
['825837382029209601'],dominance,pc,A16,0.433975367407
['827911993709514754'],dominance,pc,A16,0.429498858391
['893399193737474048'],dominance,pc,A16,0.88515328579
['908986176438247425'],dominance,pc,A16,0.684562077812
['842646246192041985'],dominance,pc,A16,0.12852725876
['943208238039920640'],dominance,pc,A16,0.439690435802
['821233209107218432'],dominance,pc,A16,0.252388530435
['815557023366516736'],dominance,pc,A16,0.873799908481
['840555470788149248'],dominance,pc,A16,0.422225713623
['818366770989907968'],dominance,pc,A16,0.675647457236
['866905574822338561'],dominance,pc,A16,0.863819031458
['898957436526014466'],dominance,pc,A16,0.695121448614
['831967975611707392'],dominance,pc,A16,0.707545457894
['852576954435993600'],dominance,pc,A16,0.461566611842
['925041483568353280'],dominance,pc,A16,0.684160926181
['917057431599026176'],dominance,pc,A16,0.866533675187
['923249524981862400'],dominance,pc,A16,0.56065977898
['886531287103791104'],dominance,pc,A16,0.227409156469
['913127148994646021'],dominance,pc,A16,0.551285108706
['869116348806422528'],dominance,pc,A16,0.376318453321
['836997448715350020'],dominance,pc,A16,0.488901340891
['826774125087633409'],dominance,pc,A16,0.472106028005
['855700279915933698'],dominance,pc,A16,0.264074304571
['843889130606137344'],dominance,pc,A16,0.871156982211
['931428836029366274'],dominance,pc,A16,0.180770308053
['911557328897544193'],dominance,pc,A16,0.639052867054
['874318156629762048'],dominance,pc,A16,0.368154670411
['884809675413303296'],dominance,pc,A16,0.573748642324
['881112328653197312'],dominance,pc,A16,0.864555912228
['941799493917437955'],dominance,pc,A16,0.264990081637
['918513758036725761'],dominance,pc,A16,0.867491517986
['832979409518919681'],dominance,pc,A16,0.561898141059
['893852298807582720'],dominance,pc,A16,0.892685580839
['902141686612193281'],dominance,pc,A16,0.306947993454
['841354135349952513'],dominance,pc,A16,0.197601161357
['915059102874824704'],dominance,pc,A16,0.128050497506
['872197389276385280'],dominance,pc,A6,0.889376351576
['906447947092647936'],dominance,pc,A6,0.189390559245
['929386800522645508'],dominance,pc,A6,0.216000573032
['839145863217889282'],dominance,pc,A6,0.240378065485
['867703984580169730'],dominance,pc,A6,0.425137747331
['845724240552824832'],dominance,pc,A6,0.851130809205
['889056087009308672'],dominance,pc,A6,0.541229164074
['905162052817362945'],dominance,pc,A6,0.447247352552
['910900136376782848'],dominance,pc,A6,0.409032721931
['901760751152623616'],dominance,pc,A6,0.194282830064
['937464406115536896'],dominance,pc,A6,0.159819380498
['881595365551734784'],dominance,pc,A6,0.200140688987
['849011970204413952'],dominance,pc,A6,0.66422742424
['837728913325436929'],dominance,pc,A6,0.65683646004
['831873161750777858'],dominance,pc,A6,0.882998296714
['909035573385551872'],dominance,pc,A6,0.620482774815
['907637364759154689'],dominance,pc,A6,0.218793866719
['902227588009132032'],dominance,pc,A6,0.599369335288
['851888918207373312'],dominance,pc,A6,0.877024544499
['898238119144804352'],dominance,pc,A6,0.417416891018
['817801846337261568'],dominance,pc,A6,0.183382236114
['830331776258154496'],dominance,pc,A6,0.530626669101
['928300532124528642'],dominance,pc,A6,0.846976610009
['894977549989761028'],dominance,pc,A6,0.488106412696
['895773430737502209'],dominance,pc,A6,0.120411476634
['883029304875069440'],dominance,pc,A6,0.853603890656
['864764317597609985'],dominance,pc,A6,0.504118215387
['888471355435495425'],dominance,pc,A6,0.874728700608
['849654610558058496'],dominance,pc,A6,0.175590055999
['830134096567341056'],dominance,pc,A6,0.849465819948
['924442245297778689'],dominance,pc,A6,0.21448785323
['900839107684958208'],dominance,pc,A6,0.866260472199
['905505634631680000'],dominance,pc,A6,0.192767794963
['926920815198662657'],dominance,pc,A6,0.601605910187
['883987877922820100'],dominance,pc,A6,0.915798173108
['868813502097567745'],dominance,pc,A6,0.24192075907
['933639881145962498'],dominance,pc,A6,0.427811105433
['883090735326793733'],dominance,pc,A6,0.448316394797
['864837110527864832'],dominance,pc,A6,0.202372031437
['825106228770697216'],dominance,pc,A6,0.181785073607
['833266466342440960'],dominance,pc,A6,0.586870637542
['883023109460242432'],dominance,pc,A6,0.408563807292
['848169663716626432'],dominance,pc,A6,0.670760874515
['891356324289802240'],dominance,pc,A6,0.437129886364
['820002854136070144'],dominance,pc,A6,0.696983100585
['868644843614031872'],dominance,pc,A6,0.874716350757
['824645908784680960'],dominance,pc,A6,0.230661417452
['817407111378440195'],dominance,pc,A6,0.363653823753
['863364746577313792'],dominance,pc,A6,0.582857734004
['824353425966190593'],dominance,pc,A6,0.283765108667
['816343164676083714'],dominance,pc,A6,0.570526078872
['944973370520633344'],dominance,pc,A6,0.38941879372
['913759942208839681'],dominance,pc,A6,0.306995590214
['905158707486629889'],dominance,pc,A6,0.641922055939
['846751748672966657'],dominance,pc,A6,0.509350428617
['862031016478859265'],dominance,pc,A6,0.565401711443
['829085472332857344'],dominance,pc,A6,0.49564006156
['836691496636145664'],dominance,pc,A6,0.640427326763
['921324851658461185'],dominance,pc,A6,0.641013534873
['898633930911264768'],dominance,pc,A6,0.890874045773
['932714719814840320'],dominance,pc,A6,0.875130581513
['819864483141193728'],dominance,pc,A6,0.610514386255
['941257379060035584'],dominance,pc,A6,0.886371672314
['925426206710878208'],dominance,pc,A6,0.47835547866
['825837382029209601'],dominance,pc,A6,0.660130715543
['827911993709514754'],dominance,pc,A6,0.858451835972
['893399193737474048'],dominance,pc,A6,0.219553756883
['908986176438247425'],dominance,pc,A6,0.887142028365
['842646246192041985'],dominance,pc,A6,0.862353709807
['943208238039920640'],dominance,pc,A6,0.579398100273
['821233209107218432'],dominance,pc,A6,0.822216129472
['815557023366516736'],dominance,pc,A6,0.669573317369
['840555470788149248'],dominance,pc,A6,0.650978491669
['818366770989907968'],dominance,pc,A6,0.274370788433
['866905574822338561'],dominance,pc,A6,0.197553619917
['898957436526014466'],dominance,pc,A6,0.254096533693
['831967975611707392'],dominance,pc,A6,0.622222293464
['852576954435993600'],dominance,pc,A6,0.454039635667
['925041483568353280'],dominance,pc,A6,0.452882534824
['917057431599026176'],dominance,pc,A6,0.8647600282
['923249524981862400'],dominance,pc,A6,0.387033632211
['886531287103791104'],dominance,pc,A6,0.876488954016
['913127148994646021'],dominance,pc,A6,0.503546903389
['869116348806422528'],dominance,pc,A6,0.911763197266
['836997448715350020'],dominance,pc,A6,0.489168303841
['826774125087633409'],dominance,pc,A6,0.158602443746
['855700279915933698'],dominance,pc,A6,0.680932450102
['843889130606137344'],dominance,pc,A6,0.482223207611
['931428836029366274'],dominance,pc,A6,0.645477055716
['911557328897544193'],dominance,pc,A6,0.458016658407
['874318156629762048'],dominance,pc,A6,0.139509074435
['884809675413303296'],dominance,pc,A6,0.658721664315
['881112328653197312'],dominance,pc,A6,0.533423494123
['941799493917437955'],dominance,pc,A6,0.652460246743
['918513758036725761'],dominance,pc,A6,0.854065032267
['832979409518919681'],dominance,pc,A6,0.427289840558
['893852298807582720'],dominance,pc,A6,0.237465501876
['902141686612193281'],dominance,pc,A6,0.645418744575
['841354135349952513'],dominance,pc,A6,0.195400743675
['915059102874824704'],dominance,pc,A6,0.857467686565
['872197389276385280'],dominance,pc,A12,0.273078633215
['906447947092647936'],dominance,pc,A12,0.414762121501
['929386800522645508'],dominance,pc,A12,0.639275053673
['839145863217889282'],dominance,pc,A12,0.906335332733
['867703984580169730'],dominance,pc,A12,0.460391147502
['845724240552824832'],dominance,pc,A12,0.402655217055
['889056087009308672'],dominance,pc,A12,0.878951078049
['905162052817362945'],dominance,pc,A12,0.205815250998
['910900136376782848'],dominance,pc,A12,0.61372880207
['901760751152623616'],dominance,pc,A12,0.429916641498
['937464406115536896'],dominance,pc,A12,0.2014214536
['881595365551734784'],dominance,pc,A12,0.577870205573
['849011970204413952'],dominance,pc,A12,0.556807684374
['837728913325436929'],dominance,pc,A12,0.870194182495
['831873161750777858'],dominance,pc,A12,0.527530814252
['909035573385551872'],dominance,pc,A12,0.67266982569
['907637364759154689'],dominance,pc,A12,0.375980090277
['902227588009132032'],dominance,pc,A12,0.514974863778
['851888918207373312'],dominance,pc,A12,0.442259450479
['898238119144804352'],dominance,pc,A12,0.443380528729
['817801846337261568'],dominance,pc,A12,0.512106103025
['830331776258154496'],dominance,pc,A12,0.227522303976
['928300532124528642'],dominance,pc,A12,0.426523186766
['894977549989761028'],dominance,pc,A12,0.390215650292
['895773430737502209'],dominance,pc,A12,0.609217319367
['883029304875069440'],dominance,pc,A12,0.564107473491
['864764317597609985'],dominance,pc,A12,0.615148793891
['888471355435495425'],dominance,pc,A12,0.396368926777
['849654610558058496'],dominance,pc,A12,0.181584221628
['830134096567341056'],dominance,pc,A12,0.6256547308
['924442245297778689'],dominance,pc,A12,0.612277200781
['900839107684958208'],dominance,pc,A12,0.572557554695
['905505634631680000'],dominance,pc,A12,0.505840646661
['926920815198662657'],dominance,pc,A12,0.61368119992
['883987877922820100'],dominance,pc,A12,0.682079405699
['868813502097567745'],dominance,pc,A12,0.547054926209
['933639881145962498'],dominance,pc,A12,0.200295788413
['883090735326793733'],dominance,pc,A12,0.226730262622
['864837110527864832'],dominance,pc,A12,0.619187332618
['825106228770697216'],dominance,pc,A12,0.688678637984
['833266466342440960'],dominance,pc,A12,0.407149200672
['883023109460242432'],dominance,pc,A12,0.370727581221
['848169663716626432'],dominance,pc,A12,0.736061649864
['891356324289802240'],dominance,pc,A12,0.406327851458
['820002854136070144'],dominance,pc,A12,0.928469914825
['868644843614031872'],dominance,pc,A12,0.419488025368
['824645908784680960'],dominance,pc,A12,0.152665241286
['817407111378440195'],dominance,pc,A12,0.198649570628
['863364746577313792'],dominance,pc,A12,0.675648143097
['824353425966190593'],dominance,pc,A12,0.414327427653
['816343164676083714'],dominance,pc,A12,0.689243538901
['944973370520633344'],dominance,pc,A12,0.564084009811
['913759942208839681'],dominance,pc,A12,0.213862040348
['905158707486629889'],dominance,pc,A12,0.608821161415
['846751748672966657'],dominance,pc,A12,0.442086667578
['862031016478859265'],dominance,pc,A12,0.194872164372
['829085472332857344'],dominance,pc,A12,0.702912119597
['836691496636145664'],dominance,pc,A12,0.417040737075
['921324851658461185'],dominance,pc,A12,0.55534341314
['898633930911264768'],dominance,pc,A12,0.384962380049
['932714719814840320'],dominance,pc,A12,0.545153554711
['819864483141193728'],dominance,pc,A12,0.565642358342
['941257379060035584'],dominance,pc,A12,0.579147705848
['925426206710878208'],dominance,pc,A12,0.367636430207
['825837382029209601'],dominance,pc,A12,0.847159502316
['827911993709514754'],dominance,pc,A12,0.284658021906
['893399193737474048'],dominance,pc,A12,0.566097570915
['908986176438247425'],dominance,pc,A12,0.674448916542
['842646246192041985'],dominance,pc,A12,0.862991325188
['943208238039920640'],dominance,pc,A12,0.185963463945
['821233209107218432'],dominance,pc,A12,0.535891837896
['815557023366516736'],dominance,pc,A12,0.892420007866
['840555470788149248'],dominance,pc,A12,0.890250528817
['818366770989907968'],dominance,pc,A12,0.577281138724
['866905574822338561'],dominance,pc,A12,0.417255783404
['898957436526014466'],dominance,pc,A12,0.602376334895
['831967975611707392'],dominance,pc,A12,0.405772366583
['852576954435993600'],dominance,pc,A12,0.538670676375
['925041483568353280'],dominance,pc,A12,0.482678524956
['917057431599026176'],dominance,pc,A12,0.695735563937
['923249524981862400'],dominance,pc,A12,0.43324118706
['886531287103791104'],dominance,pc,A12,0.207031170151
['913127148994646021'],dominance,pc,A12,0.512259652047
['869116348806422528'],dominance,pc,A12,0.881404373044
['836997448715350020'],dominance,pc,A12,0.551659909688
['826774125087633409'],dominance,pc,A12,0.454280121645
['855700279915933698'],dominance,pc,A12,0.871839284211
['843889130606137344'],dominance,pc,A12,0.588337401738
['931428836029366274'],dominance,pc,A12,0.441281160596
['911557328897544193'],dominance,pc,A12,0.489312645978
['874318156629762048'],dominance,pc,A12,0.899893667632
['884809675413303296'],dominance,pc,A12,0.418145399202
['881112328653197312'],dominance,pc,A12,0.673097984314
['941799493917437955'],dominance,pc,A12,0.872297226059
['918513758036725761'],dominance,pc,A12,0.185914586177
['832979409518919681'],dominance,pc,A12,0.915276895031
['893852298807582720'],dominance,pc,A12,0.479404652125
['902141686612193281'],dominance,pc,A12,0.886244797441
['841354135349952513'],dominance,pc,A12,0.622582093656
['915059102874824704'],dominance,pc,A12,0.430001009878
['872197389276385280'],dominance,pc,A2,0.378908675687
['906447947092647936'],dominance,pc,A2,0.252696496796
['929386800522645508'],dominance,pc,A2,0.871991900214
['839145863217889282'],dominance,pc,A2,0.688416437793
['867703984580169730'],dominance,pc,A2,0.340432997932
['845724240552824832'],dominance,pc,A2,0.378260963136
['889056087009308672'],dominance,pc,A2,0.731144268679
['905162052817362945'],dominance,pc,A2,0.671480112579
['910900136376782848'],dominance,pc,A2,0.520214881189
['901760751152623616'],dominance,pc,A2,0.681382574399
['937464406115536896'],dominance,pc,A2,0.215092659282
['881595365551734784'],dominance,pc,A2,0.522518743666
['849011970204413952'],dominance,pc,A2,0.125850378068
['837728913325436929'],dominance,pc,A2,0.132533442469
['831873161750777858'],dominance,pc,A2,0.525190843323
['909035573385551872'],dominance,pc,A2,0.62173738412
['907637364759154689'],dominance,pc,A2,0.847137587895
['902227588009132032'],dominance,pc,A2,0.847306534406
['851888918207373312'],dominance,pc,A2,0.5382526308
['898238119144804352'],dominance,pc,A2,0.524917526744
['817801846337261568'],dominance,pc,A2,0.670500980188
['830331776258154496'],dominance,pc,A2,0.150473041215
['928300532124528642'],dominance,pc,A2,0.364767984742
['894977549989761028'],dominance,pc,A2,0.19411709241
['895773430737502209'],dominance,pc,A2,0.872044632088
['883029304875069440'],dominance,pc,A2,0.655329063865
['864764317597609985'],dominance,pc,A2,0.397256235927
['888471355435495425'],dominance,pc,A2,0.849029307252
['849654610558058496'],dominance,pc,A2,0.848782713929
['830134096567341056'],dominance,pc,A2,0.669686159767
['924442245297778689'],dominance,pc,A2,0.615114004153
['900839107684958208'],dominance,pc,A2,0.730158053956
['905505634631680000'],dominance,pc,A2,0.595144921509
['926920815198662657'],dominance,pc,A2,0.209129187606
['883987877922820100'],dominance,pc,A2,0.661930859833
['868813502097567745'],dominance,pc,A2,0.536226023487
['933639881145962498'],dominance,pc,A2,0.393167933869
['883090735326793733'],dominance,pc,A2,0.393389635616
['864837110527864832'],dominance,pc,A2,0.416857782371
['825106228770697216'],dominance,pc,A2,0.589815982831
['833266466342440960'],dominance,pc,A2,0.453369163624
['883023109460242432'],dominance,pc,A2,0.520206618155
['848169663716626432'],dominance,pc,A2,0.789039768856
['891356324289802240'],dominance,pc,A2,0.452158686092
['820002854136070144'],dominance,pc,A2,0.177243707514
['868644843614031872'],dominance,pc,A2,0.68724486216
['824645908784680960'],dominance,pc,A2,0.185190456328
['817407111378440195'],dominance,pc,A2,0.461705503156
['863364746577313792'],dominance,pc,A2,0.869579131225
['824353425966190593'],dominance,pc,A2,0.627846188422
['816343164676083714'],dominance,pc,A2,0.910398304795
['944973370520633344'],dominance,pc,A2,0.198835890896
['913759942208839681'],dominance,pc,A2,0.639345225659
['905158707486629889'],dominance,pc,A2,0.860368784916
['846751748672966657'],dominance,pc,A2,0.631844234488
['862031016478859265'],dominance,pc,A2,0.49599234606
['829085472332857344'],dominance,pc,A2,0.850892559896
['836691496636145664'],dominance,pc,A2,0.621508174675
['921324851658461185'],dominance,pc,A2,0.635589915891
['898633930911264768'],dominance,pc,A2,0.516935420034
['932714719814840320'],dominance,pc,A2,0.919135492068
['819864483141193728'],dominance,pc,A2,0.121455131854
['941257379060035584'],dominance,pc,A2,0.630166249457
['925426206710878208'],dominance,pc,A2,0.159329863944
['825837382029209601'],dominance,pc,A2,0.84964984619
['827911993709514754'],dominance,pc,A2,0.454742770188
['893399193737474048'],dominance,pc,A2,0.129407107306
['908986176438247425'],dominance,pc,A2,0.653629977816
['842646246192041985'],dominance,pc,A2,0.445854683318
['943208238039920640'],dominance,pc,A2,0.877550519827
['821233209107218432'],dominance,pc,A2,0.249060298669
['815557023366516736'],dominance,pc,A2,0.643672947471
['840555470788149248'],dominance,pc,A2,0.226458914199
['818366770989907968'],dominance,pc,A2,0.246233881032
['866905574822338561'],dominance,pc,A2,0.617796884092
['898957436526014466'],dominance,pc,A2,0.203307708632
['831967975611707392'],dominance,pc,A2,0.600284611118
['852576954435993600'],dominance,pc,A2,0.432659538307
['925041483568353280'],dominance,pc,A2,0.416191591105
['917057431599026176'],dominance,pc,A2,0.376386269355
['923249524981862400'],dominance,pc,A2,0.35851454402
['886531287103791104'],dominance,pc,A2,0.408522554363
['913127148994646021'],dominance,pc,A2,0.595190790445
['869116348806422528'],dominance,pc,A2,0.231075901142
['836997448715350020'],dominance,pc,A2,0.53773212635
['826774125087633409'],dominance,pc,A2,0.253761172589
['855700279915933698'],dominance,pc,A2,0.229054257163
['843889130606137344'],dominance,pc,A2,0.928826881935
['931428836029366274'],dominance,pc,A2,0.196122821792
['911557328897544193'],dominance,pc,A2,0.403141093107
['874318156629762048'],dominance,pc,A2,0.479653258979
['884809675413303296'],dominance,pc,A2,0.597690703115
['881112328653197312'],dominance,pc,A2,0.909783302765
['941799493917437955'],dominance,pc,A2,0.468799430067
['918513758036725761'],dominance,pc,A2,0.8773314467
['832979409518919681'],dominance,pc,A2,0.612908567808
['893852298807582720'],dominance,pc,A2,0.578893840749
['902141686612193281'],dominance,pc,A2,0.457191490344
['841354135349952513'],dominance,pc,A2,0.701129332137
['915059102874824704'],dominance,pc,A2,0.392977628978
['872197389276385280'],dominance,pc,A8,0.693584853018
['906447947092647936'],dominance,pc,A8,0.170639047616
['929386800522645508'],dominance,pc,A8,0.846606669039
['839145863217889282'],dominance,pc,A8,0.144034120898
['867703984580169730'],dominance,pc,A8,0.362205157902
['845724240552824832'],dominance,pc,A8,0.906255848115
['889056087009308672'],dominance,pc,A8,0.456375626825
['905162052817362945'],dominance,pc,A8,0.290739321403
['910900136376782848'],dominance,pc,A8,0.656757987787
['901760751152623616'],dominance,pc,A8,0.479006830256
['937464406115536896'],dominance,pc,A8,0.208784061938
['881595365551734784'],dominance,pc,A8,0.163555231357
['849011970204413952'],dominance,pc,A8,0.387527884565
['837728913325436929'],dominance,pc,A8,0.120618160559
['831873161750777858'],dominance,pc,A8,0.855877178909
['909035573385551872'],dominance,pc,A8,0.91617223802
['907637364759154689'],dominance,pc,A8,0.223562463954
['902227588009132032'],dominance,pc,A8,0.842698062366
['851888918207373312'],dominance,pc,A8,0.641465869201
['898238119144804352'],dominance,pc,A8,0.535246931292
['817801846337261568'],dominance,pc,A8,0.38992739542
['830331776258154496'],dominance,pc,A8,0.192043636957
['928300532124528642'],dominance,pc,A8,0.460365807453
['894977549989761028'],dominance,pc,A8,0.450105450874
['895773430737502209'],dominance,pc,A8,0.878752705937
['883029304875069440'],dominance,pc,A8,0.914054373192
['864764317597609985'],dominance,pc,A8,0.200999438234
['888471355435495425'],dominance,pc,A8,0.621005886002
['849654610558058496'],dominance,pc,A8,0.194427601915
['830134096567341056'],dominance,pc,A8,0.87956079737
['924442245297778689'],dominance,pc,A8,0.687866162177
['900839107684958208'],dominance,pc,A8,0.45134955419
['905505634631680000'],dominance,pc,A8,0.698984645559
['926920815198662657'],dominance,pc,A8,0.524438924474
['883987877922820100'],dominance,pc,A8,0.603539402325
['868813502097567745'],dominance,pc,A8,0.24342942963
['933639881145962498'],dominance,pc,A8,0.481910498192
['883090735326793733'],dominance,pc,A8,0.394956469977
['864837110527864832'],dominance,pc,A8,0.166699900805
['825106228770697216'],dominance,pc,A8,0.867624679249
['833266466342440960'],dominance,pc,A8,0.907350094724
['883023109460242432'],dominance,pc,A8,0.396764942141
['848169663716626432'],dominance,pc,A8,0.574691000105
['891356324289802240'],dominance,pc,A8,0.461679367514
['820002854136070144'],dominance,pc,A8,0.578560506443
['868644843614031872'],dominance,pc,A8,0.181685896074
['824645908784680960'],dominance,pc,A8,0.213301899886
['817407111378440195'],dominance,pc,A8,0.675925073611
['863364746577313792'],dominance,pc,A8,0.847555013952
['824353425966190593'],dominance,pc,A8,0.905164633525
['816343164676083714'],dominance,pc,A8,0.908626974122
['944973370520633344'],dominance,pc,A8,0.558406148661
['913759942208839681'],dominance,pc,A8,0.522104435772
['905158707486629889'],dominance,pc,A8,0.562962810461
['846751748672966657'],dominance,pc,A8,0.600878958207
['862031016478859265'],dominance,pc,A8,0.549020270236
['829085472332857344'],dominance,pc,A8,0.633332583871
['836691496636145664'],dominance,pc,A8,0.932673233234
['921324851658461185'],dominance,pc,A8,0.888593262203
['898633930911264768'],dominance,pc,A8,0.479252172084
['932714719814840320'],dominance,pc,A8,0.55228688517
['819864483141193728'],dominance,pc,A8,0.917486090409
['941257379060035584'],dominance,pc,A8,0.403086549954
['925426206710878208'],dominance,pc,A8,0.499912097104
['825837382029209601'],dominance,pc,A8,0.580360828484
['827911993709514754'],dominance,pc,A8,0.394580908752
['893399193737474048'],dominance,pc,A8,0.458681436246
['908986176438247425'],dominance,pc,A8,0.623568769128
['842646246192041985'],dominance,pc,A8,0.677080210264
['943208238039920640'],dominance,pc,A8,0.56273860855
['821233209107218432'],dominance,pc,A8,0.395848598962
['815557023366516736'],dominance,pc,A8,0.609713101468
['840555470788149248'],dominance,pc,A8,0.261158806794
['818366770989907968'],dominance,pc,A8,0.186110542353
['866905574822338561'],dominance,pc,A8,0.548195387961
['898957436526014466'],dominance,pc,A8,0.529760540667
['831967975611707392'],dominance,pc,A8,0.634637066061
['852576954435993600'],dominance,pc,A8,0.446083433734
['925041483568353280'],dominance,pc,A8,0.60056971179
['917057431599026176'],dominance,pc,A8,0.482471811843
['923249524981862400'],dominance,pc,A8,0.60300296726
['886531287103791104'],dominance,pc,A8,0.561670991151
['913127148994646021'],dominance,pc,A8,0.588480604914
['869116348806422528'],dominance,pc,A8,0.390868463364
['836997448715350020'],dominance,pc,A8,0.410539797778
['826774125087633409'],dominance,pc,A8,0.628345143652
['855700279915933698'],dominance,pc,A8,0.265916965534
['843889130606137344'],dominance,pc,A8,0.815162848068
['931428836029366274'],dominance,pc,A8,0.22045607152
['911557328897544193'],dominance,pc,A8,0.470965177851
['874318156629762048'],dominance,pc,A8,0.569684960776
['884809675413303296'],dominance,pc,A8,0.468068153742
['881112328653197312'],dominance,pc,A8,0.869265342793
['941799493917437955'],dominance,pc,A8,0.245407693748
['918513758036725761'],dominance,pc,A8,0.641903986744
['832979409518919681'],dominance,pc,A8,0.672509499303
['893852298807582720'],dominance,pc,A8,0.593767108782
['902141686612193281'],dominance,pc,A8,0.888559053978
['841354135349952513'],dominance,pc,A8,0.649569162903
['915059102874824704'],dominance,pc,A8,0.398172341632
