tweet_id,dimension,method,model,score
['901760751152623616'],valence,rs,gpt,0.65
['901760751152623616'],arousal,rs,gpt,0.58
['901760751152623616'],dominance,rs,gpt,0.52
['863364746577313792'],valence,rs,gpt,0.91
['863364746577313792'],arousal,rs,gpt,0.87
['863364746577313792'],dominance,rs,gpt,0.68
['933639881145962498'],valence,rs,gpt,0.5
['933639881145962498'],arousal,rs,gpt,0.43
['933639881145962498'],dominance,rs,gpt,0.5
['926920815198662657'],valence,rs,gpt,0.62
['926920815198662657'],arousal,rs,gpt,0.45
['926920815198662657'],dominance,rs,gpt,0.58
['846751748672966657'],valence,rs,gpt,0.63
['846751748672966657'],arousal,rs,gpt,0.71
['846751748672966657'],dominance,rs,gpt,0.74
['851888918207373312'],valence,rs,gpt,0.58
['851888918207373312'],arousal,rs,gpt,0.55
['851888918207373312'],dominance,rs,gpt,0.72
['931428836029366274'],valence,rs,gpt,0.15
['931428836029366274'],arousal,rs,gpt,0.72
['931428836029366274'],dominance,rs,gpt,0.28
['819864483141193728'],valence,rs,gpt,0.35
['819864483141193728'],arousal,rs,gpt,0.57
['819864483141193728'],dominance,rs,gpt,0.72
['849011970204413952'],valence,rs,gpt,0.1
['849011970204413952'],arousal,rs,gpt,0.82
['849011970204413952'],dominance,rs,gpt,0.34
['883029304875069440'],valence,rs,gpt,0.65
['883029304875069440'],arousal,rs,gpt,0.58
['883029304875069440'],dominance,rs,gpt,0.56
['866905574822338561'],valence,rs,gpt,0.68
['866905574822338561'],arousal,rs,gpt,0.58
['866905574822338561'],dominance,rs,gpt,0.6
['831873161750777858'],valence,rs,gpt,0.22
['831873161750777858'],arousal,rs,gpt,0.74
['831873161750777858'],dominance,rs,gpt,0.66
['848169663716626432'],valence,rs,gpt,0.82
['848169663716626432'],arousal,rs,gpt,0.78
['848169663716626432'],dominance,rs,gpt,0.6
['839145863217889282'],valence,rs,gpt,0.18
['839145863217889282'],arousal,rs,gpt,0.72
['839145863217889282'],dominance,rs,gpt,0.25
['843889130606137344'],valence,rs,gpt,0.82
['843889130606137344'],arousal,rs,gpt,0.72
['843889130606137344'],dominance,rs,gpt,0.68
['845724240552824832'],valence,rs,gpt,0.58
['845724240552824832'],arousal,rs,gpt,0.55
['845724240552824832'],dominance,rs,gpt,0.63
['825837382029209601'],valence,rs,gpt,0.91
['825837382029209601'],arousal,rs,gpt,0.78
['825837382029209601'],dominance,rs,gpt,0.68
['836691496636145664'],valence,rs,gpt,0.62
['836691496636145664'],arousal,rs,gpt,0.58
['836691496636145664'],dominance,rs,gpt,0.64
['917057431599026176'],valence,rs,gpt,0.58
['917057431599026176'],arousal,rs,gpt,0.42
['917057431599026176'],dominance,rs,gpt,0.36
['852576954435993600'],valence,rs,gpt,0.35
['852576954435993600'],arousal,rs,gpt,0.58
['852576954435993600'],dominance,rs,gpt,0.4
['830134096567341056'],valence,rs,gpt,0.62
['830134096567341056'],arousal,rs,gpt,0.48
['830134096567341056'],dominance,rs,gpt,0.6
['921324851658461185'],valence,rs,gpt,0.18
['921324851658461185'],arousal,rs,gpt,0.72
['921324851658461185'],dominance,rs,gpt,0.66
['824645908784680960'],valence,rs,gpt,0.68
['824645908784680960'],arousal,rs,gpt,0.42
['824645908784680960'],dominance,rs,gpt,0.47
['915059102874824704'],valence,rs,gpt,0.62
['915059102874824704'],arousal,rs,gpt,0.55
['915059102874824704'],dominance,rs,gpt,0.58
['909035573385551872'],valence,rs,gpt,0.62
['909035573385551872'],arousal,rs,gpt,0.68
['909035573385551872'],dominance,rs,gpt,0.61
['898957436526014466'],valence,rs,gpt,0.62
['898957436526014466'],arousal,rs,gpt,0.68
['898957436526014466'],dominance,rs,gpt,0.79
['864837110527864832'],valence,rs,gpt,0.25
['864837110527864832'],arousal,rs,gpt,0.6
['864837110527864832'],dominance,rs,gpt,0.55
['829085472332857344'],valence,rs,gpt,0.78
['829085472332857344'],arousal,rs,gpt,0.62
['829085472332857344'],dominance,rs,gpt,0.58
['820002854136070144'],valence,rs,gpt,0.3
['820002854136070144'],arousal,rs,gpt,0.4
['820002854136070144'],dominance,rs,gpt,0.45
['816343164676083714'],valence,rs,gpt,0.78
['816343164676083714'],arousal,rs,gpt,0.68
['816343164676083714'],dominance,rs,gpt,0.58
['826774125087633409'],valence,rs,gpt,0.82
['826774125087633409'],arousal,rs,gpt,0.67
['826774125087633409'],dominance,rs,gpt,0.61
['905505634631680000'],valence,rs,gpt,0.78
['905505634631680000'],arousal,rs,gpt,0.68
['905505634631680000'],dominance,rs,gpt,0.6
['937464406115536896'],valence,rs,gpt,0.2
['937464406115536896'],arousal,rs,gpt,0.65
['937464406115536896'],dominance,rs,gpt,0.3
['868813502097567745'],valence,rs,gpt,0.58
['868813502097567745'],arousal,rs,gpt,0.82
['868813502097567745'],dominance,rs,gpt,0.42
['898633930911264768'],valence,rs,gpt,0.74
['898633930911264768'],arousal,rs,gpt,0.62
['898633930911264768'],dominance,rs,gpt,0.48
['893399193737474048'],valence,rs,gpt,0.18
['893399193737474048'],arousal,rs,gpt,0.72
['893399193737474048'],dominance,rs,gpt,0.63
['840555470788149248'],valence,rs,gpt,0.84
['840555470788149248'],arousal,rs,gpt,0.78
['840555470788149248'],dominance,rs,gpt,0.62
['905162052817362945'],valence,rs,gpt,0.58
['905162052817362945'],arousal,rs,gpt,0.4
['905162052817362945'],dominance,rs,gpt,0.42
['898238119144804352'],valence,rs,gpt,0.68
['898238119144804352'],arousal,rs,gpt,0.58
['898238119144804352'],dominance,rs,gpt,0.54
['864764317597609985'],valence,rs,gpt,0.58
['864764317597609985'],arousal,rs,gpt,0.45
['864764317597609985'],dominance,rs,gpt,0.52
['833266466342440960'],valence,rs,gpt,0.78
['833266466342440960'],arousal,rs,gpt,0.54
['833266466342440960'],dominance,rs,gpt,0.68
['817407111378440195'],valence,rs,gpt,0.78
['817407111378440195'],arousal,rs,gpt,0.72
['817407111378440195'],dominance,rs,gpt,0.64
['893852298807582720'],valence,rs,gpt,0.3
['893852298807582720'],arousal,rs,gpt,0.62
['893852298807582720'],dominance,rs,gpt,0.42
['883987877922820100'],valence,rs,gpt,0.38
['883987877922820100'],arousal,rs,gpt,0.52
['883987877922820100'],dominance,rs,gpt,0.64
['869116348806422528'],valence,rs,gpt,0.85
['869116348806422528'],arousal,rs,gpt,0.78
['869116348806422528'],dominance,rs,gpt,0.68
['815557023366516736'],valence,rs,gpt,0.58
['815557023366516736'],arousal,rs,gpt,0.68
['815557023366516736'],dominance,rs,gpt,0.46
['929386800522645508'],valence,rs,gpt,0.78
['929386800522645508'],arousal,rs,gpt,0.84
['929386800522645508'],dominance,rs,gpt,0.81
['894977549989761028'],valence,rs,gpt,0.74
['894977549989761028'],arousal,rs,gpt,0.58
['894977549989761028'],dominance,rs,gpt,0.55
['925426206710878208'],valence,rs,gpt,0.75
['925426206710878208'],arousal,rs,gpt,0.62
['925426206710878208'],dominance,rs,gpt,0.58
['867703984580169730'],valence,rs,gpt,0.35
['867703984580169730'],arousal,rs,gpt,0.62
['867703984580169730'],dominance,rs,gpt,0.38
['883023109460242432'],valence,rs,gpt,0.72
['883023109460242432'],arousal,rs,gpt,0.58
['883023109460242432'],dominance,rs,gpt,0.46
['928300532124528642'],valence,rs,gpt,0.42
['928300532124528642'],arousal,rs,gpt,0.56
['928300532124528642'],dominance,rs,gpt,0.53
['925041483568353280'],valence,rs,gpt,0.58
['925041483568353280'],arousal,rs,gpt,0.42
['925041483568353280'],dominance,rs,gpt,0.57
['891356324289802240'],valence,rs,gpt,0.84
['891356324289802240'],arousal,rs,gpt,0.58
['891356324289802240'],dominance,rs,gpt,0.6
['905158707486629889'],valence,rs,gpt,0.68
['905158707486629889'],arousal,rs,gpt,0.64
['905158707486629889'],dominance,rs,gpt,0.42
['888471355435495425'],valence,rs,gpt,0.68
['888471355435495425'],arousal,rs,gpt,0.6
['888471355435495425'],dominance,rs,gpt,0.66
['817801846337261568'],valence,rs,gpt,0.58
['817801846337261568'],arousal,rs,gpt,0.54
['817801846337261568'],dominance,rs,gpt,0.52
['907637364759154689'],valence,rs,gpt,0.82
['907637364759154689'],arousal,rs,gpt,0.63
['907637364759154689'],dominance,rs,gpt,0.58
['862031016478859265'],valence,rs,gpt,0.65
['862031016478859265'],arousal,rs,gpt,0.58
['862031016478859265'],dominance,rs,gpt,0.6
['830331776258154496'],valence,rs,gpt,0.15
['830331776258154496'],arousal,rs,gpt,0.72
['830331776258154496'],dominance,rs,gpt,0.4
['841354135349952513'],valence,rs,gpt,0.72
['841354135349952513'],arousal,rs,gpt,0.68
['841354135349952513'],dominance,rs,gpt,0.61
['943208238039920640'],valence,rs,gpt,0.62
['943208238039920640'],arousal,rs,gpt,0.46
['943208238039920640'],dominance,rs,gpt,0.55
['821233209107218432'],valence,rs,gpt,0.2
['821233209107218432'],arousal,rs,gpt,0.78
['821233209107218432'],dominance,rs,gpt,0.32
['886531287103791104'],valence,rs,gpt,0.58
['886531287103791104'],arousal,rs,gpt,0.52
['886531287103791104'],dominance,rs,gpt,0.6
['849654610558058496'],valence,rs,gpt,0.6
['849654610558058496'],arousal,rs,gpt,0.56
['849654610558058496'],dominance,rs,gpt,0.63
['911557328897544193'],valence,rs,gpt,0.66
['911557328897544193'],arousal,rs,gpt,0.44
['911557328897544193'],dominance,rs,gpt,0.38
['924442245297778689'],valence,rs,gpt,0.86
['924442245297778689'],arousal,rs,gpt,0.74
['924442245297778689'],dominance,rs,gpt,0.63
['906447947092647936'],valence,rs,gpt,0.25
['906447947092647936'],arousal,rs,gpt,0.58
['906447947092647936'],dominance,rs,gpt,0.38
['818366770989907968'],valence,rs,gpt,0.24
['818366770989907968'],arousal,rs,gpt,0.63
['818366770989907968'],dominance,rs,gpt,0.28
['913759942208839681'],valence,rs,gpt,0.72
['913759942208839681'],arousal,rs,gpt,0.64
['913759942208839681'],dominance,rs,gpt,0.57
['881112328653197312'],valence,rs,gpt,0.88
['881112328653197312'],arousal,rs,gpt,0.72
['881112328653197312'],dominance,rs,gpt,0.58
['881595365551734784'],valence,rs,gpt,0.42
['881595365551734784'],arousal,rs,gpt,0.58
['881595365551734784'],dominance,rs,gpt,0.44
['836997448715350020'],valence,rs,gpt,0.84
['836997448715350020'],arousal,rs,gpt,0.68
['836997448715350020'],dominance,rs,gpt,0.62
['832979409518919681'],valence,rs,gpt,0.85
['832979409518919681'],arousal,rs,gpt,0.62
['832979409518919681'],dominance,rs,gpt,0.68
['872197389276385280'],valence,rs,gpt,0.88
['872197389276385280'],arousal,rs,gpt,0.72
['872197389276385280'],dominance,rs,gpt,0.68
['913127148994646021'],valence,rs,gpt,0.35
['913127148994646021'],arousal,rs,gpt,0.72
['913127148994646021'],dominance,rs,gpt,0.58
['941257379060035584'],valence,rs,gpt,0.4
['941257379060035584'],arousal,rs,gpt,0.45
['941257379060035584'],dominance,rs,gpt,0.38
['883090735326793733'],valence,rs,gpt,0.62
['883090735326793733'],arousal,rs,gpt,0.38
['883090735326793733'],dominance,rs,gpt,0.52
['884809675413303296'],valence,rs,gpt,0.81
['884809675413303296'],arousal,rs,gpt,0.62
['884809675413303296'],dominance,rs,gpt,0.58
['941799493917437955'],valence,rs,gpt,0.62
['941799493917437955'],arousal,rs,gpt,0.58
['941799493917437955'],dominance,rs,gpt,0.6
['874318156629762048'],valence,rs,gpt,0.68
['874318156629762048'],arousal,rs,gpt,0.61
['874318156629762048'],dominance,rs,gpt,0.58
['908986176438247425'],valence,rs,gpt,0.84
['908986176438247425'],arousal,rs,gpt,0.58
['908986176438247425'],dominance,rs,gpt,0.6
['825106228770697216'],valence,rs,gpt,0.72
['825106228770697216'],arousal,rs,gpt,0.84
['825106228770697216'],dominance,rs,gpt,0.46
['895773430737502209'],valence,rs,gpt,0.6
['895773430737502209'],arousal,rs,gpt,0.35
['895773430737502209'],dominance,rs,gpt,0.62
['824353425966190593'],valence,rs,gpt,0.88
['824353425966190593'],arousal,rs,gpt,0.32
['824353425966190593'],dominance,rs,gpt,0.58
['923249524981862400'],valence,rs,gpt,0.76
['923249524981862400'],arousal,rs,gpt,0.42
['923249524981862400'],dominance,rs,gpt,0.58
['868644843614031872'],valence,rs,gpt,0.65
['868644843614031872'],arousal,rs,gpt,0.62
['868644843614031872'],dominance,rs,gpt,0.58
['827911993709514754'],valence,rs,gpt,0.18
['827911993709514754'],arousal,rs,gpt,0.68
['827911993709514754'],dominance,rs,gpt,0.28
['855700279915933698'],valence,rs,gpt,0.8
['855700279915933698'],arousal,rs,gpt,0.72
['855700279915933698'],dominance,rs,gpt,0.6
['902227588009132032'],valence,rs,gpt,0.62
['902227588009132032'],arousal,rs,gpt,0.55
['902227588009132032'],dominance,rs,gpt,0.58
['889056087009308672'],valence,rs,gpt,0.6
['889056087009308672'],arousal,rs,gpt,0.45
['889056087009308672'],dominance,rs,gpt,0.4
['910900136376782848'],valence,rs,gpt,0.82
['910900136376782848'],arousal,rs,gpt,0.58
['910900136376782848'],dominance,rs,gpt,0.55
['842646246192041985'],valence,rs,gpt,0.23
['842646246192041985'],arousal,rs,gpt,0.68
['842646246192041985'],dominance,rs,gpt,0.61
['932714719814840320'],valence,rs,gpt,0.58
['932714719814840320'],arousal,rs,gpt,0.52
['932714719814840320'],dominance,rs,gpt,0.66
['900839107684958208'],valence,rs,gpt,0.91
['900839107684958208'],arousal,rs,gpt,0.89
['900839107684958208'],dominance,rs,gpt,0.78
['831967975611707392'],valence,rs,gpt,0.72
['831967975611707392'],arousal,rs,gpt,0.58
['831967975611707392'],dominance,rs,gpt,0.47
['944973370520633344'],valence,rs,gpt,0.42
['944973370520633344'],arousal,rs,gpt,0.63
['944973370520633344'],dominance,rs,gpt,0.34
['902141686612193281'],valence,rs,gpt,0.15
['902141686612193281'],arousal,rs,gpt,0.82
['902141686612193281'],dominance,rs,gpt,0.72
['837728913325436929'],valence,rs,gpt,0.1
['837728913325436929'],arousal,rs,gpt,0.82
['837728913325436929'],dominance,rs,gpt,0.22
['918513758036725761'],valence,rs,gpt,0.88
['918513758036725761'],arousal,rs,gpt,0.62
['918513758036725761'],dominance,rs,gpt,0.58
['901760751152623616'],valence,rs,mini,0.74
['901760751152623616'],arousal,rs,mini,0.58
['901760751152623616'],dominance,rs,mini,0.56
['863364746577313792'],valence,rs,mini,0.94
['863364746577313792'],arousal,rs,mini,0.82
['863364746577313792'],dominance,rs,mini,0.68
['933639881145962498'],valence,rs,mini,0.5
['933639881145962498'],arousal,rs,mini,0.38
['933639881145962498'],dominance,rs,mini,0.52
['926920815198662657'],valence,rs,mini,0.56
['926920815198662657'],arousal,rs,mini,0.41
['926920815198662657'],dominance,rs,mini,0.58
['846751748672966657'],valence,rs,mini,0.55
['846751748672966657'],arousal,rs,mini,0.65
['846751748672966657'],dominance,rs,mini,0.7
['851888918207373312'],valence,rs,mini,0.57
['851888918207373312'],arousal,rs,mini,0.55
['851888918207373312'],dominance,rs,mini,0.72
['931428836029366274'],valence,rs,mini,0.12
['931428836029366274'],arousal,rs,mini,0.82
['931428836029366274'],dominance,rs,mini,0.38
['819864483141193728'],valence,rs,mini,0.6
['819864483141193728'],arousal,rs,mini,0.4
['819864483141193728'],dominance,rs,mini,0.55
['849011970204413952'],valence,rs,mini,0.1
['849011970204413952'],arousal,rs,mini,0.8
['849011970204413952'],dominance,rs,mini,0.6
['883029304875069440'],valence,rs,mini,0.6
['883029304875069440'],arousal,rs,mini,0.54
['883029304875069440'],dominance,rs,mini,0.55
['866905574822338561'],valence,rs,mini,0.62
['866905574822338561'],arousal,rs,mini,0.41
['866905574822338561'],dominance,rs,mini,0.45
['831873161750777858'],valence,rs,mini,0.27
['831873161750777858'],arousal,rs,mini,0.68
['831873161750777858'],dominance,rs,mini,0.61
['848169663716626432'],valence,rs,mini,0.75
['848169663716626432'],arousal,rs,mini,0.82
['848169663716626432'],dominance,rs,mini,0.63
['839145863217889282'],valence,rs,mini,0.15
['839145863217889282'],arousal,rs,mini,0.7
['839145863217889282'],dominance,rs,mini,0.3
['843889130606137344'],valence,rs,mini,0.82
['843889130606137344'],arousal,rs,mini,0.61
['843889130606137344'],dominance,rs,mini,0.74
['845724240552824832'],valence,rs,mini,0.6
['845724240552824832'],arousal,rs,mini,0.4
['845724240552824832'],dominance,rs,mini,0.55
['825837382029209601'],valence,rs,mini,0.92
['825837382029209601'],arousal,rs,mini,0.68
['825837382029209601'],dominance,rs,mini,0.63
['836691496636145664'],valence,rs,mini,0.58
['836691496636145664'],arousal,rs,mini,0.54
['836691496636145664'],dominance,rs,mini,0.62
['917057431599026176'],valence,rs,mini,0.35
['917057431599026176'],arousal,rs,mini,0.45
['917057431599026176'],dominance,rs,mini,0.3
['852576954435993600'],valence,rs,mini,0.4
['852576954435993600'],arousal,rs,mini,0.55
['852576954435993600'],dominance,rs,mini,0.42
['830134096567341056'],valence,rs,mini,0.62
['830134096567341056'],arousal,rs,mini,0.46
['830134096567341056'],dominance,rs,mini,0.58
['921324851658461185'],valence,rs,mini,0.2
['921324851658461185'],arousal,rs,mini,0.65
['921324851658461185'],dominance,rs,mini,0.6
['824645908784680960'],valence,rs,mini,0.67
['824645908784680960'],arousal,rs,mini,0.38
['824645908784680960'],dominance,rs,mini,0.54
['915059102874824704'],valence,rs,mini,0.62
['915059102874824704'],arousal,rs,mini,0.58
['915059102874824704'],dominance,rs,mini,0.55
['909035573385551872'],valence,rs,mini,0.38
['909035573385551872'],arousal,rs,mini,0.58
['909035573385551872'],dominance,rs,mini,0.62
['898957436526014466'],valence,rs,mini,0.2
['898957436526014466'],arousal,rs,mini,0.65
['898957436526014466'],dominance,rs,mini,0.7
['864837110527864832'],valence,rs,mini,0.3
['864837110527864832'],arousal,rs,mini,0.54
['864837110527864832'],dominance,rs,mini,0.61
['829085472332857344'],valence,rs,mini,0.75
['829085472332857344'],arousal,rs,mini,0.55
['829085472332857344'],dominance,rs,mini,0.6
['820002854136070144'],valence,rs,mini,0.3
['820002854136070144'],arousal,rs,mini,0.42
['820002854136070144'],dominance,rs,mini,0.55
['816343164676083714'],valence,rs,mini,0.75
['816343164676083714'],arousal,rs,mini,0.62
['816343164676083714'],dominance,rs,mini,0.66
['826774125087633409'],valence,rs,mini,0.74
['826774125087633409'],arousal,rs,mini,0.56
['826774125087633409'],dominance,rs,mini,0.58
['905505634631680000'],valence,rs,mini,0.72
['905505634631680000'],arousal,rs,mini,0.64
['905505634631680000'],dominance,rs,mini,0.58
['937464406115536896'],valence,rs,mini,0.25
['937464406115536896'],arousal,rs,mini,0.65
['937464406115536896'],dominance,rs,mini,0.3
['868813502097567745'],valence,rs,mini,0.62
['868813502097567745'],arousal,rs,mini,0.86
['868813502097567745'],dominance,rs,mini,0.54
['898633930911264768'],valence,rs,mini,0.78
['898633930911264768'],arousal,rs,mini,0.58
['898633930911264768'],dominance,rs,mini,0.56
['893399193737474048'],valence,rs,mini,0.12
['893399193737474048'],arousal,rs,mini,0.68
['893399193737474048'],dominance,rs,mini,0.63
['840555470788149248'],valence,rs,mini,0.85
['840555470788149248'],arousal,rs,mini,0.75
['840555470788149248'],dominance,rs,mini,0.65
['905162052817362945'],valence,rs,mini,0.4
['905162052817362945'],arousal,rs,mini,0.44
['905162052817362945'],dominance,rs,mini,0.55
['898238119144804352'],valence,rs,mini,0.62
['898238119144804352'],arousal,rs,mini,0.54
['898238119144804352'],dominance,rs,mini,0.52
['864764317597609985'],valence,rs,mini,0.62
['864764317597609985'],arousal,rs,mini,0.55
['864764317597609985'],dominance,rs,mini,0.58
['833266466342440960'],valence,rs,mini,0.72
['833266466342440960'],arousal,rs,mini,0.45
['833266466342440960'],dominance,rs,mini,0.58
['817407111378440195'],valence,rs,mini,0.8
['817407111378440195'],arousal,rs,mini,0.65
['817407111378440195'],dominance,rs,mini,0.6
['893852298807582720'],valence,rs,mini,0.72
['893852298807582720'],arousal,rs,mini,0.6
['893852298807582720'],dominance,rs,mini,0.58
['883987877922820100'],valence,rs,mini,0.35
['883987877922820100'],arousal,rs,mini,0.45
['883987877922820100'],dominance,rs,mini,0.65
['869116348806422528'],valence,rs,mini,0.85
['869116348806422528'],arousal,rs,mini,0.82
['869116348806422528'],dominance,rs,mini,0.63
['815557023366516736'],valence,rs,mini,0.42
['815557023366516736'],arousal,rs,mini,0.55
['815557023366516736'],dominance,rs,mini,0.48
['929386800522645508'],valence,rs,mini,0.78
['929386800522645508'],arousal,rs,mini,0.74
['929386800522645508'],dominance,rs,mini,0.68
['894977549989761028'],valence,rs,mini,0.72
['894977549989761028'],arousal,rs,mini,0.56
['894977549989761028'],dominance,rs,mini,0.54
['925426206710878208'],valence,rs,mini,0.72
['925426206710878208'],arousal,rs,mini,0.56
['925426206710878208'],dominance,rs,mini,0.58
['867703984580169730'],valence,rs,mini,0.2
['867703984580169730'],arousal,rs,mini,0.55
['867703984580169730'],dominance,rs,mini,0.25
['883023109460242432'],valence,rs,mini,0.38
['883023109460242432'],arousal,rs,mini,0.42
['883023109460242432'],dominance,rs,mini,0.55
['928300532124528642'],valence,rs,mini,0.42
['928300532124528642'],arousal,rs,mini,0.34
['928300532124528642'],dominance,rs,mini,0.56
['925041483568353280'],valence,rs,mini,0.56
['925041483568353280'],arousal,rs,mini,0.44
['925041483568353280'],dominance,rs,mini,0.53
['891356324289802240'],valence,rs,mini,0.82
['891356324289802240'],arousal,rs,mini,0.62
['891356324289802240'],dominance,rs,mini,0.56
['905158707486629889'],valence,rs,mini,0.82
['905158707486629889'],arousal,rs,mini,0.61
['905158707486629889'],dominance,rs,mini,0.44
['888471355435495425'],valence,rs,mini,0.62
['888471355435495425'],arousal,rs,mini,0.58
['888471355435495425'],dominance,rs,mini,0.41
['817801846337261568'],valence,rs,mini,0.58
['817801846337261568'],arousal,rs,mini,0.56
['817801846337261568'],dominance,rs,mini,0.54
['907637364759154689'],valence,rs,mini,0.78
['907637364759154689'],arousal,rs,mini,0.56
['907637364759154689'],dominance,rs,mini,0.58
['862031016478859265'],valence,rs,mini,0.62
['862031016478859265'],arousal,rs,mini,0.56
['862031016478859265'],dominance,rs,mini,0.52
['830331776258154496'],valence,rs,mini,0.18
['830331776258154496'],arousal,rs,mini,0.68
['830331776258154496'],dominance,rs,mini,0.32
['841354135349952513'],valence,rs,mini,0.3
['841354135349952513'],arousal,rs,mini,0.65
['841354135349952513'],dominance,rs,mini,0.35
['943208238039920640'],valence,rs,mini,0.65
['943208238039920640'],arousal,rs,mini,0.55
['943208238039920640'],dominance,rs,mini,0.6
['821233209107218432'],valence,rs,mini,0.15
['821233209107218432'],arousal,rs,mini,0.72
['821233209107218432'],dominance,rs,mini,0.56
['886531287103791104'],valence,rs,mini,0.62
['886531287103791104'],arousal,rs,mini,0.55
['886531287103791104'],dominance,rs,mini,0.58
['849654610558058496'],valence,rs,mini,0.58
['849654610558058496'],arousal,rs,mini,0.54
['849654610558058496'],dominance,rs,mini,0.49
['911557328897544193'],valence,rs,mini,0.6
['911557328897544193'],arousal,rs,mini,0.43
['911557328897544193'],dominance,rs,mini,0.41
['924442245297778689'],valence,rs,mini,0.86
['924442245297778689'],arousal,rs,mini,0.74
['924442245297778689'],dominance,rs,mini,0.62
['906447947092647936'],valence,rs,mini,0.2
['906447947092647936'],arousal,rs,mini,0.62
['906447947092647936'],dominance,rs,mini,0.25
['818366770989907968'],valence,rs,mini,0.42
['818366770989907968'],arousal,rs,mini,0.58
['818366770989907968'],dominance,rs,mini,0.4
['913759942208839681'],valence,rs,mini,0.67
['913759942208839681'],arousal,rs,mini,0.62
['913759942208839681'],dominance,rs,mini,0.58
['881112328653197312'],valence,rs,mini,0.92
['881112328653197312'],arousal,rs,mini,0.74
['881112328653197312'],dominance,rs,mini,0.61
['881595365551734784'],valence,rs,mini,0.38
['881595365551734784'],arousal,rs,mini,0.42
['881595365551734784'],dominance,rs,mini,0.54
['836997448715350020'],valence,rs,mini,0.82
['836997448715350020'],arousal,rs,mini,0.58
['836997448715350020'],dominance,rs,mini,0.63
['832979409518919681'],valence,rs,mini,0.84
['832979409518919681'],arousal,rs,mini,0.58
['832979409518919681'],dominance,rs,mini,0.64
['872197389276385280'],valence,rs,mini,0.87
['872197389276385280'],arousal,rs,mini,0.71
['872197389276385280'],dominance,rs,mini,0.68
['913127148994646021'],valence,rs,mini,0.35
['913127148994646021'],arousal,rs,mini,0.65
['913127148994646021'],dominance,rs,mini,0.55
['941257379060035584'],valence,rs,mini,0.55
['941257379060035584'],arousal,rs,mini,0.48
['941257379060035584'],dominance,rs,mini,0.54
['883090735326793733'],valence,rs,mini,0.68
['883090735326793733'],arousal,rs,mini,0.42
['883090735326793733'],dominance,rs,mini,0.54
['884809675413303296'],valence,rs,mini,0.82
['884809675413303296'],arousal,rs,mini,0.58
['884809675413303296'],dominance,rs,mini,0.56
['941799493917437955'],valence,rs,mini,0.52
['941799493917437955'],arousal,rs,mini,0.56
['941799493917437955'],dominance,rs,mini,0.64
['874318156629762048'],valence,rs,mini,0.62
['874318156629762048'],arousal,rs,mini,0.55
['874318156629762048'],dominance,rs,mini,0.58
['908986176438247425'],valence,rs,mini,0.8
['908986176438247425'],arousal,rs,mini,0.55
['908986176438247425'],dominance,rs,mini,0.6
['825106228770697216'],valence,rs,mini,0.78
['825106228770697216'],arousal,rs,mini,0.72
['825106228770697216'],dominance,rs,mini,0.56
['895773430737502209'],valence,rs,mini,0.58
['895773430737502209'],arousal,rs,mini,0.34
['895773430737502209'],dominance,rs,mini,0.61
['824353425966190593'],valence,rs,mini,0.84
['824353425966190593'],arousal,rs,mini,0.22
['824353425966190593'],dominance,rs,mini,0.55
['923249524981862400'],valence,rs,mini,0.65
['923249524981862400'],arousal,rs,mini,0.42
['923249524981862400'],dominance,rs,mini,0.55
['868644843614031872'],valence,rs,mini,0.58
['868644843614031872'],arousal,rs,mini,0.67
['868644843614031872'],dominance,rs,mini,0.71
['827911993709514754'],valence,rs,mini,0.22
['827911993709514754'],arousal,rs,mini,0.68
['827911993709514754'],dominance,rs,mini,0.31
['855700279915933698'],valence,rs,mini,0.82
['855700279915933698'],arousal,rs,mini,0.68
['855700279915933698'],dominance,rs,mini,0.6
['902227588009132032'],valence,rs,mini,0.66
['902227588009132032'],arousal,rs,mini,0.54
['902227588009132032'],dominance,rs,mini,0.58
['889056087009308672'],valence,rs,mini,0.58
['889056087009308672'],arousal,rs,mini,0.44
['889056087009308672'],dominance,rs,mini,0.55
['910900136376782848'],valence,rs,mini,0.8
['910900136376782848'],arousal,rs,mini,0.58
['910900136376782848'],dominance,rs,mini,0.54
['842646246192041985'],valence,rs,mini,0.25
['842646246192041985'],arousal,rs,mini,0.6
['842646246192041985'],dominance,rs,mini,0.65
['932714719814840320'],valence,rs,mini,0.42
['932714719814840320'],arousal,rs,mini,0.56
['932714719814840320'],dominance,rs,mini,0.68
['900839107684958208'],valence,rs,mini,0.91
['900839107684958208'],arousal,rs,mini,0.86
['900839107684958208'],dominance,rs,mini,0.74
['831967975611707392'],valence,rs,mini,0.72
['831967975611707392'],arousal,rs,mini,0.48
['831967975611707392'],dominance,rs,mini,0.54
['944973370520633344'],valence,rs,mini,0.42
['944973370520633344'],arousal,rs,mini,0.55
['944973370520633344'],dominance,rs,mini,0.44
['902141686612193281'],valence,rs,mini,0.15
['902141686612193281'],arousal,rs,mini,0.76
['902141686612193281'],dominance,rs,mini,0.64
['837728913325436929'],valence,rs,mini,0.18
['837728913325436929'],arousal,rs,mini,0.68
['837728913325436929'],dominance,rs,mini,0.22
['918513758036725761'],valence,rs,mini,0.88
['918513758036725761'],arousal,rs,mini,0.62
['918513758036725761'],dominance,rs,mini,0.55
['901760751152623616'],valence,rs,nano,0.65
['901760751152623616'],arousal,rs,nano,0.55
['901760751152623616'],dominance,rs,nano,0.45
['863364746577313792'],valence,rs,nano,0.9
['863364746577313792'],arousal,rs,nano,0.75
['863364746577313792'],dominance,rs,nano,0.6
['933639881145962498'],valence,rs,nano,0.5
['933639881145962498'],arousal,rs,nano,0.45
['933639881145962498'],dominance,rs,nano,0.5
['926920815198662657'],valence,rs,nano,0.6
['926920815198662657'],arousal,rs,nano,0.45
['926920815198662657'],dominance,rs,nano,0.55
['846751748672966657'],valence,rs,nano,0.7
['846751748672966657'],arousal,rs,nano,0.65
['846751748672966657'],dominance,rs,nano,0.6
['851888918207373312'],valence,rs,nano,0.35
['851888918207373312'],arousal,rs,nano,0.45
['851888918207373312'],dominance,rs,nano,0.6
['931428836029366274'],valence,rs,nano,0.1
['931428836029366274'],arousal,rs,nano,0.85
['931428836029366274'],dominance,rs,nano,0.7
['819864483141193728'],valence,rs,nano,0.65
['819864483141193728'],arousal,rs,nano,0.35
['819864483141193728'],dominance,rs,nano,0.6
['849011970204413952'],valence,rs,nano,0.15
['849011970204413952'],arousal,rs,nano,0.78
['849011970204413952'],dominance,rs,nano,0.32
['883029304875069440'],valence,rs,nano,0.65
['883029304875069440'],arousal,rs,nano,0.45
['883029304875069440'],dominance,rs,nano,0.55
['866905574822338561'],valence,rs,nano,0.55
['866905574822338561'],arousal,rs,nano,0.6
['866905574822338561'],dominance,rs,nano,0.4
['831873161750777858'],valence,rs,nano,0.3
['831873161750777858'],arousal,rs,nano,0.65
['831873161750777858'],dominance,rs,nano,0.65
['848169663716626432'],valence,rs,nano,0.72
['848169663716626432'],arousal,rs,nano,0.86
['848169663716626432'],dominance,rs,nano,0.61
['839145863217889282'],valence,rs,nano,0.25
['839145863217889282'],arousal,rs,nano,0.6
['839145863217889282'],dominance,rs,nano,0.35
['843889130606137344'],valence,rs,nano,0.82
['843889130606137344'],arousal,rs,nano,0.68
['843889130606137344'],dominance,rs,nano,0.72
['845724240552824832'],valence,rs,nano,0.3
['845724240552824832'],arousal,rs,nano,0.65
['845724240552824832'],dominance,rs,nano,0.45
['825837382029209601'],valence,rs,nano,0.85
['825837382029209601'],arousal,rs,nano,0.65
['825837382029209601'],dominance,rs,nano,0.6
['836691496636145664'],valence,rs,nano,0.6
['836691496636145664'],arousal,rs,nano,0.65
['836691496636145664'],dominance,rs,nano,0.55
['917057431599026176'],valence,rs,nano,0.25
['917057431599026176'],arousal,rs,nano,0.55
['917057431599026176'],dominance,rs,nano,0.3
['852576954435993600'],valence,rs,nano,0.35
['852576954435993600'],arousal,rs,nano,0.45
['852576954435993600'],dominance,rs,nano,0.4
['830134096567341056'],valence,rs,nano,0.6
['830134096567341056'],arousal,rs,nano,0.55
['830134096567341056'],dominance,rs,nano,0.5
['921324851658461185'],valence,rs,nano,0.15
['921324851658461185'],arousal,rs,nano,0.7
['921324851658461185'],dominance,rs,nano,0.4
['824645908784680960'],valence,rs,nano,0.72
['824645908784680960'],arousal,rs,nano,0.48
['824645908784680960'],dominance,rs,nano,0.55
['915059102874824704'],valence,rs,nano,0.35
['915059102874824704'],arousal,rs,nano,0.55
['915059102874824704'],dominance,rs,nano,0.45
['909035573385551872'],valence,rs,nano,0.2
['909035573385551872'],arousal,rs,nano,0.8
['909035573385551872'],dominance,rs,nano,0.3
['898957436526014466'],valence,rs,nano,0.42
['898957436526014466'],arousal,rs,nano,0.65
['898957436526014466'],dominance,rs,nano,0.58
['864837110527864832'],valence,rs,nano,0.25
['864837110527864832'],arousal,rs,nano,0.4
['864837110527864832'],dominance,rs,nano,0.35
['829085472332857344'],valence,rs,nano,0.72
['829085472332857344'],arousal,rs,nano,0.58
['829085472332857344'],dominance,rs,nano,0.6
['820002854136070144'],valence,rs,nano,0.35
['820002854136070144'],arousal,rs,nano,0.45
['820002854136070144'],dominance,rs,nano,0.5
['816343164676083714'],valence,rs,nano,0.75
['816343164676083714'],arousal,rs,nano,0.65
['816343164676083714'],dominance,rs,nano,0.6
['826774125087633409'],valence,rs,nano,0.72
['826774125087633409'],arousal,rs,nano,0.61
['826774125087633409'],dominance,rs,nano,0.54
['905505634631680000'],valence,rs,nano,0.8
['905505634631680000'],arousal,rs,nano,0.7
['905505634631680000'],dominance,rs,nano,0.65
['937464406115536896'],valence,rs,nano,0.25
['937464406115536896'],arousal,rs,nano,0.6
['937464406115536896'],dominance,rs,nano,0.35
['868813502097567745'],valence,rs,nano,0.62
['868813502097567745'],arousal,rs,nano,0.74
['868813502097567745'],dominance,rs,nano,0.55
['898633930911264768'],valence,rs,nano,0.7
['898633930911264768'],arousal,rs,nano,0.6
['898633930911264768'],dominance,rs,nano,0.45
['893399193737474048'],valence,rs,nano,0.1
['893399193737474048'],arousal,rs,nano,0.8
['893399193737474048'],dominance,rs,nano,0.6
['840555470788149248'],valence,rs,nano,0.82
['840555470788149248'],arousal,rs,nano,0.76
['840555470788149248'],dominance,rs,nano,0.6
['905162052817362945'],valence,rs,nano,0.35
['905162052817362945'],arousal,rs,nano,0.45
['905162052817362945'],dominance,rs,nano,0.4
['898238119144804352'],valence,rs,nano,0.65
['898238119144804352'],arousal,rs,nano,0.6
['898238119144804352'],dominance,rs,nano,0.5
['864764317597609985'],valence,rs,nano,0.4
['864764317597609985'],arousal,rs,nano,0.45
['864764317597609985'],dominance,rs,nano,0.5
['833266466342440960'],valence,rs,nano,0.82
['833266466342440960'],arousal,rs,nano,0.58
['833266466342440960'],dominance,rs,nano,0.66
['817407111378440195'],valence,rs,nano,0.6
['817407111378440195'],arousal,rs,nano,0.65
['817407111378440195'],dominance,rs,nano,0.55
['893852298807582720'],valence,rs,nano,0.8
['893852298807582720'],arousal,rs,nano,0.7
['893852298807582720'],dominance,rs,nano,0.55
['883987877922820100'],valence,rs,nano,0.25
['883987877922820100'],arousal,rs,nano,0.4
['883987877922820100'],dominance,rs,nano,0.52
['869116348806422528'],valence,rs,nano,0.78
['869116348806422528'],arousal,rs,nano,0.72
['869116348806422528'],dominance,rs,nano,0.55
['815557023366516736'],valence,rs,nano,0.2
['815557023366516736'],arousal,rs,nano,0.6
['815557023366516736'],dominance,rs,nano,0.35
['929386800522645508'],valence,rs,nano,0.85
['929386800522645508'],arousal,rs,nano,0.8
['929386800522645508'],dominance,rs,nano,0.7
['894977549989761028'],valence,rs,nano,0.75
['894977549989761028'],arousal,rs,nano,0.6
['894977549989761028'],dominance,rs,nano,0.55
['925426206710878208'],valence,rs,nano,0.8
['925426206710878208'],arousal,rs,nano,0.7
['925426206710878208'],dominance,rs,nano,0.6
['867703984580169730'],valence,rs,nano,0.35
['867703984580169730'],arousal,rs,nano,0.6
['867703984580169730'],dominance,rs,nano,0.35
['883023109460242432'],valence,rs,nano,0.7
['883023109460242432'],arousal,rs,nano,0.45
['883023109460242432'],dominance,rs,nano,0.6
['928300532124528642'],valence,rs,nano,0.35
['928300532124528642'],arousal,rs,nano,0.45
['928300532124528642'],dominance,rs,nano,0.4
['925041483568353280'],valence,rs,nano,0.45
['925041483568353280'],arousal,rs,nano,0.4
['925041483568353280'],dominance,rs,nano,0.5
['891356324289802240'],valence,rs,nano,0.8
['891356324289802240'],arousal,rs,nano,0.65
['891356324289802240'],dominance,rs,nano,0.6
['905158707486629889'],valence,rs,nano,0.8
['905158707486629889'],arousal,rs,nano,0.65
['905158707486629889'],dominance,rs,nano,0.55
['888471355435495425'],valence,rs,nano,0.7
['888471355435495425'],arousal,rs,nano,0.58
['888471355435495425'],dominance,rs,nano,0.44
['817801846337261568'],valence,rs,nano,0.35
['817801846337261568'],arousal,rs,nano,0.55
['817801846337261568'],dominance,rs,nano,0.4
['907637364759154689'],valence,rs,nano,0.8
['907637364759154689'],arousal,rs,nano,0.6
['907637364759154689'],dominance,rs,nano,0.55
['862031016478859265'],valence,rs,nano,0.75
['862031016478859265'],arousal,rs,nano,0.4
['862031016478859265'],dominance,rs,nano,0.55
['830331776258154496'],valence,rs,nano,0.2
['830331776258154496'],arousal,rs,nano,0.65
['830331776258154496'],dominance,rs,nano,0.35
['841354135349952513'],valence,rs,nano,0.25
['841354135349952513'],arousal,rs,nano,0.6
['841354135349952513'],dominance,rs,nano,0.35
['943208238039920640'],valence,rs,nano,0.65
['943208238039920640'],arousal,rs,nano,0.55
['943208238039920640'],dominance,rs,nano,0.6
['821233209107218432'],valence,rs,nano,0.58
['821233209107218432'],arousal,rs,nano,0.7
['821233209107218432'],dominance,rs,nano,0.65
['886531287103791104'],valence,rs,nano,0.5
['886531287103791104'],arousal,rs,nano,0.5
['886531287103791104'],dominance,rs,nano,0.5
['849654610558058496'],valence,rs,nano,0.72
['849654610558058496'],arousal,rs,nano,0.61
['849654610558058496'],dominance,rs,nano,0.66
['911557328897544193'],valence,rs,nano,0.65
['911557328897544193'],arousal,rs,nano,0.45
['911557328897544193'],dominance,rs,nano,0.55
['924442245297778689'],valence,rs,nano,0.86
['924442245297778689'],arousal,rs,nano,0.82
['924442245297778689'],dominance,rs,nano,0.61
['906447947092647936'],valence,rs,nano,0.22
['906447947092647936'],arousal,rs,nano,0.6
['906447947092647936'],dominance,rs,nano,0.28
['818366770989907968'],valence,rs,nano,0.6
['818366770989907968'],arousal,rs,nano,0.65
['818366770989907968'],dominance,rs,nano,0.55
['913759942208839681'],valence,rs,nano,0.65
['913759942208839681'],arousal,rs,nano,0.55
['913759942208839681'],dominance,rs,nano,0.6
['881112328653197312'],valence,rs,nano,0.85
['881112328653197312'],arousal,rs,nano,0.7
['881112328653197312'],dominance,rs,nano,0.6
['881595365551734784'],valence,rs,nano,0.38
['881595365551734784'],arousal,rs,nano,0.52
['881595365551734784'],dominance,rs,nano,0.47
['836997448715350020'],valence,rs,nano,0.85
['836997448715350020'],arousal,rs,nano,0.75
['836997448715350020'],dominance,rs,nano,0.7
['832979409518919681'],valence,rs,nano,0.8
['832979409518919681'],arousal,rs,nano,0.65
['832979409518919681'],dominance,rs,nano,0.7
['872197389276385280'],valence,rs,nano,0.86
['872197389276385280'],arousal,rs,nano,0.78
['872197389276385280'],dominance,rs,nano,0.64
['913127148994646021'],valence,rs,nano,0.35
['913127148994646021'],arousal,rs,nano,0.7
['913127148994646021'],dominance,rs,nano,0.45
['941257379060035584'],valence,rs,nano,0.42
['941257379060035584'],arousal,rs,nano,0.55
['941257379060035584'],dominance,rs,nano,0.45
['883090735326793733'],valence,rs,nano,0.75
['883090735326793733'],arousal,rs,nano,0.6
['883090735326793733'],dominance,rs,nano,0.45
['884809675413303296'],valence,rs,nano,0.8
['884809675413303296'],arousal,rs,nano,0.65
['884809675413303296'],dominance,rs,nano,0.55
['941799493917437955'],valence,rs,nano,0.55
['941799493917437955'],arousal,rs,nano,0.35
['941799493917437955'],dominance,rs,nano,0.65
['874318156629762048'],valence,rs,nano,0.6
['874318156629762048'],arousal,rs,nano,0.45
['874318156629762048'],dominance,rs,nano,0.55
['908986176438247425'],valence,rs,nano,0.8
['908986176438247425'],arousal,rs,nano,0.7
['908986176438247425'],dominance,rs,nano,0.6
['825106228770697216'],valence,rs,nano,0.8
['825106228770697216'],arousal,rs,nano,0.75
['825106228770697216'],dominance,rs,nano,0.6
['895773430737502209'],valence,rs,nano,0.7
['895773430737502209'],arousal,rs,nano,0.35
['895773430737502209'],dominance,rs,nano,0.55
['824353425966190593'],valence,rs,nano,0.82
['824353425966190593'],arousal,rs,nano,0.28
['824353425966190593'],dominance,rs,nano,0.58
['923249524981862400'],valence,rs,nano,0.7
['923249524981862400'],arousal,rs,nano,0.45
['923249524981862400'],dominance,rs,nano,0.6
['868644843614031872'],valence,rs,nano,0.35
['868644843614031872'],arousal,rs,nano,0.7
['868644843614031872'],dominance,rs,nano,0.8
['827911993709514754'],valence,rs,nano,0.2
['827911993709514754'],arousal,rs,nano,0.65
['827911993709514754'],dominance,rs,nano,0.3
['855700279915933698'],valence,rs,nano,0.78
['855700279915933698'],arousal,rs,nano,0.6
['855700279915933698'],dominance,rs,nano,0.55
['902227588009132032'],valence,rs,nano,0.55
['902227588009132032'],arousal,rs,nano,0.5
['902227588009132032'],dominance,rs,nano,0.48
['889056087009308672'],valence,rs,nano,0.6
['889056087009308672'],arousal,rs,nano,0.45
['889056087009308672'],dominance,rs,nano,0.55
['910900136376782848'],valence,rs,nano,0.85
['910900136376782848'],arousal,rs,nano,0.65
['910900136376782848'],dominance,rs,nano,0.6
['842646246192041985'],valence,rs,nano,0.35
['842646246192041985'],arousal,rs,nano,0.6
['842646246192041985'],dominance,rs,nano,0.55
['932714719814840320'],valence,rs,nano,0.6
['932714719814840320'],arousal,rs,nano,0.45
['932714719814840320'],dominance,rs,nano,0.55
['900839107684958208'],valence,rs,nano,0.87
['900839107684958208'],arousal,rs,nano,0.82
['900839107684958208'],dominance,rs,nano,0.72
['831967975611707392'],valence,rs,nano,0.8
['831967975611707392'],arousal,rs,nano,0.45
['831967975611707392'],dominance,rs,nano,0.55
['944973370520633344'],valence,rs,nano,0.45
['944973370520633344'],arousal,rs,nano,0.4
['944973370520633344'],dominance,rs,nano,0.35
['902141686612193281'],valence,rs,nano,0.15
['902141686612193281'],arousal,rs,nano,0.75
['902141686612193281'],dominance,rs,nano,0.4
['837728913325436929'],valence,rs,nano,0.15
['837728913325436929'],arousal,rs,nano,0.75
['837728913325436929'],dominance,rs,nano,0.25
['918513758036725761'],valence,rs,nano,0.86
['918513758036725761'],arousal,rs,nano,0.62
['918513758036725761'],dominance,rs,nano,0.63
['881112328653197312'],valence,pc,gpt,0.847615032501455
['889056087009308672'],valence,pc,gpt,0.233315754310375
['845724240552824832'],valence,pc,gpt,0.3945233299557006
['819864483141193728'],valence,pc,gpt,0.1872758147171757
['915059102874824704'],valence,pc,gpt,0.5041920044908481
['846751748672966657'],valence,pc,gpt,0.8374995386240356
['902227588009132032'],valence,pc,gpt,0.6522319578932614
['851888918207373312'],valence,pc,gpt,0.8719938408971449
['893852298807582720'],valence,pc,gpt,0.8751028814897547
['849011970204413952'],valence,pc,gpt,0.2543344885378749
['874318156629762048'],valence,pc,gpt,0.5648039815289212
['944973370520633344'],valence,pc,gpt,0.1993289371766574
['925041483568353280'],valence,pc,gpt,0.537221176249682
['836691496636145664'],valence,pc,gpt,0.395456219549412
['818366770989907968'],valence,pc,gpt,0.1761872172910989
['842646246192041985'],valence,pc,gpt,0.5861513172794239
['821233209107218432'],valence,pc,gpt,0.1894232291247223
['928300532124528642'],valence,pc,gpt,0.1618468622257142
['817801846337261568'],valence,pc,gpt,0.2278167150347989
['836997448715350020'],valence,pc,gpt,0.8700752139478112
['917057431599026176'],valence,pc,gpt,0.5268941368726274
['872197389276385280'],valence,pc,gpt,0.8666926763383552
['830134096567341056'],valence,pc,gpt,0.5854405944687421
['832979409518919681'],valence,pc,gpt,0.8465483739928031
['902141686612193281'],valence,pc,gpt,0.1862164985057363
['826774125087633409'],valence,pc,gpt,0.6799556554361366
['864837110527864832'],valence,pc,gpt,0.4882416150443825
['905158707486629889'],valence,pc,gpt,0.8673105528937655
['815557023366516736'],valence,pc,gpt,0.3595618679500117
['839145863217889282'],valence,pc,gpt,0.2228193815290535
['913127148994646021'],valence,pc,gpt,0.1262242152191087
['905505634631680000'],valence,pc,gpt,0.8985622757934154
['901760751152623616'],valence,pc,gpt,0.6372581054306224
['864764317597609985'],valence,pc,gpt,0.4948682489959353
['923249524981862400'],valence,pc,gpt,0.6326826974378807
['855700279915933698'],valence,pc,gpt,0.5821784297546581
['820002854136070144'],valence,pc,gpt,0.1699541007778707
['883023109460242432'],valence,pc,gpt,0.6883690791142378
['941799493917437955'],valence,pc,gpt,0.2824300179371789
['869116348806422528'],valence,pc,gpt,0.9030626084914214
['837728913325436929'],valence,pc,gpt,0.2914778457365459
['824645908784680960'],valence,pc,gpt,0.4741321456451323
['891356324289802240'],valence,pc,gpt,0.841587046915764
['906447947092647936'],valence,pc,gpt,0.2404704358552626
['883987877922820100'],valence,pc,gpt,0.3351438629889708
['921324851658461185'],valence,pc,gpt,0.4266943829957558
['883029304875069440'],valence,pc,gpt,0.4188670472750665
['868644843614031872'],valence,pc,gpt,0.8744287074554823
['941257379060035584'],valence,pc,gpt,0.2512310598363231
['909035573385551872'],valence,pc,gpt,0.8958740318934942
['933639881145962498'],valence,pc,gpt,0.2189209626285347
['825106228770697216'],valence,pc,gpt,0.8290528487091016
['931428836029366274'],valence,pc,gpt,0.1745236258652866
['894977549989761028'],valence,pc,gpt,0.5102414777814184
['867703984580169730'],valence,pc,gpt,0.2301976833488453
['898957436526014466'],valence,pc,gpt,0.3974954071361436
['831967975611707392'],valence,pc,gpt,0.6054336702068456
['841354135349952513'],valence,pc,gpt,0.3812481467490466
['840555470788149248'],valence,pc,gpt,0.9148976176741208
['816343164676083714'],valence,pc,gpt,0.4913727561329979
['907637364759154689'],valence,pc,gpt,0.8609520086897444
['884809675413303296'],valence,pc,gpt,0.6745400325742148
['895773430737502209'],valence,pc,gpt,0.6031284230635691
['925426206710878208'],valence,pc,gpt,0.8376105177014278
['898633930911264768'],valence,pc,gpt,0.7176382370520564
['817407111378440195'],valence,pc,gpt,0.5721498004277856
['833266466342440960'],valence,pc,gpt,0.6237899681138229
['863364746577313792'],valence,pc,gpt,0.8633206889262824
['881595365551734784'],valence,pc,gpt,0.4702071464671357
['824353425966190593'],valence,pc,gpt,0.8671566172603831
['862031016478859265'],valence,pc,gpt,0.5219164746907815
['849654610558058496'],valence,pc,gpt,0.1784597229505274
['905162052817362945'],valence,pc,gpt,0.1389882104077421
['908986176438247425'],valence,pc,gpt,0.8167768178365131
['911557328897544193'],valence,pc,gpt,0.4873699983114717
['825837382029209601'],valence,pc,gpt,0.8631847265031639
['918513758036725761'],valence,pc,gpt,0.8526461238071987
['852576954435993600'],valence,pc,gpt,0.4428492533343033
['888471355435495425'],valence,pc,gpt,0.2680454208982859
['924442245297778689'],valence,pc,gpt,0.8462784001124709
['830331776258154496'],valence,pc,gpt,0.2042660629452561
['866905574822338561'],valence,pc,gpt,0.4841838530253464
['831873161750777858'],valence,pc,gpt,0.3163261961730567
['848169663716626432'],valence,pc,gpt,0.5893790614135386
['898238119144804352'],valence,pc,gpt,0.4236112360822221
['943208238039920640'],valence,pc,gpt,0.6177535896969883
['883090735326793733'],valence,pc,gpt,0.5353146399964954
['926920815198662657'],valence,pc,gpt,0.2113900673639742
['929386800522645508'],valence,pc,gpt,0.8754123552225705
['910900136376782848'],valence,pc,gpt,0.6929895096443066
['900839107684958208'],valence,pc,gpt,0.8586894909645385
['937464406115536896'],valence,pc,gpt,0.2196955112731388
['932714719814840320'],valence,pc,gpt,0.4028588802306332
['886531287103791104'],valence,pc,gpt,0.6295886130261564
['827911993709514754'],valence,pc,gpt,0.4067810097462946
['829085472332857344'],valence,pc,gpt,0.8655211719261344
['868813502097567745'],valence,pc,gpt,0.4764117525846731
['843889130606137344'],valence,pc,gpt,0.8192951153969478
['913759942208839681'],valence,pc,gpt,0.5959450393391382
['893399193737474048'],valence,pc,gpt,0.367744121412895
['817407111378440195'],arousal,pc,gpt,0.5539666738250295
['852576954435993600'],arousal,pc,gpt,0.5155014584945927
['941799493917437955'],arousal,pc,gpt,0.2020557249318935
['888471355435495425'],arousal,pc,gpt,0.4597065542743385
['825837382029209601'],arousal,pc,gpt,0.6290550612283647
['826774125087633409'],arousal,pc,gpt,0.5265038652245134
['849654610558058496'],arousal,pc,gpt,0.2248398854266972
['915059102874824704'],arousal,pc,gpt,0.1833358529665566
['905162052817362945'],arousal,pc,gpt,0.2299166370675266
['906447947092647936'],arousal,pc,gpt,0.8533182641559002
['824353425966190593'],arousal,pc,gpt,0.244953973220258
['829085472332857344'],arousal,pc,gpt,0.8798809327784575
['883090735326793733'],arousal,pc,gpt,0.1668893697500602
['849011970204413952'],arousal,pc,gpt,0.8606751111837337
['918513758036725761'],arousal,pc,gpt,0.896867998886566
['874318156629762048'],arousal,pc,gpt,0.6838779087473209
['845724240552824832'],arousal,pc,gpt,0.8672369863862108
['905158707486629889'],arousal,pc,gpt,0.5939482343178892
['821233209107218432'],arousal,pc,gpt,0.8940607367518634
['830134096567341056'],arousal,pc,gpt,0.4736485320563383
['836997448715350020'],arousal,pc,gpt,0.5358340482052117
['818366770989907968'],arousal,pc,gpt,0.1697329135277413
['817801846337261568'],arousal,pc,gpt,0.5376322230180741
['910900136376782848'],arousal,pc,gpt,0.5344719222829479
['893852298807582720'],arousal,pc,gpt,0.6801234986441572
['907637364759154689'],arousal,pc,gpt,0.5458714187243705
['895773430737502209'],arousal,pc,gpt,0.2452854013504639
['868813502097567745'],arousal,pc,gpt,0.7097710059492157
['943208238039920640'],arousal,pc,gpt,0.1894496196231518
['867703984580169730'],arousal,pc,gpt,0.6317473993485815
['819864483141193728'],arousal,pc,gpt,0.411923574760626
['869116348806422528'],arousal,pc,gpt,0.8690451297013783
['864837110527864832'],arousal,pc,gpt,0.4490977288830858
['827911993709514754'],arousal,pc,gpt,0.212912345617836
['839145863217889282'],arousal,pc,gpt,0.938139668493102
['848169663716626432'],arousal,pc,gpt,0.8874031926711329
['863364746577313792'],arousal,pc,gpt,0.9076249852843978
['931428836029366274'],arousal,pc,gpt,0.6137131260068314
['837728913325436929'],arousal,pc,gpt,0.6516758546440556
['881595365551734784'],arousal,pc,gpt,0.2329809866537718
['833266466342440960'],arousal,pc,gpt,0.2203270025368661
['933639881145962498'],arousal,pc,gpt,0.1575008069189281
['937464406115536896'],arousal,pc,gpt,0.8939150767378822
['898633930911264768'],arousal,pc,gpt,0.6752202262005824
['883987877922820100'],arousal,pc,gpt,0.174935523778463
['831873161750777858'],arousal,pc,gpt,0.8824345845731376
['926920815198662657'],arousal,pc,gpt,0.1741147523121213
['913127148994646021'],arousal,pc,gpt,0.856688355092108
['908986176438247425'],arousal,pc,gpt,0.3910879728568453
['925426206710878208'],arousal,pc,gpt,0.4723772903626155
['932714719814840320'],arousal,pc,gpt,0.6554634874850628
['816343164676083714'],arousal,pc,gpt,0.6409822616493852
['830331776258154496'],arousal,pc,gpt,0.8918273545204454
['864764317597609985'],arousal,pc,gpt,0.3849507263461377
['831967975611707392'],arousal,pc,gpt,0.202050824945522
['843889130606137344'],arousal,pc,gpt,0.6052768881696733
['911557328897544193'],arousal,pc,gpt,0.1900814909052934
['891356324289802240'],arousal,pc,gpt,0.4700492292077957
['842646246192041985'],arousal,pc,gpt,0.6545987533049133
['894977549989761028'],arousal,pc,gpt,0.1555084068974361
['923249524981862400'],arousal,pc,gpt,0.2010907161603692
['898957436526014466'],arousal,pc,gpt,0.621000458183903
['886531287103791104'],arousal,pc,gpt,0.1925062084275886
['815557023366516736'],arousal,pc,gpt,0.9135842394482526
['928300532124528642'],arousal,pc,gpt,0.5180437209846985
['824645908784680960'],arousal,pc,gpt,0.5991606806116309
['893399193737474048'],arousal,pc,gpt,0.6527726473688661
['902141686612193281'],arousal,pc,gpt,0.8999306591135493
['909035573385551872'],arousal,pc,gpt,0.5512307214846308
['832979409518919681'],arousal,pc,gpt,0.6057146082095948
['902227588009132032'],arousal,pc,gpt,0.5734528389566814
['921324851658461185'],arousal,pc,gpt,0.7507939603880142
['884809675413303296'],arousal,pc,gpt,0.2495126375316195
['840555470788149248'],arousal,pc,gpt,0.8924731776884706
['905505634631680000'],arousal,pc,gpt,0.7184552536212704
['862031016478859265'],arousal,pc,gpt,0.2682177870099039
['924442245297778689'],arousal,pc,gpt,0.8884909435904453
['846751748672966657'],arousal,pc,gpt,0.5596736385874109
['820002854136070144'],arousal,pc,gpt,0.1801235939463914
['889056087009308672'],arousal,pc,gpt,0.2387729163080002
['925041483568353280'],arousal,pc,gpt,0.362924843998708
['851888918207373312'],arousal,pc,gpt,0.6862274099869868
['872197389276385280'],arousal,pc,gpt,0.7108349070523234
['883029304875069440'],arousal,pc,gpt,0.4846404535600866
['900839107684958208'],arousal,pc,gpt,0.8338220881885331
['941257379060035584'],arousal,pc,gpt,0.2681899854236811
['881112328653197312'],arousal,pc,gpt,0.561799968313786
['913759942208839681'],arousal,pc,gpt,0.2168186633574312
['944973370520633344'],arousal,pc,gpt,0.5683054588522859
['841354135349952513'],arousal,pc,gpt,0.6351853679540215
['855700279915933698'],arousal,pc,gpt,0.2458014234377974
['929386800522645508'],arousal,pc,gpt,0.8635430513417427
['901760751152623616'],arousal,pc,gpt,0.6184609587368287
['898238119144804352'],arousal,pc,gpt,0.3874824433602833
['825106228770697216'],arousal,pc,gpt,0.8665221068876879
['883023109460242432'],arousal,pc,gpt,0.3851263603152448
['866905574822338561'],arousal,pc,gpt,0.4168572860541479
['917057431599026176'],arousal,pc,gpt,0.3899525363144907
['836691496636145664'],arousal,pc,gpt,0.6581591394351349
['868644843614031872'],arousal,pc,gpt,0.9023584795550712
['893399193737474048'],dominance,pc,gpt,0.9147988670382828
['874318156629762048'],dominance,pc,gpt,0.8341834073532395
['816343164676083714'],dominance,pc,gpt,0.2721325340237777
['888471355435495425'],dominance,pc,gpt,0.6664082388530007
['889056087009308672'],dominance,pc,gpt,0.2528774240802525
['929386800522645508'],dominance,pc,gpt,0.8646003453147365
['864837110527864832'],dominance,pc,gpt,0.7089097944524855
['898957436526014466'],dominance,pc,gpt,0.9144649405190048
['943208238039920640'],dominance,pc,gpt,0.4444361985807059
['894977549989761028'],dominance,pc,gpt,0.2562818219516254
['866905574822338561'],dominance,pc,gpt,0.4730636424918903
['884809675413303296'],dominance,pc,gpt,0.4022322554161083
['868644843614031872'],dominance,pc,gpt,0.5239683728059479
['911557328897544193'],dominance,pc,gpt,0.2134981331216435
['907637364759154689'],dominance,pc,gpt,0.2381306172819267
['918513758036725761'],dominance,pc,gpt,0.5735494830661312
['820002854136070144'],dominance,pc,gpt,0.2625384760045366
['842646246192041985'],dominance,pc,gpt,0.8488983348176472
['868813502097567745'],dominance,pc,gpt,0.2078311387412538
['895773430737502209'],dominance,pc,gpt,0.568642517959496
['841354135349952513'],dominance,pc,gpt,0.6383176067594816
['905505634631680000'],dominance,pc,gpt,0.8819946134444963
['883023109460242432'],dominance,pc,gpt,0.664027683532533
['832979409518919681'],dominance,pc,gpt,0.5358698824752225
['825837382029209601'],dominance,pc,gpt,0.9179945722023778
['898633930911264768'],dominance,pc,gpt,0.1740209646036798
['921324851658461185'],dominance,pc,gpt,0.8660017801333381
['836691496636145664'],dominance,pc,gpt,0.6429844116006712
['824645908784680960'],dominance,pc,gpt,0.1918509937491187
['815557023366516736'],dominance,pc,gpt,0.2295067887556011
['941799493917437955'],dominance,pc,gpt,0.5809366405161311
['913127148994646021'],dominance,pc,gpt,0.8603701543798453
['881112328653197312'],dominance,pc,gpt,0.8537741531365859
['821233209107218432'],dominance,pc,gpt,0.178943647587837
['913759942208839681'],dominance,pc,gpt,0.2764110264247632
['851888918207373312'],dominance,pc,gpt,0.8842501404274782
['891356324289802240'],dominance,pc,gpt,0.6580068893889955
['917057431599026176'],dominance,pc,gpt,0.3641386675942322
['925041483568353280'],dominance,pc,gpt,0.7038545888866118
['905162052817362945'],dominance,pc,gpt,0.2166514163468456
['886531287103791104'],dominance,pc,gpt,0.5406153304348887
['902227588009132032'],dominance,pc,gpt,0.9109898204237964
['872197389276385280'],dominance,pc,gpt,0.8651321116343629
['924442245297778689'],dominance,pc,gpt,0.6004253651220912
['849011970204413952'],dominance,pc,gpt,0.509899871725587
['941257379060035584'],dominance,pc,gpt,0.202041528626807
['831967975611707392'],dominance,pc,gpt,0.5328814033980844
['898238119144804352'],dominance,pc,gpt,0.3952710371100503
['883029304875069440'],dominance,pc,gpt,0.6355015767927952
['928300532124528642'],dominance,pc,gpt,0.6850819810407094
['855700279915933698'],dominance,pc,gpt,0.2736538044954462
['829085472332857344'],dominance,pc,gpt,0.3812973423780435
['933639881145962498'],dominance,pc,gpt,0.2107392445780715
['845724240552824832'],dominance,pc,gpt,0.6510341816274736
['863364746577313792'],dominance,pc,gpt,0.5416492769287943
['925426206710878208'],dominance,pc,gpt,0.8394511301213228
['932714719814840320'],dominance,pc,gpt,0.8709178615742091
['840555470788149248'],dominance,pc,gpt,0.625116113593691
['881595365551734784'],dominance,pc,gpt,0.2745176309130749
['825106228770697216'],dominance,pc,gpt,0.560771056808887
['862031016478859265'],dominance,pc,gpt,0.626728509159424
['937464406115536896'],dominance,pc,gpt,0.2397198814578376
['883987877922820100'],dominance,pc,gpt,0.8750061932240301
['923249524981862400'],dominance,pc,gpt,0.498242362521173
['830134096567341056'],dominance,pc,gpt,0.5266922631573524
['910900136376782848'],dominance,pc,gpt,0.1805542943095739
['824353425966190593'],dominance,pc,gpt,0.4246462028123686
['818366770989907968'],dominance,pc,gpt,0.2453374024068414
['839145863217889282'],dominance,pc,gpt,0.261037328559224
['883090735326793733'],dominance,pc,gpt,0.4208822670528909
['817407111378440195'],dominance,pc,gpt,0.6536965225232919
['843889130606137344'],dominance,pc,gpt,0.8490195859099379
['848169663716626432'],dominance,pc,gpt,0.6099431579249072
['817801846337261568'],dominance,pc,gpt,0.5372374512544152
['836997448715350020'],dominance,pc,gpt,0.8498417173213539
['849654610558058496'],dominance,pc,gpt,0.2338592323412174
['837728913325436929'],dominance,pc,gpt,0.2804605669093999
['826774125087633409'],dominance,pc,gpt,0.6438016620755268
['905158707486629889'],dominance,pc,gpt,0.1895868514680772
['909035573385551872'],dominance,pc,gpt,0.6848366995760522
['846751748672966657'],dominance,pc,gpt,0.8803839791621214
['944973370520633344'],dominance,pc,gpt,0.1370436640559396
['869116348806422528'],dominance,pc,gpt,0.8768023603523892
['900839107684958208'],dominance,pc,gpt,0.8623800546908351
['901760751152623616'],dominance,pc,gpt,0.612379871587922
['830331776258154496'],dominance,pc,gpt,0.2601743024009414
['833266466342440960'],dominance,pc,gpt,0.5291352066783203
['893852298807582720'],dominance,pc,gpt,0.4418071057188859
['906447947092647936'],dominance,pc,gpt,0.1997256505629053
['931428836029366274'],dominance,pc,gpt,0.2302091486423189
['902141686612193281'],dominance,pc,gpt,0.8965208375936109
['831873161750777858'],dominance,pc,gpt,0.9218727971463612
['819864483141193728'],dominance,pc,gpt,0.8598684016660071
['908986176438247425'],dominance,pc,gpt,0.5528964640432333
['864764317597609985'],dominance,pc,gpt,0.5920178913486728
['867703984580169730'],dominance,pc,gpt,0.4025562701856708
['852576954435993600'],dominance,pc,gpt,0.1838401458286752
['827911993709514754'],dominance,pc,gpt,0.5238220868873672
['915059102874824704'],dominance,pc,gpt,0.8696677286026135
['926920815198662657'],dominance,pc,gpt,0.6034176742707971
['863364746577313792'],valence,bws,gpt,0.945794348880876
['895773430737502209'],valence,bws,gpt,0.4446191744027034
['824353425966190593'],valence,bws,gpt,0.8776600164348686
['905162052817362945'],valence,bws,gpt,0.3683830366566118
['921324851658461185'],valence,bws,gpt,0.1934304723000229
['849011970204413952'],valence,bws,gpt,0.0913264446037404
['937464406115536896'],valence,bws,gpt,0.1427954150178298
['840555470788149248'],valence,bws,gpt,0.8192864881466025
['825837382029209601'],valence,bws,gpt,0.9432791012168712
['851888918207373312'],valence,bws,gpt,0.5415544007719064
['928300532124528642'],valence,bws,gpt,0.3861103237348615
['925041483568353280'],valence,bws,gpt,0.4971844586205655
['817801846337261568'],valence,bws,gpt,0.2850202915180208
['819864483141193728'],valence,bws,gpt,0.4338109800493034
['816343164676083714'],valence,bws,gpt,0.6696318853054637
['881112328653197312'],valence,bws,gpt,0.9435036421957146
['836997448715350020'],valence,bws,gpt,0.8207255738081345
['833266466342440960'],valence,bws,gpt,0.6036060073589236
['845724240552824832'],valence,bws,gpt,0.4274724154528247
['893852298807582720'],valence,bws,gpt,0.6463516660811425
['825106228770697216'],valence,bws,gpt,0.5996994677057002
['866905574822338561'],valence,bws,gpt,0.6279510191779425
['817407111378440195'],valence,bws,gpt,0.6878036611796214
['841354135349952513'],valence,bws,gpt,0.4981095524691901
['830134096567341056'],valence,bws,gpt,0.5378255257748825
['864837110527864832'],valence,bws,gpt,0.3417208535855826
['932714719814840320'],valence,bws,gpt,0.3997408713580512
['818366770989907968'],valence,bws,gpt,0.1744136381363167
['831967975611707392'],valence,bws,gpt,0.4777083990528578
['827911993709514754'],valence,bws,gpt,0.2598783323353829
['868644843614031872'],valence,bws,gpt,0.5926494154732956
['888471355435495425'],valence,bws,gpt,0.5781423386897847
['867703984580169730'],valence,bws,gpt,0.3063460630928326
['902227588009132032'],valence,bws,gpt,0.3880499775365141
['898633930911264768'],valence,bws,gpt,0.8166598666449294
['901760751152623616'],valence,bws,gpt,0.605596464842777
['842646246192041985'],valence,bws,gpt,0.2602529722933657
['891356324289802240'],valence,bws,gpt,0.7189405025965239
['923249524981862400'],valence,bws,gpt,0.6177202333525721
['943208238039920640'],valence,bws,gpt,0.5740565643353934
['862031016478859265'],valence,bws,gpt,0.6377150955085914
['874318156629762048'],valence,bws,gpt,0.6372987320574928
['918513758036725761'],valence,bws,gpt,0.9540727202217172
['894977549989761028'],valence,bws,gpt,0.6840863806474876
['884809675413303296'],valence,bws,gpt,0.7340364701631692
['843889130606137344'],valence,bws,gpt,0.7078484608019184
['883029304875069440'],valence,bws,gpt,0.3784435100396811
['881595365551734784'],valence,bws,gpt,0.3413547453547383
['889056087009308672'],valence,bws,gpt,0.53593871338795
['910900136376782848'],valence,bws,gpt,0.8279273966510609
['924442245297778689'],valence,bws,gpt,0.9438421432201054
['848169663716626432'],valence,bws,gpt,0.735796378495365
['933639881145962498'],valence,bws,gpt,0.2379989478501551
['931428836029366274'],valence,bws,gpt,0.0674544426968904
['846751748672966657'],valence,bws,gpt,0.5012931827913065
['907637364759154689'],valence,bws,gpt,0.7567527640602804
['944973370520633344'],valence,bws,gpt,0.3331760648132466
['902141686612193281'],valence,bws,gpt,0.2400545241958672
['869116348806422528'],valence,bws,gpt,0.6636437222812871
['837728913325436929'],valence,bws,gpt,0.0731403969132832
['898238119144804352'],valence,bws,gpt,0.5589143990385101
['898957436526014466'],valence,bws,gpt,0.3770213641716579
['864764317597609985'],valence,bws,gpt,0.4739357280935666
['900839107684958208'],valence,bws,gpt,0.9538346900673472
['832979409518919681'],valence,bws,gpt,0.948592390898219
['917057431599026176'],valence,bws,gpt,0.2788012297147015
['855700279915933698'],valence,bws,gpt,0.6597660854007261
['821233209107218432'],valence,bws,gpt,0.1541362756168342
['893399193737474048'],valence,bws,gpt,0.1475564479799292
['829085472332857344'],valence,bws,gpt,0.6439309289272112
['883023109460242432'],valence,bws,gpt,0.5082200092745414
['941257379060035584'],valence,bws,gpt,0.4201584877160632
['826774125087633409'],valence,bws,gpt,0.7827899295002032
['925426206710878208'],valence,bws,gpt,0.5722901221896918
['886531287103791104'],valence,bws,gpt,0.5110415182815178
['836691496636145664'],valence,bws,gpt,0.3565132440757053
['872197389276385280'],valence,bws,gpt,0.8214275855261175
['820002854136070144'],valence,bws,gpt,0.2936510257411523
['911557328897544193'],valence,bws,gpt,0.5272249942459042
['849654610558058496'],valence,bws,gpt,0.3763803787069861
['905158707486629889'],valence,bws,gpt,0.624200664496226
['909035573385551872'],valence,bws,gpt,0.4255090747433205
['913759942208839681'],valence,bws,gpt,0.6427887894750955
['908986176438247425'],valence,bws,gpt,0.8058881828408336
['883090735326793733'],valence,bws,gpt,0.6033566608727765
['868813502097567745'],valence,bws,gpt,0.5180949648008409
['815557023366516736'],valence,bws,gpt,0.2793901615396892
['929386800522645508'],valence,bws,gpt,0.4659551143699748
['824645908784680960'],valence,bws,gpt,0.5094854539858934
['883987877922820100'],valence,bws,gpt,0.4430600189210314
['941799493917437955'],valence,bws,gpt,0.4782813289656115
['831873161750777858'],valence,bws,gpt,0.2149367329235091
['905505634631680000'],valence,bws,gpt,0.7485343014748802
['906447947092647936'],valence,bws,gpt,0.1732343954142402
['839145863217889282'],valence,bws,gpt,0.0747308282294438
['830331776258154496'],valence,bws,gpt,0.133389831363539
['915059102874824704'],valence,bws,gpt,0.5386677190552368
['913127148994646021'],valence,bws,gpt,0.2821266470345026
['926920815198662657'],valence,bws,gpt,0.6199527802277043
['852576954435993600'],valence,bws,gpt,0.0857393827390037
['831873161750777858'],arousal,bws,gpt,0.8477777878529174
['905162052817362945'],arousal,bws,gpt,0.1879940277504966
['943208238039920640'],arousal,bws,gpt,0.2422157152131778
['926920815198662657'],arousal,bws,gpt,0.2973922003555931
['820002854136070144'],arousal,bws,gpt,0.3023597074387527
['867703984580169730'],arousal,bws,gpt,0.5772762584106644
['918513758036725761'],arousal,bws,gpt,0.6011250547824528
['869116348806422528'],arousal,bws,gpt,0.8306031300980204
['836691496636145664'],arousal,bws,gpt,0.4964912273633832
['911557328897544193'],arousal,bws,gpt,0.2303714134385095
['902141686612193281'],arousal,bws,gpt,0.8207396547273452
['866905574822338561'],arousal,bws,gpt,0.4367450987297055
['842646246192041985'],arousal,bws,gpt,0.5965168636011814
['846751748672966657'],arousal,bws,gpt,0.6570914247478473
['932714719814840320'],arousal,bws,gpt,0.4891657334938352
['851888918207373312'],arousal,bws,gpt,0.4372694400002695
['941257379060035584'],arousal,bws,gpt,0.2596920212693831
['883090735326793733'],arousal,bws,gpt,0.1418332266503658
['855700279915933698'],arousal,bws,gpt,0.5977156133417288
['931428836029366274'],arousal,bws,gpt,0.6228237916552941
['815557023366516736'],arousal,bws,gpt,0.6823387417611146
['868813502097567745'],arousal,bws,gpt,0.8226737483704513
['906447947092647936'],arousal,bws,gpt,0.4733494964919355
['845724240552824832'],arousal,bws,gpt,0.334984173554916
['849011970204413952'],arousal,bws,gpt,0.9500294087643478
['840555470788149248'],arousal,bws,gpt,0.704086353298034
['921324851658461185'],arousal,bws,gpt,0.7189738686156412
['825837382029209601'],arousal,bws,gpt,0.8517534348660752
['894977549989761028'],arousal,bws,gpt,0.3245517470589614
['884809675413303296'],arousal,bws,gpt,0.5900565703788067
['915059102874824704'],arousal,bws,gpt,0.3141732674763107
['888471355435495425'],arousal,bws,gpt,0.545271788322368
['905158707486629889'],arousal,bws,gpt,0.5277747458047826
['833266466342440960'],arousal,bws,gpt,0.3269029888641142
['923249524981862400'],arousal,bws,gpt,0.1591695629876331
['895773430737502209'],arousal,bws,gpt,0.0801509329174831
['817407111378440195'],arousal,bws,gpt,0.7948909096820571
['874318156629762048'],arousal,bws,gpt,0.5543324950571874
['891356324289802240'],arousal,bws,gpt,0.4241485142507164
['883029304875069440'],arousal,bws,gpt,0.1758362055884547
['837728913325436929'],arousal,bws,gpt,0.948509532097374
['872197389276385280'],arousal,bws,gpt,0.7611415758383083
['898957436526014466'],arousal,bws,gpt,0.4337843918951019
['830134096567341056'],arousal,bws,gpt,0.3730366038483583
['817801846337261568'],arousal,bws,gpt,0.4678554857639619
['881112328653197312'],arousal,bws,gpt,0.7169478777282988
['924442245297778689'],arousal,bws,gpt,0.7816812118935546
['901760751152623616'],arousal,bws,gpt,0.3933703073309584
['824645908784680960'],arousal,bws,gpt,0.3864549689397083
['818366770989907968'],arousal,bws,gpt,0.5492573363021631
['816343164676083714'],arousal,bws,gpt,0.6775021294672205
['864837110527864832'],arousal,bws,gpt,0.1856933045240878
['841354135349952513'],arousal,bws,gpt,0.6650979505926949
['907637364759154689'],arousal,bws,gpt,0.4336372281032725
['933639881145962498'],arousal,bws,gpt,0.206421939092813
['886531287103791104'],arousal,bws,gpt,0.2364925071957049
['889056087009308672'],arousal,bws,gpt,0.247186407979153
['832979409518919681'],arousal,bws,gpt,0.4660366094416946
['937464406115536896'],arousal,bws,gpt,0.615757273940049
['864764317597609985'],arousal,bws,gpt,0.401939165106315
['893399193737474048'],arousal,bws,gpt,0.6585441343992859
['913127148994646021'],arousal,bws,gpt,0.8573772722746356
['863364746577313792'],arousal,bws,gpt,0.9470594647237952
['831967975611707392'],arousal,bws,gpt,0.3642231542140176
['881595365551734784'],arousal,bws,gpt,0.4703411512624771
['821233209107218432'],arousal,bws,gpt,0.8772241740059159
['909035573385551872'],arousal,bws,gpt,0.596594260211722
['843889130606137344'],arousal,bws,gpt,0.5323052870194911
['862031016478859265'],arousal,bws,gpt,0.3698746971592466
['883987877922820100'],arousal,bws,gpt,0.3657370334166344
['900839107684958208'],arousal,bws,gpt,0.9539394418973004
['910900136376782848'],arousal,bws,gpt,0.1778531827570358
['824353425966190593'],arousal,bws,gpt,0.074795125180756
['829085472332857344'],arousal,bws,gpt,0.6039222162175181
['908986176438247425'],arousal,bws,gpt,0.1820401999795887
['944973370520633344'],arousal,bws,gpt,0.5091087742063841
['825106228770697216'],arousal,bws,gpt,0.737495242572022
['839145863217889282'],arousal,bws,gpt,0.8015635693525581
['830331776258154496'],arousal,bws,gpt,0.8201450755468506
['898238119144804352'],arousal,bws,gpt,0.2533983067648245
['827911993709514754'],arousal,bws,gpt,0.5041649874652188
['849654610558058496'],arousal,bws,gpt,0.6081795650009056
['941799493917437955'],arousal,bws,gpt,0.2770030862706344
['929386800522645508'],arousal,bws,gpt,0.952609103777912
['913759942208839681'],arousal,bws,gpt,0.6213659337933204
['848169663716626432'],arousal,bws,gpt,0.7874078397701177
['925041483568353280'],arousal,bws,gpt,0.1700124414512347
['893852298807582720'],arousal,bws,gpt,0.5783969865594482
['819864483141193728'],arousal,bws,gpt,0.2118447872193976
['902227588009132032'],arousal,bws,gpt,0.3378108511802248
['883023109460242432'],arousal,bws,gpt,0.3691632693005746
['917057431599026176'],arousal,bws,gpt,0.4397525236098161
['868644843614031872'],arousal,bws,gpt,0.7699454543938005
['852576954435993600'],arousal,bws,gpt,0.4565027426887955
['928300532124528642'],arousal,bws,gpt,0.3045199703894525
['925426206710878208'],arousal,bws,gpt,0.4313047169479887
['898633930911264768'],arousal,bws,gpt,0.7310690402458488
['905505634631680000'],arousal,bws,gpt,0.7211597643169829
['836997448715350020'],arousal,bws,gpt,0.6210391804038911
['826774125087633409'],arousal,bws,gpt,0.6076564705893883
['908986176438247425'],dominance,bws,gpt,0.5340268181159099
['898633930911264768'],dominance,bws,gpt,0.328165382126571
['825106228770697216'],dominance,bws,gpt,0.6062348316418409
['832979409518919681'],dominance,bws,gpt,0.4781855290097271
['830134096567341056'],dominance,bws,gpt,0.6547848645174923
['933639881145962498'],dominance,bws,gpt,0.5027428129773361
['869116348806422528'],dominance,bws,gpt,0.762385964491777
['932714719814840320'],dominance,bws,gpt,0.8277322891570449
['913759942208839681'],dominance,bws,gpt,0.3873692377076219
['883090735326793733'],dominance,bws,gpt,0.2295389149382705
['921324851658461185'],dominance,bws,gpt,0.7972873581028874
['923249524981862400'],dominance,bws,gpt,0.41766711336758
['881112328653197312'],dominance,bws,gpt,0.6217606125699742
['883987877922820100'],dominance,bws,gpt,0.7099273776145205
['826774125087633409'],dominance,bws,gpt,0.6628873338389265
['894977549989761028'],dominance,bws,gpt,0.4785961428565754
['846751748672966657'],dominance,bws,gpt,0.832862926232413
['905158707486629889'],dominance,bws,gpt,0.266365289525393
['883023109460242432'],dominance,bws,gpt,0.3664463127089914
['913127148994646021'],dominance,bws,gpt,0.4959671260622796
['863364746577313792'],dominance,bws,gpt,0.5369569673732068
['849654610558058496'],dominance,bws,gpt,0.5693946951770951
['820002854136070144'],dominance,bws,gpt,0.3354161938475123
['915059102874824704'],dominance,bws,gpt,0.5989284245926393
['900839107684958208'],dominance,bws,gpt,0.8214301571316927
['824353425966190593'],dominance,bws,gpt,0.3141288981691271
['917057431599026176'],dominance,bws,gpt,0.2104963876806486
['902227588009132032'],dominance,bws,gpt,0.3226290409332146
['831967975611707392'],dominance,bws,gpt,0.3371286871087021
['941257379060035584'],dominance,bws,gpt,0.3209177746848578
['906447947092647936'],dominance,bws,gpt,0.163675400599784
['884809675413303296'],dominance,bws,gpt,0.5648404045986543
['843889130606137344'],dominance,bws,gpt,0.9448171103836724
['819864483141193728'],dominance,bws,gpt,0.7465343037649854
['891356324289802240'],dominance,bws,gpt,0.5160727274922375
['925426206710878208'],dominance,bws,gpt,0.6439097788778674
['848169663716626432'],dominance,bws,gpt,0.4395336863818302
['902141686612193281'],dominance,bws,gpt,0.9481581962765716
['883029304875069440'],dominance,bws,gpt,0.3745272892718264
['928300532124528642'],dominance,bws,gpt,0.0894636651908055
['831873161750777858'],dominance,bws,gpt,0.6523537062339979
['925041483568353280'],dominance,bws,gpt,0.5877722668874297
['937464406115536896'],dominance,bws,gpt,0.0724454742890995
['851888918207373312'],dominance,bws,gpt,0.9411333923106286
['868813502097567745'],dominance,bws,gpt,0.3826203963633772
['837728913325436929'],dominance,bws,gpt,0.069778203556599
['824645908784680960'],dominance,bws,gpt,0.4000658847030947
['881595365551734784'],dominance,bws,gpt,0.2936977902256332
['864764317597609985'],dominance,bws,gpt,0.4552538704161752
['852576954435993600'],dominance,bws,gpt,0.1569053971099799
['895773430737502209'],dominance,bws,gpt,0.6217162934460185
['855700279915933698'],dominance,bws,gpt,0.5889633495299841
['898957436526014466'],dominance,bws,gpt,0.8059347006109016
['827911993709514754'],dominance,bws,gpt,0.2384591158809659
['829085472332857344'],dominance,bws,gpt,0.5082450272174723
['817407111378440195'],dominance,bws,gpt,0.7059257759463325
['818366770989907968'],dominance,bws,gpt,0.2163263257308172
['817801846337261568'],dominance,bws,gpt,0.373470012504118
['901760751152623616'],dominance,bws,gpt,0.5389304445346541
['868644843614031872'],dominance,bws,gpt,0.8736705034200135
['845724240552824832'],dominance,bws,gpt,0.6185823274333768
['898238119144804352'],dominance,bws,gpt,0.5331523128140455
['874318156629762048'],dominance,bws,gpt,0.6240304779269568
['941799493917437955'],dominance,bws,gpt,0.5355499102549982
['825837382029209601'],dominance,bws,gpt,0.450939258674696
['866905574822338561'],dominance,bws,gpt,0.4780192784176631
['924442245297778689'],dominance,bws,gpt,0.4044776329517193
['907637364759154689'],dominance,bws,gpt,0.4607337568458799
['886531287103791104'],dominance,bws,gpt,0.5769091745413548
['830331776258154496'],dominance,bws,gpt,0.3240258396772859
['867703984580169730'],dominance,bws,gpt,0.2177838305975793
['836691496636145664'],dominance,bws,gpt,0.7295211985172975
['888471355435495425'],dominance,bws,gpt,0.399027537087129
['862031016478859265'],dominance,bws,gpt,0.6855342457939672
['931428836029366274'],dominance,bws,gpt,0.1617171704555829
['841354135349952513'],dominance,bws,gpt,0.6895745643255913
['905505634631680000'],dominance,bws,gpt,0.618039413392909
['889056087009308672'],dominance,bws,gpt,0.6225448079288984
['839145863217889282'],dominance,bws,gpt,0.089385851526044
['893852298807582720'],dominance,bws,gpt,0.5122792696999042
['864837110527864832'],dominance,bws,gpt,0.3582312388675727
['909035573385551872'],dominance,bws,gpt,0.752718829143438
['816343164676083714'],dominance,bws,gpt,0.5495476039727567
['893399193737474048'],dominance,bws,gpt,0.7364098250148087
['842646246192041985'],dominance,bws,gpt,0.8377785217607088
['821233209107218432'],dominance,bws,gpt,0.297543141783856
['943208238039920640'],dominance,bws,gpt,0.601916497447418
['840555470788149248'],dominance,bws,gpt,0.6885892186744532
['815557023366516736'],dominance,bws,gpt,0.2940109921863554
['872197389276385280'],dominance,bws,gpt,0.9448516579271548
['944973370520633344'],dominance,bws,gpt,0.1438886980575309
['833266466342440960'],dominance,bws,gpt,0.6727228884611334
['911557328897544193'],dominance,bws,gpt,0.078135269496888
['836997448715350020'],dominance,bws,gpt,0.6093521839745646
['910900136376782848'],dominance,bws,gpt,0.4796319663928433
['849011970204413952'],dominance,bws,gpt,0.0867181807844274
['905162052817362945'],dominance,bws,gpt,0.2508656253756435
['926920815198662657'],dominance,bws,gpt,0.7538339016162799
['929386800522645508'],dominance,bws,gpt,0.9447770386378668
['918513758036725761'],dominance,bws,gpt,0.485305550236805
['817801846337261568'],valence,pc,mini,0.4911011432656982
['883987877922820100'],valence,pc,mini,0.3800742613450262
['925426206710878208'],valence,pc,mini,0.8388178973876185
['816343164676083714'],valence,pc,mini,0.6908704609719661
['836691496636145664'],valence,pc,mini,0.4249229622626508
['836997448715350020'],valence,pc,mini,0.8901570721565389
['944973370520633344'],valence,pc,mini,0.6480140785157121
['851888918207373312'],valence,pc,mini,0.8810534558390284
['923249524981862400'],valence,pc,mini,0.7291135038747139
['893399193737474048'],valence,pc,mini,0.3767138638509082
['933639881145962498'],valence,pc,mini,0.2040383837621931
['872197389276385280'],valence,pc,mini,0.9163248017002252
['831967975611707392'],valence,pc,mini,0.5980754359994493
['827911993709514754'],valence,pc,mini,0.410627423008791
['833266466342440960'],valence,pc,mini,0.6509439212708104
['913127148994646021'],valence,pc,mini,0.2160324757691248
['846751748672966657'],valence,pc,mini,0.8622100820698083
['931428836029366274'],valence,pc,mini,0.119521800827177
['855700279915933698'],valence,pc,mini,0.5005630669014863
['909035573385551872'],valence,pc,mini,0.5602503600941655
['895773430737502209'],valence,pc,mini,0.3773124643848881
['869116348806422528'],valence,pc,mini,0.8651174544216242
['830134096567341056'],valence,pc,mini,0.3684739773082454
['926920815198662657'],valence,pc,mini,0.229914016208779
['818366770989907968'],valence,pc,mini,0.482345834233469
['849011970204413952'],valence,pc,mini,0.2575534659511869
['867703984580169730'],valence,pc,mini,0.2121759078729103
['883023109460242432'],valence,pc,mini,0.7424216049486573
['893852298807582720'],valence,pc,mini,0.3925597804900422
['908986176438247425'],valence,pc,mini,0.8166088781231049
['863364746577313792'],valence,pc,mini,0.8705790274475332
['839145863217889282'],valence,pc,mini,0.2186432420965376
['898238119144804352'],valence,pc,mini,0.4072992673814162
['819864483141193728'],valence,pc,mini,0.3899438358928038
['815557023366516736'],valence,pc,mini,0.372701950305057
['921324851658461185'],valence,pc,mini,0.3896228924455561
['883029304875069440'],valence,pc,mini,0.4141254928099318
['849654610558058496'],valence,pc,mini,0.4909344841221231
['826774125087633409'],valence,pc,mini,0.6607883228958906
['866905574822338561'],valence,pc,mini,0.7416291735800871
['848169663716626432'],valence,pc,mini,0.6976039292188219
['901760751152623616'],valence,pc,mini,0.8841198341438529
['842646246192041985'],valence,pc,mini,0.6033851082918004
['902141686612193281'],valence,pc,mini,0.1036216302476935
['905162052817362945'],valence,pc,mini,0.4742882709300295
['941799493917437955'],valence,pc,mini,0.2352463735190575
['917057431599026176'],valence,pc,mini,0.3799291904390556
['888471355435495425'],valence,pc,mini,0.2015523028827162
['840555470788149248'],valence,pc,mini,0.9217673320261832
['913759942208839681'],valence,pc,mini,0.6183496520074493
['817407111378440195'],valence,pc,mini,0.5289806603845477
['821233209107218432'],valence,pc,mini,0.1402160651277917
['932714719814840320'],valence,pc,mini,0.6114845809019089
['881112328653197312'],valence,pc,mini,0.90579012092632
['900839107684958208'],valence,pc,mini,0.8691069519650676
['862031016478859265'],valence,pc,mini,0.6799542931170042
['868813502097567745'],valence,pc,mini,0.3944183043332894
['941257379060035584'],valence,pc,mini,0.223626486962002
['915059102874824704'],valence,pc,mini,0.4937405181675726
['907637364759154689'],valence,pc,mini,0.8519573833041595
['910900136376782848'],valence,pc,mini,0.7517857101449169
['889056087009308672'],valence,pc,mini,0.2254993174065982
['874318156629762048'],valence,pc,mini,0.5575026152354204
['830331776258154496'],valence,pc,mini,0.1770562102365215
['925041483568353280'],valence,pc,mini,0.1381671013733411
['868644843614031872'],valence,pc,mini,0.2242925885817329
['924442245297778689'],valence,pc,mini,0.8499569014284876
['832979409518919681'],valence,pc,mini,0.8474805178047877
['825837382029209601'],valence,pc,mini,0.9244799780042368
['831873161750777858'],valence,pc,mini,0.300235183383056
['929386800522645508'],valence,pc,mini,0.6134464658687645
['918513758036725761'],valence,pc,mini,0.9287548919150088
['906447947092647936'],valence,pc,mini,0.152763072368435
['883090735326793733'],valence,pc,mini,0.5580407181174745
['881595365551734784'],valence,pc,mini,0.4516549591805528
['898957436526014466'],valence,pc,mini,0.3927457960678451
['824645908784680960'],valence,pc,mini,0.4690302361958226
['898633930911264768'],valence,pc,mini,0.8830670955791172
['937464406115536896'],valence,pc,mini,0.2065981358348954
['845724240552824832'],valence,pc,mini,0.58993540964031
['943208238039920640'],valence,pc,mini,0.6208881355393847
['837728913325436929'],valence,pc,mini,0.2998340259043792
['820002854136070144'],valence,pc,mini,0.3155938534541624
['905158707486629889'],valence,pc,mini,0.9205095539680738
['841354135349952513'],valence,pc,mini,0.1105215876063316
['864837110527864832'],valence,pc,mini,0.4800024752695208
['928300532124528642'],valence,pc,mini,0.2136945242175263
['829085472332857344'],valence,pc,mini,0.6146888031167171
['894977549989761028'],valence,pc,mini,0.8664007726816358
['864764317597609985'],valence,pc,mini,0.666393394442647
['824353425966190593'],valence,pc,mini,0.923063872805756
['902227588009132032'],valence,pc,mini,0.6122170030411945
['905505634631680000'],valence,pc,mini,0.6210798622309254
['852576954435993600'],valence,pc,mini,0.3414404923511824
['884809675413303296'],valence,pc,mini,0.6682626247354192
['825106228770697216'],valence,pc,mini,0.8271060888560785
['843889130606137344'],valence,pc,mini,0.8040423702936071
['886531287103791104'],valence,pc,mini,0.6504508783535589
['911557328897544193'],valence,pc,mini,0.1888542486702229
['891356324289802240'],valence,pc,mini,0.8838388223982699
['819864483141193728'],arousal,pc,mini,0.1783114752747135
['852576954435993600'],arousal,pc,mini,0.646915329329645
['824645908784680960'],arousal,pc,mini,0.607471793387334
['851888918207373312'],arousal,pc,mini,0.5479291391813456
['900839107684958208'],arousal,pc,mini,0.8533079982574684
['886531287103791104'],arousal,pc,mini,0.2229964458412582
['905162052817362945'],arousal,pc,mini,0.216438443374938
['866905574822338561'],arousal,pc,mini,0.2163539543015909
['883090735326793733'],arousal,pc,mini,0.2408332441381345
['864837110527864832'],arousal,pc,mini,0.2266870140076431
['817407111378440195'],arousal,pc,mini,0.3549355472074139
['839145863217889282'],arousal,pc,mini,0.5120629427679502
['921324851658461185'],arousal,pc,mini,0.6731069665107589
['816343164676083714'],arousal,pc,mini,0.652028716518324
['831873161750777858'],arousal,pc,mini,0.8795493493010277
['894977549989761028'],arousal,pc,mini,0.441603268860629
['944973370520633344'],arousal,pc,mini,0.3619339602669739
['893852298807582720'],arousal,pc,mini,0.6806468160965714
['918513758036725761'],arousal,pc,mini,0.8978114781061849
['836997448715350020'],arousal,pc,mini,0.5792951973597547
['902227588009132032'],arousal,pc,mini,0.5417415047959396
['817801846337261568'],arousal,pc,mini,0.4943882926742594
['881595365551734784'],arousal,pc,mini,0.2563219636958112
['855700279915933698'],arousal,pc,mini,0.4936581198805218
['845724240552824832'],arousal,pc,mini,0.8605724065144444
['898238119144804352'],arousal,pc,mini,0.5061352492201102
['901760751152623616'],arousal,pc,mini,0.4100962492867081
['888471355435495425'],arousal,pc,mini,0.2551033797562087
['937464406115536896'],arousal,pc,mini,0.896604401176507
['924442245297778689'],arousal,pc,mini,0.883436730478167
['915059102874824704'],arousal,pc,mini,0.5108727714481235
['925426206710878208'],arousal,pc,mini,0.918129300029822
['883987877922820100'],arousal,pc,mini,0.4237327304622806
['840555470788149248'],arousal,pc,mini,0.8838250115188935
['863364746577313792'],arousal,pc,mini,0.9232020278885268
['842646246192041985'],arousal,pc,mini,0.7032199276976377
['909035573385551872'],arousal,pc,mini,0.5154590204592995
['905505634631680000'],arousal,pc,mini,0.6593636704116053
['908986176438247425'],arousal,pc,mini,0.6108264563878677
['849011970204413952'],arousal,pc,mini,0.8775398743972486
['820002854136070144'],arousal,pc,mini,0.2539107510239776
['895773430737502209'],arousal,pc,mini,0.170401752054395
['902141686612193281'],arousal,pc,mini,0.851376343617239
['881112328653197312'],arousal,pc,mini,0.6584285129240405
['889056087009308672'],arousal,pc,mini,0.4029998965791806
['830331776258154496'],arousal,pc,mini,0.8906204729378843
['830134096567341056'],arousal,pc,mini,0.2138534985394466
['832979409518919681'],arousal,pc,mini,0.8609181791430296
['821233209107218432'],arousal,pc,mini,0.837218370445989
['818366770989907968'],arousal,pc,mini,0.5535085059211675
['911557328897544193'],arousal,pc,mini,0.272012725041765
['883029304875069440'],arousal,pc,mini,0.1902393282310256
['837728913325436929'],arousal,pc,mini,0.5928628717109449
['868813502097567745'],arousal,pc,mini,0.6518985475238035
['841354135349952513'],arousal,pc,mini,0.4095474510664212
['869116348806422528'],arousal,pc,mini,0.8595900867167036
['883023109460242432'],arousal,pc,mini,0.6550883571624855
['913127148994646021'],arousal,pc,mini,0.912953080603088
['825106228770697216'],arousal,pc,mini,0.828484432828633
['931428836029366274'],arousal,pc,mini,0.5848211123527303
['831967975611707392'],arousal,pc,mini,0.235605421832597
['843889130606137344'],arousal,pc,mini,0.6475459846636799
['907637364759154689'],arousal,pc,mini,0.6124398154615824
['898957436526014466'],arousal,pc,mini,0.632410193944062
['929386800522645508'],arousal,pc,mini,0.8674969830396285
['905158707486629889'],arousal,pc,mini,0.882577721391677
['933639881145962498'],arousal,pc,mini,0.167873062365669
['862031016478859265'],arousal,pc,mini,0.2635117381842168
['891356324289802240'],arousal,pc,mini,0.3837500910274179
['898633930911264768'],arousal,pc,mini,0.6511413718317548
['917057431599026176'],arousal,pc,mini,0.5938265987236606
['824353425966190593'],arousal,pc,mini,0.2640698433523373
['943208238039920640'],arousal,pc,mini,0.4107043205449836
['874318156629762048'],arousal,pc,mini,0.6631131626846777
['827911993709514754'],arousal,pc,mini,0.2424766159995643
['868644843614031872'],arousal,pc,mini,0.8859697425815712
['829085472332857344'],arousal,pc,mini,0.528450645503506
['941799493917437955'],arousal,pc,mini,0.2440336863730357
['928300532124528642'],arousal,pc,mini,0.25441454585401
['815557023366516736'],arousal,pc,mini,0.9139230098986
['849654610558058496'],arousal,pc,mini,0.3925819406720977
['941257379060035584'],arousal,pc,mini,0.2318020862643973
['910900136376782848'],arousal,pc,mini,0.5882895726708309
['833266466342440960'],arousal,pc,mini,0.2197923685395761
['872197389276385280'],arousal,pc,mini,0.8741181829690672
['867703984580169730'],arousal,pc,mini,0.446234594094173
['864764317597609985'],arousal,pc,mini,0.412695632972759
['923249524981862400'],arousal,pc,mini,0.5706332124196165
['848169663716626432'],arousal,pc,mini,0.6677959064797983
['826774125087633409'],arousal,pc,mini,0.6244962193655162
['884809675413303296'],arousal,pc,mini,0.2546993578532086
['926920815198662657'],arousal,pc,mini,0.1852215139138186
['906447947092647936'],arousal,pc,mini,0.4661197369787599
['925041483568353280'],arousal,pc,mini,0.2013039744340907
['932714719814840320'],arousal,pc,mini,0.4354733004623443
['825837382029209601'],arousal,pc,mini,0.8669179397209279
['913759942208839681'],arousal,pc,mini,0.4988620759603498
['836691496636145664'],arousal,pc,mini,0.6996096239167403
['846751748672966657'],arousal,pc,mini,0.5622370932952417
['893399193737474048'],arousal,pc,mini,0.6597315013003502
['845724240552824832'],dominance,pc,mini,0.675535674347568
['928300532124528642'],dominance,pc,mini,0.6521287020894502
['898633930911264768'],dominance,pc,mini,0.3130655524489125
['883023109460242432'],dominance,pc,mini,0.4324356268131892
['815557023366516736'],dominance,pc,mini,0.2336656911130368
['926920815198662657'],dominance,pc,mini,0.8749477481369536
['905505634631680000'],dominance,pc,mini,0.8966066333822308
['905162052817362945'],dominance,pc,mini,0.1715634356763098
['913759942208839681'],dominance,pc,mini,0.7053093413953784
['924442245297778689'],dominance,pc,mini,0.5483333075249701
['918513758036725761'],dominance,pc,mini,0.5542272618728784
['941799493917437955'],dominance,pc,mini,0.6125696392511842
['831873161750777858'],dominance,pc,mini,0.9279405601216794
['864764317597609985'],dominance,pc,mini,0.3659406793096982
['907637364759154689'],dominance,pc,mini,0.299797676067807
['943208238039920640'],dominance,pc,mini,0.6433752283666708
['905158707486629889'],dominance,pc,mini,0.2036016823342966
['884809675413303296'],dominance,pc,mini,0.4275431469315862
['855700279915933698'],dominance,pc,mini,0.2624050833233827
['868813502097567745'],dominance,pc,mini,0.5845284407596362
['820002854136070144'],dominance,pc,mini,0.2520007118026771
['883029304875069440'],dominance,pc,mini,0.6412215468020209
['862031016478859265'],dominance,pc,mini,0.2149412687868706
['836691496636145664'],dominance,pc,mini,0.9163110481749536
['895773430737502209'],dominance,pc,mini,0.6486479426783072
['906447947092647936'],dominance,pc,mini,0.2077530393625101
['937464406115536896'],dominance,pc,mini,0.5255040019239273
['849654610558058496'],dominance,pc,mini,0.4337867558175635
['863364746577313792'],dominance,pc,mini,0.5351791035322956
['893399193737474048'],dominance,pc,mini,0.861894553543963
['852576954435993600'],dominance,pc,mini,0.2586578749777375
['891356324289802240'],dominance,pc,mini,0.6460181675259935
['898957436526014466'],dominance,pc,mini,0.7005988474710492
['840555470788149248'],dominance,pc,mini,0.8273115274566013
['848169663716626432'],dominance,pc,mini,0.3641864917485521
['821233209107218432'],dominance,pc,mini,0.1909351651747838
['909035573385551872'],dominance,pc,mini,0.6826268055599866
['872197389276385280'],dominance,pc,mini,0.8531040612594568
['933639881145962498'],dominance,pc,mini,0.1738237138436517
['830134096567341056'],dominance,pc,mini,0.5208587705341007
['819864483141193728'],dominance,pc,mini,0.6043517515051953
['932714719814840320'],dominance,pc,mini,0.6944133775084367
['867703984580169730'],dominance,pc,mini,0.1940587358552641
['900839107684958208'],dominance,pc,mini,0.91835362458211
['925426206710878208'],dominance,pc,mini,0.8519361873730901
['849011970204413952'],dominance,pc,mini,0.4065130663188743
['842646246192041985'],dominance,pc,mini,0.8745002126457275
['869116348806422528'],dominance,pc,mini,0.888838408609771
['830331776258154496'],dominance,pc,mini,0.2803544809182035
['902141686612193281'],dominance,pc,mini,0.8420484974841961
['931428836029366274'],dominance,pc,mini,0.1691339711228199
['925041483568353280'],dominance,pc,mini,0.4385483915227179
['894977549989761028'],dominance,pc,mini,0.1897119614126871
['893852298807582720'],dominance,pc,mini,0.5775971126729782
['864837110527864832'],dominance,pc,mini,0.2433403017086693
['915059102874824704'],dominance,pc,mini,0.9223119419431378
['817801846337261568'],dominance,pc,mini,0.6931989998896282
['944973370520633344'],dominance,pc,mini,0.432006628812321
['817407111378440195'],dominance,pc,mini,0.5336142150249019
['832979409518919681'],dominance,pc,mini,0.8016840771706677
['889056087009308672'],dominance,pc,mini,0.5078490854296652
['824645908784680960'],dominance,pc,mini,0.1965155416655356
['881112328653197312'],dominance,pc,mini,0.8718281639153954
['831967975611707392'],dominance,pc,mini,0.8273904510680307
['908986176438247425'],dominance,pc,mini,0.3775848767036392
['881595365551734784'],dominance,pc,mini,0.2409930591284785
['911557328897544193'],dominance,pc,mini,0.2160860043970175
['846751748672966657'],dominance,pc,mini,0.8530527541425774
['825106228770697216'],dominance,pc,mini,0.6053630258101975
['818366770989907968'],dominance,pc,mini,0.2126290307877315
['829085472332857344'],dominance,pc,mini,0.8661421677330357
['910900136376782848'],dominance,pc,mini,0.4871974900476321
['851888918207373312'],dominance,pc,mini,0.8114836716250833
['941257379060035584'],dominance,pc,mini,0.174719317172581
['816343164676083714'],dominance,pc,mini,0.2558470873016312
['866905574822338561'],dominance,pc,mini,0.2583501037891907
['839145863217889282'],dominance,pc,mini,0.2787428203284783
['921324851658461185'],dominance,pc,mini,0.901009940103984
['824353425966190593'],dominance,pc,mini,0.4623005677828759
['902227588009132032'],dominance,pc,mini,0.8471784389603051
['883987877922820100'],dominance,pc,mini,0.9021992957290844
['843889130606137344'],dominance,pc,mini,0.8752843822461173
['836997448715350020'],dominance,pc,mini,0.5509383911357549
['827911993709514754'],dominance,pc,mini,0.4894191471172986
['929386800522645508'],dominance,pc,mini,0.8696276120105048
['868644843614031872'],dominance,pc,mini,0.9322097712881812
['825837382029209601'],dominance,pc,mini,0.8981448840919464
['883090735326793733'],dominance,pc,mini,0.418818291740166
['837728913325436929'],dominance,pc,mini,0.2935666150020789
['874318156629762048'],dominance,pc,mini,0.8316335663663103
['826774125087633409'],dominance,pc,mini,0.7054413441746766
['913127148994646021'],dominance,pc,mini,0.4656268896852269
['923249524981862400'],dominance,pc,mini,0.4871812489813911
['841354135349952513'],dominance,pc,mini,0.2120086660148088
['898238119144804352'],dominance,pc,mini,0.4136229549657635
['888471355435495425'],dominance,pc,mini,0.2524051106305591
['886531287103791104'],dominance,pc,mini,0.6105409421028016
['917057431599026176'],dominance,pc,mini,0.3728132119835839
['833266466342440960'],dominance,pc,mini,0.709736413460175
['901760751152623616'],dominance,pc,mini,0.6389496840311013
['824645908784680960'],valence,bws,mini,0.659000115079462
['833266466342440960'],valence,bws,mini,0.7044357042554256
['855700279915933698'],valence,bws,mini,0.7831892484338148
['925426206710878208'],valence,bws,mini,0.6356148135488799
['925041483568353280'],valence,bws,mini,0.4971802450005662
['841354135349952513'],valence,bws,mini,0.1371386318157803
['869116348806422528'],valence,bws,mini,0.8057044334643578
['815557023366516736'],valence,bws,mini,0.4162383079045156
['941257379060035584'],valence,bws,mini,0.5118690648241783
['830134096567341056'],valence,bws,mini,0.4583603140981553
['889056087009308672'],valence,bws,mini,0.457319367508477
['924442245297778689'],valence,bws,mini,0.8437445497576903
['915059102874824704'],valence,bws,mini,0.5513740753773727
['864837110527864832'],valence,bws,mini,0.3578210152703858
['817801846337261568'],valence,bws,mini,0.2769670447226426
['866905574822338561'],valence,bws,mini,0.6391126505390563
['874318156629762048'],valence,bws,mini,0.5701053797380958
['901760751152623616'],valence,bws,mini,0.5480185164036595
['821233209107218432'],valence,bws,mini,0.154271724465859
['830331776258154496'],valence,bws,mini,0.0602785915872725
['921324851658461185'],valence,bws,mini,0.3128770325122411
['829085472332857344'],valence,bws,mini,0.4818655597103688
['902227588009132032'],valence,bws,mini,0.3652187573524939
['926920815198662657'],valence,bws,mini,0.4664020328034915
['851888918207373312'],valence,bws,mini,0.4383731164080049
['849654610558058496'],valence,bws,mini,0.681425600624491
['884809675413303296'],valence,bws,mini,0.7136837868516642
['845724240552824832'],valence,bws,mini,0.4464702772193498
['842646246192041985'],valence,bws,mini,0.327060234211475
['883029304875069440'],valence,bws,mini,0.4340669791447809
['943208238039920640'],valence,bws,mini,0.537898508331515
['910900136376782848'],valence,bws,mini,0.6187410215680911
['831873161750777858'],valence,bws,mini,0.2144413895982559
['836691496636145664'],valence,bws,mini,0.3426349711844053
['832979409518919681'],valence,bws,mini,0.8255941334306911
['883090735326793733'],valence,bws,mini,0.6077206791486025
['867703984580169730'],valence,bws,mini,0.1975302771394572
['906447947092647936'],valence,bws,mini,0.1567674071831231
['881595365551734784'],valence,bws,mini,0.2779015694854213
['898633930911264768'],valence,bws,mini,0.7119588159215839
['929386800522645508'],valence,bws,mini,0.7155078187979989
['931428836029366274'],valence,bws,mini,0.1435804613572279
['900839107684958208'],valence,bws,mini,0.9573648806377908
['898238119144804352'],valence,bws,mini,0.5422945396913323
['816343164676083714'],valence,bws,mini,0.6418118437448436
['862031016478859265'],valence,bws,mini,0.5614809191366271
['913127148994646021'],valence,bws,mini,0.3687594034757165
['872197389276385280'],valence,bws,mini,0.8252014082198971
['893399193737474048'],valence,bws,mini,0.149557122698715
['819864483141193728'],valence,bws,mini,0.5602529711662074
['908986176438247425'],valence,bws,mini,0.819141293772177
['868813502097567745'],valence,bws,mini,0.5766810392333445
['848169663716626432'],valence,bws,mini,0.643613736328388
['895773430737502209'],valence,bws,mini,0.3427166875752887
['839145863217889282'],valence,bws,mini,0.0767343883647901
['918513758036725761'],valence,bws,mini,0.9416495848085764
['825106228770697216'],valence,bws,mini,0.550412185648566
['883987877922820100'],valence,bws,mini,0.3129267783861979
['905158707486629889'],valence,bws,mini,0.7682160802644636
['886531287103791104'],valence,bws,mini,0.4949534930442527
['863364746577313792'],valence,bws,mini,0.944078109850788
['868644843614031872'],valence,bws,mini,0.394287092676055
['898957436526014466'],valence,bws,mini,0.2469261855886256
['831967975611707392'],valence,bws,mini,0.6135573998441519
['905162052817362945'],valence,bws,mini,0.335376148753208
['881112328653197312'],valence,bws,mini,0.9429051917443074
['888471355435495425'],valence,bws,mini,0.6419633021851359
['826774125087633409'],valence,bws,mini,0.7510694632184436
['846751748672966657'],valence,bws,mini,0.5643402268527133
['840555470788149248'],valence,bws,mini,0.9397198257911624
['883023109460242432'],valence,bws,mini,0.6490515055048318
['944973370520633344'],valence,bws,mini,0.3567973312598255
['820002854136070144'],valence,bws,mini,0.3522808286750022
['824353425966190593'],valence,bws,mini,0.8813432784213845
['937464406115536896'],valence,bws,mini,0.147375792446728
['902141686612193281'],valence,bws,mini,0.2530497990514822
['849011970204413952'],valence,bws,mini,0.0878482642450451
['843889130606137344'],valence,bws,mini,0.595693491876947
['913759942208839681'],valence,bws,mini,0.5942565139763506
['941799493917437955'],valence,bws,mini,0.4676970630329448
['818366770989907968'],valence,bws,mini,0.3113129939653555
['864764317597609985'],valence,bws,mini,0.4858928203438798
['836997448715350020'],valence,bws,mini,0.73304252223026
['894977549989761028'],valence,bws,mini,0.6339052828283551
['893852298807582720'],valence,bws,mini,0.7852322591341613
['827911993709514754'],valence,bws,mini,0.3835324459235013
['817407111378440195'],valence,bws,mini,0.6383051034295293
['852576954435993600'],valence,bws,mini,0.1843622051271805
['905505634631680000'],valence,bws,mini,0.7369723526068389
['933639881145962498'],valence,bws,mini,0.2378666949599575
['911557328897544193'],valence,bws,mini,0.4361389543538296
['932714719814840320'],valence,bws,mini,0.3946638320346349
['907637364759154689'],valence,bws,mini,0.6740152279155397
['917057431599026176'],valence,bws,mini,0.3658488217899027
['928300532124528642'],valence,bws,mini,0.2384511833332593
['825837382029209601'],valence,bws,mini,0.948039395416272
['909035573385551872'],valence,bws,mini,0.4224426598559748
['837728913325436929'],valence,bws,mini,0.076547325188234
['923249524981862400'],valence,bws,mini,0.5698241555158621
['891356324289802240'],valence,bws,mini,0.6557365613931766
['833266466342440960'],arousal,bws,mini,0.318422465784498
['837728913325436929'],arousal,bws,mini,0.8234028595576739
['905162052817362945'],arousal,bws,mini,0.3315315091976008
['905505634631680000'],arousal,bws,mini,0.6396075830853539
['863364746577313792'],arousal,bws,mini,0.945992902183222
['868644843614031872'],arousal,bws,mini,0.7286189060710523
['917057431599026176'],arousal,bws,mini,0.6445609948195599
['891356324289802240'],arousal,bws,mini,0.326010104661552
['829085472332857344'],arousal,bws,mini,0.3556916372481246
['831967975611707392'],arousal,bws,mini,0.3339276448367221
['817407111378440195'],arousal,bws,mini,0.6308252590676803
['883023109460242432'],arousal,bws,mini,0.3553944215153489
['928300532124528642'],arousal,bws,mini,0.3853042877822568
['881112328653197312'],arousal,bws,mini,0.7501781606091763
['836997448715350020'],arousal,bws,mini,0.5759642385532496
['894977549989761028'],arousal,bws,mini,0.3462483184953696
['869116348806422528'],arousal,bws,mini,0.8715477359010497
['848169663716626432'],arousal,bws,mini,0.8224098196251491
['883029304875069440'],arousal,bws,mini,0.0778944299521324
['886531287103791104'],arousal,bws,mini,0.2468830804294875
['866905574822338561'],arousal,bws,mini,0.444354930907776
['893852298807582720'],arousal,bws,mini,0.6518076160270675
['864837110527864832'],arousal,bws,mini,0.3298139791699072
['817801846337261568'],arousal,bws,mini,0.5215030678704086
['921324851658461185'],arousal,bws,mini,0.7484902327191122
['913127148994646021'],arousal,bws,mini,0.7009665212129056
['910900136376782848'],arousal,bws,mini,0.273483151536275
['898633930911264768'],arousal,bws,mini,0.6364851905840454
['824645908784680960'],arousal,bws,mini,0.3807975361333946
['868813502097567745'],arousal,bws,mini,0.7435977913265219
['874318156629762048'],arousal,bws,mini,0.579449769027642
['925426206710878208'],arousal,bws,mini,0.4686004939325532
['931428836029366274'],arousal,bws,mini,0.952966745224042
['852576954435993600'],arousal,bws,mini,0.4684744509713828
['929386800522645508'],arousal,bws,mini,0.8424853458054326
['842646246192041985'],arousal,bws,mini,0.6153212137113978
['841354135349952513'],arousal,bws,mini,0.688659750320405
['819864483141193728'],arousal,bws,mini,0.075355619490573
['862031016478859265'],arousal,bws,mini,0.2641989235742407
['911557328897544193'],arousal,bws,mini,0.1638574115757824
['845724240552824832'],arousal,bws,mini,0.422337379148063
['889056087009308672'],arousal,bws,mini,0.2275746129590129
['832979409518919681'],arousal,bws,mini,0.4478697454998763
['907637364759154689'],arousal,bws,mini,0.3402543001054953
['855700279915933698'],arousal,bws,mini,0.6776292859639472
['933639881145962498'],arousal,bws,mini,0.045333420419192
['825837382029209601'],arousal,bws,mini,0.93775855976874
['824353425966190593'],arousal,bws,mini,0.0775779316584622
['864764317597609985'],arousal,bws,mini,0.4072670587366789
['909035573385551872'],arousal,bws,mini,0.6722513621880508
['826774125087633409'],arousal,bws,mini,0.4475209281608108
['849011970204413952'],arousal,bws,mini,0.6756046958489993
['867703984580169730'],arousal,bws,mini,0.4093907387512742
['888471355435495425'],arousal,bws,mini,0.6154364358564526
['830134096567341056'],arousal,bws,mini,0.4506929184834191
['827911993709514754'],arousal,bws,mini,0.4546068343897761
['925041483568353280'],arousal,bws,mini,0.2896812287103172
['937464406115536896'],arousal,bws,mini,0.6186366738722393
['941257379060035584'],arousal,bws,mini,0.1662516571523194
['944973370520633344'],arousal,bws,mini,0.3043084973106738
['923249524981862400'],arousal,bws,mini,0.2120573739347858
['898238119144804352'],arousal,bws,mini,0.1361166676396109
['898957436526014466'],arousal,bws,mini,0.4639374810062115
['915059102874824704'],arousal,bws,mini,0.3438902810020571
['883090735326793733'],arousal,bws,mini,0.3598844399019896
['820002854136070144'],arousal,bws,mini,0.370936201255014
['918513758036725761'],arousal,bws,mini,0.5672567124063593
['906447947092647936'],arousal,bws,mini,0.4762467434318538
['926920815198662657'],arousal,bws,mini,0.3841378104774024
['830331776258154496'],arousal,bws,mini,0.8752763146103226
['816343164676083714'],arousal,bws,mini,0.6620962723140608
['902227588009132032'],arousal,bws,mini,0.3759233332859066
['881595365551734784'],arousal,bws,mini,0.4964176663217105
['825106228770697216'],arousal,bws,mini,0.644983589270531
['883987877922820100'],arousal,bws,mini,0.2621645906643166
['818366770989907968'],arousal,bws,mini,0.6438853992917154
['831873161750777858'],arousal,bws,mini,0.7268751543605458
['902141686612193281'],arousal,bws,mini,0.8213237143504843
['872197389276385280'],arousal,bws,mini,0.7750467456232223
['840555470788149248'],arousal,bws,mini,0.7754199671074817
['815557023366516736'],arousal,bws,mini,0.6136842502333416
['884809675413303296'],arousal,bws,mini,0.4742396483364917
['901760751152623616'],arousal,bws,mini,0.4682557831855752
['941799493917437955'],arousal,bws,mini,0.3042336801135444
['913759942208839681'],arousal,bws,mini,0.6663311194730184
['895773430737502209'],arousal,bws,mini,0.2883095756987343
['943208238039920640'],arousal,bws,mini,0.3401148428553577
['821233209107218432'],arousal,bws,mini,0.8244646716935987
['846751748672966657'],arousal,bws,mini,0.532130506733167
['908986176438247425'],arousal,bws,mini,0.3534285430274692
['924442245297778689'],arousal,bws,mini,0.7317697944846039
['843889130606137344'],arousal,bws,mini,0.5441134948082527
['839145863217889282'],arousal,bws,mini,0.9525606272973252
['893399193737474048'],arousal,bws,mini,0.7383763624263311
['905158707486629889'],arousal,bws,mini,0.5563766658979107
['900839107684958208'],arousal,bws,mini,0.9539449047037502
['932714719814840320'],arousal,bws,mini,0.4290456812601738
['849654610558058496'],arousal,bws,mini,0.6275442836621363
['836691496636145664'],arousal,bws,mini,0.550326380124563
['851888918207373312'],arousal,bws,mini,0.3605453450792213
['910900136376782848'],dominance,bws,mini,0.4155201184839696
['898633930911264768'],dominance,bws,mini,0.5013972714373197
['898238119144804352'],dominance,bws,mini,0.4654837512895656
['843889130606137344'],dominance,bws,mini,0.9391264992565448
['905162052817362945'],dominance,bws,mini,0.3387570768672066
['852576954435993600'],dominance,bws,mini,0.239915966616361
['820002854136070144'],dominance,bws,mini,0.3497676333035021
['931428836029366274'],dominance,bws,mini,0.1556558610326975
['883029304875069440'],dominance,bws,mini,0.4822815203418538
['915059102874824704'],dominance,bws,mini,0.6112686335813468
['845724240552824832'],dominance,bws,mini,0.6322915842374606
['901760751152623616'],dominance,bws,mini,0.8232921869100532
['826774125087633409'],dominance,bws,mini,0.4653669278637325
['830331776258154496'],dominance,bws,mini,0.2566521947694469
['883023109460242432'],dominance,bws,mini,0.2113306837851671
['819864483141193728'],dominance,bws,mini,0.6929940970695088
['832979409518919681'],dominance,bws,mini,0.5937492383707504
['925426206710878208'],dominance,bws,mini,0.5614726272586195
['883090735326793733'],dominance,bws,mini,0.400491936691792
['874318156629762048'],dominance,bws,mini,0.4446308688764532
['902141686612193281'],dominance,bws,mini,0.9513191167707906
['925041483568353280'],dominance,bws,mini,0.48452685642147
['891356324289802240'],dominance,bws,mini,0.6448193411251633
['817407111378440195'],dominance,bws,mini,0.6684173141257946
['886531287103791104'],dominance,bws,mini,0.5107026969159442
['830134096567341056'],dominance,bws,mini,0.781737216392564
['898957436526014466'],dominance,bws,mini,0.8095617491849324
['923249524981862400'],dominance,bws,mini,0.3755097582788028
['928300532124528642'],dominance,bws,mini,0.2788344687229478
['855700279915933698'],dominance,bws,mini,0.4541437344948322
['943208238039920640'],dominance,bws,mini,0.462098317383799
['866905574822338561'],dominance,bws,mini,0.4866799136032558
['932714719814840320'],dominance,bws,mini,0.8549264643823195
['917057431599026176'],dominance,bws,mini,0.1698456296052344
['864764317597609985'],dominance,bws,mini,0.3667786400998701
['933639881145962498'],dominance,bws,mini,0.2672892163373425
['821233209107218432'],dominance,bws,mini,0.1604917156869724
['836691496636145664'],dominance,bws,mini,0.6495083477499081
['921324851658461185'],dominance,bws,mini,0.9335424586126154
['893852298807582720'],dominance,bws,mini,0.3623517322889155
['827911993709514754'],dominance,bws,mini,0.2670035404689691
['869116348806422528'],dominance,bws,mini,0.5712047856830231
['883987877922820100'],dominance,bws,mini,0.7931059425511245
['849011970204413952'],dominance,bws,mini,0.079949117342859
['907637364759154689'],dominance,bws,mini,0.2971726369206053
['864837110527864832'],dominance,bws,mini,0.3978412540058746
['893399193737474048'],dominance,bws,mini,0.5909145829039042
['825106228770697216'],dominance,bws,mini,0.5428826369930739
['937464406115536896'],dominance,bws,mini,0.0761195797845079
['867703984580169730'],dominance,bws,mini,0.1816063534774485
['872197389276385280'],dominance,bws,mini,0.9468093208068196
['824645908784680960'],dominance,bws,mini,0.4258108702701398
['918513758036725761'],dominance,bws,mini,0.5251495996917988
['924442245297778689'],dominance,bws,mini,0.5762145042959627
['848169663716626432'],dominance,bws,mini,0.6540639610701862
['840555470788149248'],dominance,bws,mini,0.5937738100512535
['825837382029209601'],dominance,bws,mini,0.4629014248011762
['836997448715350020'],dominance,bws,mini,0.3811476706993062
['944973370520633344'],dominance,bws,mini,0.2988486723122958
['833266466342440960'],dominance,bws,mini,0.565456457461228
['913127148994646021'],dominance,bws,mini,0.7718167536093768
['884809675413303296'],dominance,bws,mini,0.5166576562320466
['895773430737502209'],dominance,bws,mini,0.4606637943779987
['900839107684958208'],dominance,bws,mini,0.7211762008632883
['816343164676083714'],dominance,bws,mini,0.5743490676362106
['906447947092647936'],dominance,bws,mini,0.2427159761105219
['839145863217889282'],dominance,bws,mini,0.0945810696648844
['881595365551734784'],dominance,bws,mini,0.3745768414706475
['894977549989761028'],dominance,bws,mini,0.5711371722829118
['902227588009132032'],dominance,bws,mini,0.4467377553117048
['868813502097567745'],dominance,bws,mini,0.4918399184911358
['911557328897544193'],dominance,bws,mini,0.0816570007422549
['831873161750777858'],dominance,bws,mini,0.7631822635346401
['908986176438247425'],dominance,bws,mini,0.518831561343188
['815557023366516736'],dominance,bws,mini,0.4735065996756747
['941257379060035584'],dominance,bws,mini,0.6795914006267758
['849654610558058496'],dominance,bws,mini,0.6924001349562355
['846751748672966657'],dominance,bws,mini,0.67405791040067
['829085472332857344'],dominance,bws,mini,0.669940342959574
['842646246192041985'],dominance,bws,mini,0.7766071488091844
['868644843614031872'],dominance,bws,mini,0.9564587874522646
['851888918207373312'],dominance,bws,mini,0.947900051102892
['817801846337261568'],dominance,bws,mini,0.3339439272521364
['862031016478859265'],dominance,bws,mini,0.5789157319020636
['909035573385551872'],dominance,bws,mini,0.7033089833142889
['824353425966190593'],dominance,bws,mini,0.2540886392782475
['941799493917437955'],dominance,bws,mini,0.7572682157273731
['831967975611707392'],dominance,bws,mini,0.5097218092394901
['841354135349952513'],dominance,bws,mini,0.2534210144873859
['889056087009308672'],dominance,bws,mini,0.5014660949539127
['929386800522645508'],dominance,bws,mini,0.8631319115237688
['818366770989907968'],dominance,bws,mini,0.4384101649034294
['905505634631680000'],dominance,bws,mini,0.5919143539872406
['863364746577313792'],dominance,bws,mini,0.5254947997180597
['905158707486629889'],dominance,bws,mini,0.2775039718583114
['888471355435495425'],dominance,bws,mini,0.536779909081262
['913759942208839681'],dominance,bws,mini,0.6758600788301828
['837728913325436929'],dominance,bws,mini,0.1589161787731811
['926920815198662657'],dominance,bws,mini,0.7097887108427811
['881112328653197312'],dominance,bws,mini,0.4955224347869655
['913759942208839681'],valence,pc,nano,0.4445017466323451
['937464406115536896'],valence,pc,nano,0.2336909067756519
['913127148994646021'],valence,pc,nano,0.1929619655020499
['840555470788149248'],valence,pc,nano,0.6737914697995276
['905158707486629889'],valence,pc,nano,0.8778088020347474
['883029304875069440'],valence,pc,nano,0.6079841022410281
['869116348806422528'],valence,pc,nano,0.8790958068840699
['886531287103791104'],valence,pc,nano,0.7019103426109986
['818366770989907968'],valence,pc,nano,0.4632698161718648
['907637364759154689'],valence,pc,nano,0.866259741948724
['817407111378440195'],valence,pc,nano,0.5207940907440567
['893852298807582720'],valence,pc,nano,0.8660776769189509
['884809675413303296'],valence,pc,nano,0.883782323408638
['824645908784680960'],valence,pc,nano,0.2009338371591129
['816343164676083714'],valence,pc,nano,0.4773541304082548
['941257379060035584'],valence,pc,nano,0.2572178661516736
['845724240552824832'],valence,pc,nano,0.1948882669332135
['849011970204413952'],valence,pc,nano,0.2224944191025771
['825106228770697216'],valence,pc,nano,0.8346752742928404
['848169663716626432'],valence,pc,nano,0.6392750580275902
['831967975611707392'],valence,pc,nano,0.8184163256440314
['883023109460242432'],valence,pc,nano,0.2366171867999132
['898238119144804352'],valence,pc,nano,0.3789497813621775
['944973370520633344'],valence,pc,nano,0.4173815718848871
['926920815198662657'],valence,pc,nano,0.2151697040837791
['851888918207373312'],valence,pc,nano,0.8337042302939652
['839145863217889282'],valence,pc,nano,0.4506027307934616
['933639881145962498'],valence,pc,nano,0.5398054071017128
['902141686612193281'],valence,pc,nano,0.3551987808463357
['852576954435993600'],valence,pc,nano,0.2261393589877304
['917057431599026176'],valence,pc,nano,0.1813256350968776
['925041483568353280'],valence,pc,nano,0.3547986014794058
['821233209107218432'],valence,pc,nano,0.4292240334229051
['921324851658461185'],valence,pc,nano,0.1939102357240828
['923249524981862400'],valence,pc,nano,0.6099620333176772
['862031016478859265'],valence,pc,nano,0.4469745178624914
['893399193737474048'],valence,pc,nano,0.3757737694284638
['863364746577313792'],valence,pc,nano,0.8697821065249638
['815557023366516736'],valence,pc,nano,0.2103307084383747
['874318156629762048'],valence,pc,nano,0.6134505562388017
['918513758036725761'],valence,pc,nano,0.8604751888919107
['901760751152623616'],valence,pc,nano,0.7100376692426622
['824353425966190593'],valence,pc,nano,0.8668480813318156
['894977549989761028'],valence,pc,nano,0.5891926417884817
['843889130606137344'],valence,pc,nano,0.8443913769414685
['817801846337261568'],valence,pc,nano,0.218417572591541
['864764317597609985'],valence,pc,nano,0.4209907095541202
['881595365551734784'],valence,pc,nano,0.4970895472854341
['830134096567341056'],valence,pc,nano,0.4283636853769728
['909035573385551872'],valence,pc,nano,0.1777474101465077
['883987877922820100'],valence,pc,nano,0.5011226309171432
['820002854136070144'],valence,pc,nano,0.2710031326827097
['943208238039920640'],valence,pc,nano,0.617136069343811
['910900136376782848'],valence,pc,nano,0.6879272441980656
['829085472332857344'],valence,pc,nano,0.8539611272737092
['872197389276385280'],valence,pc,nano,0.8609461035285639
['888471355435495425'],valence,pc,nano,0.564748179825087
['846751748672966657'],valence,pc,nano,0.8640557407978139
['826774125087633409'],valence,pc,nano,0.670856150098323
['833266466342440960'],valence,pc,nano,0.8744935479090382
['868813502097567745'],valence,pc,nano,0.4663064058902035
['849654610558058496'],valence,pc,nano,0.4700727195355695
['941799493917437955'],valence,pc,nano,0.3054958258926227
['881112328653197312'],valence,pc,nano,0.8610642556320401
['830331776258154496'],valence,pc,nano,0.2160235231307719
['898957436526014466'],valence,pc,nano,0.568063898383647
['825837382029209601'],valence,pc,nano,0.867943268220152
['900839107684958208'],valence,pc,nano,0.9068218593898028
['905162052817362945'],valence,pc,nano,0.2480927247421013
['898633930911264768'],valence,pc,nano,0.6369233942344209
['895773430737502209'],valence,pc,nano,0.662334593383698
['908986176438247425'],valence,pc,nano,0.8596511399887918
['891356324289802240'],valence,pc,nano,0.918703054520138
['867703984580169730'],valence,pc,nano,0.4297459268890855
['836997448715350020'],valence,pc,nano,0.8781126679369784
['864837110527864832'],valence,pc,nano,0.4414548446346293
['924442245297778689'],valence,pc,nano,0.8680054315032893
['911557328897544193'],valence,pc,nano,0.4164415647819744
['902227588009132032'],valence,pc,nano,0.5812973700677073
['932714719814840320'],valence,pc,nano,0.8162061750781028
['841354135349952513'],valence,pc,nano,0.1845852766446691
['905505634631680000'],valence,pc,nano,0.9181902949193932
['866905574822338561'],valence,pc,nano,0.5430919259455118
['836691496636145664'],valence,pc,nano,0.5062311849546239
['827911993709514754'],valence,pc,nano,0.4304426731332703
['928300532124528642'],valence,pc,nano,0.4883016512449146
['883090735326793733'],valence,pc,nano,0.4856125020012247
['889056087009308672'],valence,pc,nano,0.2525985381293303
['842646246192041985'],valence,pc,nano,0.5800739741916255
['929386800522645508'],valence,pc,nano,0.8838743827939574
['915059102874824704'],valence,pc,nano,0.4377866908735762
['819864483141193728'],valence,pc,nano,0.4226635357628464
['855700279915933698'],valence,pc,nano,0.5756970576671727
['868644843614031872'],valence,pc,nano,0.1664679743435885
['832979409518919681'],valence,pc,nano,0.8231267996901455
['931428836029366274'],valence,pc,nano,0.1918012824524578
['831873161750777858'],valence,pc,nano,0.5041027470165373
['906447947092647936'],valence,pc,nano,0.1355488316670548
['837728913325436929'],valence,pc,nano,0.2835190584277616
['925426206710878208'],valence,pc,nano,0.820448351340495
['829085472332857344'],arousal,pc,nano,0.6643748241416887
['893399193737474048'],arousal,pc,nano,0.8608196927432453
['924442245297778689'],arousal,pc,nano,0.9031921674985424
['933639881145962498'],arousal,pc,nano,0.1662622956357683
['831873161750777858'],arousal,pc,nano,0.85606740060988
['825837382029209601'],arousal,pc,nano,0.876127242625527
['911557328897544193'],arousal,pc,nano,0.2502771236524372
['931428836029366274'],arousal,pc,nano,0.8821295015670146
['925041483568353280'],arousal,pc,nano,0.1430895357602422
['819864483141193728'],arousal,pc,nano,0.2124393322452355
['905162052817362945'],arousal,pc,nano,0.2163790860901251
['868813502097567745'],arousal,pc,nano,0.8797588639204396
['824645908784680960'],arousal,pc,nano,0.3587658972530663
['866905574822338561'],arousal,pc,nano,0.9314118793681164
['849654610558058496'],arousal,pc,nano,0.3800936269105764
['826774125087633409'],arousal,pc,nano,0.7421362093351409
['817407111378440195'],arousal,pc,nano,0.4009047166528759
['830134096567341056'],arousal,pc,nano,0.1963954755612438
['893852298807582720'],arousal,pc,nano,0.9207088018705112
['895773430737502209'],arousal,pc,nano,0.1763995485367415
['852576954435993600'],arousal,pc,nano,0.2434246176554313
['842646246192041985'],arousal,pc,nano,0.4445903358086293
['921324851658461185'],arousal,pc,nano,0.8701838064032139
['815557023366516736'],arousal,pc,nano,0.8878805626617535
['905505634631680000'],arousal,pc,nano,0.6616405602410014
['898633930911264768'],arousal,pc,nano,0.8853853521145836
['891356324289802240'],arousal,pc,nano,0.4665801801794707
['837728913325436929'],arousal,pc,nano,0.5999502923344885
['928300532124528642'],arousal,pc,nano,0.5047068418590781
['863364746577313792'],arousal,pc,nano,0.6561403867220167
['910900136376782848'],arousal,pc,nano,0.3801812866664099
['941799493917437955'],arousal,pc,nano,0.4608206749619866
['862031016478859265'],arousal,pc,nano,0.1920579288884814
['941257379060035584'],arousal,pc,nano,0.4191340760236247
['881112328653197312'],arousal,pc,nano,0.743799724693203
['848169663716626432'],arousal,pc,nano,0.6917848247823013
['926920815198662657'],arousal,pc,nano,0.2053906025640195
['884809675413303296'],arousal,pc,nano,0.5152206243279036
['836691496636145664'],arousal,pc,nano,0.6300345815398456
['864837110527864832'],arousal,pc,nano,0.2098953241134899
['886531287103791104'],arousal,pc,nano,0.482199867403983
['905158707486629889'],arousal,pc,nano,0.6496021866396734
['825106228770697216'],arousal,pc,nano,0.6608205938203313
['820002854136070144'],arousal,pc,nano,0.1857776978151217
['867703984580169730'],arousal,pc,nano,0.9214108605799968
['901760751152623616'],arousal,pc,nano,0.4395337178556809
['902141686612193281'],arousal,pc,nano,0.8182265991130598
['855700279915933698'],arousal,pc,nano,0.5500517633694227
['888471355435495425'],arousal,pc,nano,0.4966270552309166
['830331776258154496'],arousal,pc,nano,0.3103884924385228
['849011970204413952'],arousal,pc,nano,0.917621203437497
['824353425966190593'],arousal,pc,nano,0.234406684217269
['831967975611707392'],arousal,pc,nano,0.6031811674204026
['883987877922820100'],arousal,pc,nano,0.3635156296153417
['898957436526014466'],arousal,pc,nano,0.5958986378113866
['907637364759154689'],arousal,pc,nano,0.1994085684284771
['821233209107218432'],arousal,pc,nano,0.8979737007161293
['851888918207373312'],arousal,pc,nano,0.3411895805751235
['915059102874824704'],arousal,pc,nano,0.6191926967873813
['932714719814840320'],arousal,pc,nano,0.5682927992854063
['943208238039920640'],arousal,pc,nano,0.635530355146284
['845724240552824832'],arousal,pc,nano,0.8981224346364465
['869116348806422528'],arousal,pc,nano,0.9112285066684744
['906447947092647936'],arousal,pc,nano,0.8352731162591538
['902227588009132032'],arousal,pc,nano,0.5896803522981932
['872197389276385280'],arousal,pc,nano,0.6025119920927308
['836997448715350020'],arousal,pc,nano,0.3725725570111788
['874318156629762048'],arousal,pc,nano,0.6680669205414843
['894977549989761028'],arousal,pc,nano,0.4847846171165066
['889056087009308672'],arousal,pc,nano,0.4229797728075581
['913759942208839681'],arousal,pc,nano,0.2363169888359124
['840555470788149248'],arousal,pc,nano,0.5079255263162552
['864764317597609985'],arousal,pc,nano,0.3716886102183837
['908986176438247425'],arousal,pc,nano,0.4051540053304861
['832979409518919681'],arousal,pc,nano,0.5857467983160063
['818366770989907968'],arousal,pc,nano,0.5907937175962481
['937464406115536896'],arousal,pc,nano,0.8734126176876735
['883023109460242432'],arousal,pc,nano,0.186971311936134
['817801846337261568'],arousal,pc,nano,0.4342295092008982
['918513758036725761'],arousal,pc,nano,0.6946287050580217
['913127148994646021'],arousal,pc,nano,0.9112953807377532
['923249524981862400'],arousal,pc,nano,0.4635636279023708
['827911993709514754'],arousal,pc,nano,0.5460309383319316
['833266466342440960'],arousal,pc,nano,0.2434418634238489
['929386800522645508'],arousal,pc,nano,0.8712912667458815
['843889130606137344'],arousal,pc,nano,0.8643398683954532
['925426206710878208'],arousal,pc,nano,0.3878045370709621
['900839107684958208'],arousal,pc,nano,0.8520966598911732
['944973370520633344'],arousal,pc,nano,0.3591766883749794
['841354135349952513'],arousal,pc,nano,0.656391757578127
['898238119144804352'],arousal,pc,nano,0.141468446879943
['839145863217889282'],arousal,pc,nano,0.513666628047128
['909035573385551872'],arousal,pc,nano,0.4952168868681563
['881595365551734784'],arousal,pc,nano,0.1499292565243249
['846751748672966657'],arousal,pc,nano,0.5338239745868403
['883090735326793733'],arousal,pc,nano,0.5031239418843286
['816343164676083714'],arousal,pc,nano,0.639487880010764
['917057431599026176'],arousal,pc,nano,0.4873495199030613
['883029304875069440'],arousal,pc,nano,0.1791129347552886
['868644843614031872'],arousal,pc,nano,0.7211699863412666
['833266466342440960'],dominance,pc,nano,0.6490222766104898
['825837382029209601'],dominance,pc,nano,0.8862101624730263
['937464406115536896'],dominance,pc,nano,0.2606903391680464
['881595365551734784'],dominance,pc,nano,0.2180206991490316
['821233209107218432'],dominance,pc,nano,0.687159402496718
['895773430737502209'],dominance,pc,nano,0.4825587000037912
['866905574822338561'],dominance,pc,nano,0.2633732983820306
['893852298807582720'],dominance,pc,nano,0.6046376165659881
['907637364759154689'],dominance,pc,nano,0.278406151581058
['845724240552824832'],dominance,pc,nano,0.5569102753912372
['933639881145962498'],dominance,pc,nano,0.3709210277499721
['825106228770697216'],dominance,pc,nano,0.6044447229900155
['921324851658461185'],dominance,pc,nano,0.553952843789677
['884809675413303296'],dominance,pc,nano,0.2686995344612448
['883029304875069440'],dominance,pc,nano,0.3609201232160516
['925041483568353280'],dominance,pc,nano,0.8745070372875298
['923249524981862400'],dominance,pc,nano,0.2468736198691991
['917057431599026176'],dominance,pc,nano,0.3860168361135988
['830134096567341056'],dominance,pc,nano,0.4786458286803493
['898238119144804352'],dominance,pc,nano,0.6106029904650885
['889056087009308672'],dominance,pc,nano,0.4613319882572169
['840555470788149248'],dominance,pc,nano,0.8470707622721442
['872197389276385280'],dominance,pc,nano,0.9017916155606964
['883090735326793733'],dominance,pc,nano,0.4094618108482227
['883023109460242432'],dominance,pc,nano,0.2149528711753323
['926920815198662657'],dominance,pc,nano,0.8614932181385913
['815557023366516736'],dominance,pc,nano,0.2901785925938041
['932714719814840320'],dominance,pc,nano,0.6241730493538145
['824645908784680960'],dominance,pc,nano,0.1679461577945106
['843889130606137344'],dominance,pc,nano,0.8744235596924572
['868644843614031872'],dominance,pc,nano,0.8797257672087951
['842646246192041985'],dominance,pc,nano,0.8506714004903231
['905158707486629889'],dominance,pc,nano,0.6063945356893112
['915059102874824704'],dominance,pc,nano,0.8745909670101635
['928300532124528642'],dominance,pc,nano,0.6912373742654245
['931428836029366274'],dominance,pc,nano,0.8803940470880035
['910900136376782848'],dominance,pc,nano,0.4561678265786953
['929386800522645508'],dominance,pc,nano,0.855741917827549
['898957436526014466'],dominance,pc,nano,0.6865834981511735
['819864483141193728'],dominance,pc,nano,0.8536181344836871
['862031016478859265'],dominance,pc,nano,0.401157667026212
['911557328897544193'],dominance,pc,nano,0.2188403548063774
['849011970204413952'],dominance,pc,nano,0.1804258930019796
['839145863217889282'],dominance,pc,nano,0.2084626218033702
['836691496636145664'],dominance,pc,nano,0.8850653293958938
['818366770989907968'],dominance,pc,nano,0.2390688512464889
['829085472332857344'],dominance,pc,nano,0.6299224481980835
['883987877922820100'],dominance,pc,nano,0.6891269750238699
['852576954435993600'],dominance,pc,nano,0.2666711762351263
['867703984580169730'],dominance,pc,nano,0.1980030493152494
['831967975611707392'],dominance,pc,nano,0.8343307853761528
['816343164676083714'],dominance,pc,nano,0.4928507104915805
['888471355435495425'],dominance,pc,nano,0.4724499115821989
['827911993709514754'],dominance,pc,nano,0.2988389404572554
['902227588009132032'],dominance,pc,nano,0.6033222863761961
['905162052817362945'],dominance,pc,nano,0.2578281053736954
['902141686612193281'],dominance,pc,nano,0.8380503704105602
['909035573385551872'],dominance,pc,nano,0.9155109870380584
['913127148994646021'],dominance,pc,nano,0.657873570978252
['836997448715350020'],dominance,pc,nano,0.3321847159368774
['924442245297778689'],dominance,pc,nano,0.573788124324247
['881112328653197312'],dominance,pc,nano,0.8521481714662528
['824353425966190593'],dominance,pc,nano,0.3669290164280537
['918513758036725761'],dominance,pc,nano,0.8438753291739793
['846751748672966657'],dominance,pc,nano,0.8163573384689417
['941257379060035584'],dominance,pc,nano,0.2668932433408234
['869116348806422528'],dominance,pc,nano,0.8440109837989278
['906447947092647936'],dominance,pc,nano,0.2360616541028367
['837728913325436929'],dominance,pc,nano,0.2948321796135707
['848169663716626432'],dominance,pc,nano,0.5101425085055542
['826774125087633409'],dominance,pc,nano,0.6643514730011258
['898633930911264768'],dominance,pc,nano,0.2139815664277615
['820002854136070144'],dominance,pc,nano,0.1945683648373846
['908986176438247425'],dominance,pc,nano,0.5821166885456681
['900839107684958208'],dominance,pc,nano,0.9074592972764428
['894977549989761028'],dominance,pc,nano,0.1449991003951883
['941799493917437955'],dominance,pc,nano,0.6822513927594803
['901760751152623616'],dominance,pc,nano,0.655447602879204
['905505634631680000'],dominance,pc,nano,0.889599516394904
['874318156629762048'],dominance,pc,nano,0.8827229315590296
['832979409518919681'],dominance,pc,nano,0.8750539829248684
['849654610558058496'],dominance,pc,nano,0.2027063982259941
['913759942208839681'],dominance,pc,nano,0.5030514259199316
['864764317597609985'],dominance,pc,nano,0.1664959731884304
['893399193737474048'],dominance,pc,nano,0.5515927628639284
['943208238039920640'],dominance,pc,nano,0.5534798864988363
['851888918207373312'],dominance,pc,nano,0.8523807880710006
['886531287103791104'],dominance,pc,nano,0.5628603047478512
['817407111378440195'],dominance,pc,nano,0.4103170308835423
['817801846337261568'],dominance,pc,nano,0.2806192977487591
['863364746577313792'],dominance,pc,nano,0.8860605258113499
['864837110527864832'],dominance,pc,nano,0.2290342006815555
['831873161750777858'],dominance,pc,nano,0.6937236247562903
['891356324289802240'],dominance,pc,nano,0.5712029074743066
['830331776258154496'],dominance,pc,nano,0.4845007802554711
['925426206710878208'],dominance,pc,nano,0.8656887705344789
['855700279915933698'],dominance,pc,nano,0.2368957044771596
['944973370520633344'],dominance,pc,nano,0.4156887195061998
['841354135349952513'],dominance,pc,nano,0.2324787394051346
['868813502097567745'],dominance,pc,nano,0.4623105631527967
['937464406115536896'],valence,bws,nano,0.2253163548437776
['872197389276385280'],valence,bws,nano,0.8118132180085592
['900839107684958208'],valence,bws,nano,0.951842026327355
['929386800522645508'],valence,bws,nano,0.8714865090697933
['851888918207373312'],valence,bws,nano,0.5754081864429976
['925426206710878208'],valence,bws,nano,0.650076685358918
['910900136376782848'],valence,bws,nano,0.941358393819724
['901760751152623616'],valence,bws,nano,0.5266762349798798
['884809675413303296'],valence,bws,nano,0.8348572132897226
['833266466342440960'],valence,bws,nano,0.6701324577903401
['925041483568353280'],valence,bws,nano,0.3501131761449697
['905505634631680000'],valence,bws,nano,0.730546820355443
['824353425966190593'],valence,bws,nano,0.8811047210997389
['845724240552824832'],valence,bws,nano,0.5958795031165608
['917057431599026176'],valence,bws,nano,0.3393730909442173
['836691496636145664'],valence,bws,nano,0.5629943901354967
['829085472332857344'],valence,bws,nano,0.5256628479773123
['902227588009132032'],valence,bws,nano,0.44162654447977
['864764317597609985'],valence,bws,nano,0.3635290695113657
['836997448715350020'],valence,bws,nano,0.7182758290814609
['931428836029366274'],valence,bws,nano,0.0700603092516342
['842646246192041985'],valence,bws,nano,0.3929268976808315
['817801846337261568'],valence,bws,nano,0.2997108214560673
['898957436526014466'],valence,bws,nano,0.6303997251363781
['913759942208839681'],valence,bws,nano,0.6698020748098503
['943208238039920640'],valence,bws,nano,0.5684013151336761
['868644843614031872'],valence,bws,nano,0.2813305824064065
['830134096567341056'],valence,bws,nano,0.5979795012412511
['905162052817362945'],valence,bws,nano,0.4006605771642838
['924442245297778689'],valence,bws,nano,0.9478681336251265
['855700279915933698'],valence,bws,nano,0.698711367246962
['864837110527864832'],valence,bws,nano,0.3427366755733717
['862031016478859265'],valence,bws,nano,0.6205370206921909
['819864483141193728'],valence,bws,nano,0.5314418871653074
['913127148994646021'],valence,bws,nano,0.2176412685669445
['905158707486629889'],valence,bws,nano,0.6318616438115293
['816343164676083714'],valence,bws,nano,0.6477460250099026
['821233209107218432'],valence,bws,nano,0.3137987446808967
['825106228770697216'],valence,bws,nano,0.5798129935964691
['926920815198662657'],valence,bws,nano,0.4116108591090161
['893399193737474048'],valence,bws,nano,0.1724392756516864
['831967975611707392'],valence,bws,nano,0.4750017589959363
['883987877922820100'],valence,bws,nano,0.4299406746896499
['831873161750777858'],valence,bws,nano,0.245916260569674
['894977549989761028'],valence,bws,nano,0.5529066321160742
['883029304875069440'],valence,bws,nano,0.5544407701279833
['891356324289802240'],valence,bws,nano,0.8088360749307623
['867703984580169730'],valence,bws,nano,0.2446539818926303
['839145863217889282'],valence,bws,nano,0.2493737786575
['820002854136070144'],valence,bws,nano,0.2831328346179931
['883023109460242432'],valence,bws,nano,0.3084375353554096
['840555470788149248'],valence,bws,nano,0.960369331331732
['852576954435993600'],valence,bws,nano,0.0807191323583652
['908986176438247425'],valence,bws,nano,0.7047450125999025
['863364746577313792'],valence,bws,nano,0.9503963070599318
['944973370520633344'],valence,bws,nano,0.2870833838203919
['895773430737502209'],valence,bws,nano,0.4901405080044181
['902141686612193281'],valence,bws,nano,0.2005692087209667
['898633930911264768'],valence,bws,nano,0.7060763300085576
['841354135349952513'],valence,bws,nano,0.2403243895704082
['837728913325436929'],valence,bws,nano,0.0781331181330137
['893852298807582720'],valence,bws,nano,0.7920832992321502
['906447947092647936'],valence,bws,nano,0.202083800832615
['825837382029209601'],valence,bws,nano,0.8153592761054896
['818366770989907968'],valence,bws,nano,0.3956775581048572
['918513758036725761'],valence,bws,nano,0.95014599747852
['874318156629762048'],valence,bws,nano,0.5146561358670634
['869116348806422528'],valence,bws,nano,0.5705882841031364
['941257379060035584'],valence,bws,nano,0.5529730781956776
['832979409518919681'],valence,bws,nano,0.8382943018594523
['824645908784680960'],valence,bws,nano,0.5194942896983531
['826774125087633409'],valence,bws,nano,0.5504958399651853
['911557328897544193'],valence,bws,nano,0.483492443971817
['933639881145962498'],valence,bws,nano,0.3899219326697586
['881112328653197312'],valence,bws,nano,0.9437812294534688
['817407111378440195'],valence,bws,nano,0.5344807749231982
['849011970204413952'],valence,bws,nano,0.0969933037278317
['846751748672966657'],valence,bws,nano,0.8024071861309287
['848169663716626432'],valence,bws,nano,0.6750255850023067
['888471355435495425'],valence,bws,nano,0.5117667790610553
['909035573385551872'],valence,bws,nano,0.3001403256881652
['866905574822338561'],valence,bws,nano,0.6002307637487713
['830331776258154496'],valence,bws,nano,0.1387710515490048
['827911993709514754'],valence,bws,nano,0.2851277113176141
['941799493917437955'],valence,bws,nano,0.4196207636668233
['889056087009308672'],valence,bws,nano,0.5070733160453897
['923249524981862400'],valence,bws,nano,0.6178614164071304
['868813502097567745'],valence,bws,nano,0.5356079632868364
['881595365551734784'],valence,bws,nano,0.3526077999001238
['886531287103791104'],valence,bws,nano,0.4510867832227678
['815557023366516736'],valence,bws,nano,0.3119486793293561
['907637364759154689'],valence,bws,nano,0.7301453163302248
['915059102874824704'],valence,bws,nano,0.3302380860818285
['883090735326793733'],valence,bws,nano,0.6827292944849772
['932714719814840320'],valence,bws,nano,0.5734031776333185
['843889130606137344'],valence,bws,nano,0.7611873340379989
['928300532124528642'],valence,bws,nano,0.338681541775756
['921324851658461185'],valence,bws,nano,0.184830423959257
['898238119144804352'],valence,bws,nano,0.6027597296886902
['849654610558058496'],valence,bws,nano,0.6923135090441541
['906447947092647936'],arousal,bws,nano,0.5303214597559951
['898957436526014466'],arousal,bws,nano,0.5180072190414454
['926920815198662657'],arousal,bws,nano,0.2966338037931058
['829085472332857344'],arousal,bws,nano,0.592023855417377
['941257379060035584'],arousal,bws,nano,0.3739893010784839
['898633930911264768'],arousal,bws,nano,0.5450238326452406
['855700279915933698'],arousal,bws,nano,0.5724139706250949
['825106228770697216'],arousal,bws,nano,0.790267663620105
['929386800522645508'],arousal,bws,nano,0.8298515451086149
['910900136376782848'],arousal,bws,nano,0.3914076681006974
['911557328897544193'],arousal,bws,nano,0.2128650846421841
['894977549989761028'],arousal,bws,nano,0.3735450263707276
['827911993709514754'],arousal,bws,nano,0.4240653773569464
['849654610558058496'],arousal,bws,nano,0.5986602993374616
['917057431599026176'],arousal,bws,nano,0.445336185074172
['881595365551734784'],arousal,bws,nano,0.3446299303369751
['891356324289802240'],arousal,bws,nano,0.3418105287475976
['843889130606137344'],arousal,bws,nano,0.5109114332992606
['893399193737474048'],arousal,bws,nano,0.6403186483384973
['905158707486629889'],arousal,bws,nano,0.5116654817405355
['817407111378440195'],arousal,bws,nano,0.738063900669518
['937464406115536896'],arousal,bws,nano,0.5651160048901628
['862031016478859265'],arousal,bws,nano,0.4197241289425777
['943208238039920640'],arousal,bws,nano,0.471985497428084
['824645908784680960'],arousal,bws,nano,0.2287753066661306
['883023109460242432'],arousal,bws,nano,0.430823925568237
['830134096567341056'],arousal,bws,nano,0.2565209401906265
['840555470788149248'],arousal,bws,nano,0.6872131877508312
['915059102874824704'],arousal,bws,nano,0.6581994952905944
['883987877922820100'],arousal,bws,nano,0.3685737961983443
['842646246192041985'],arousal,bws,nano,0.6007936610861015
['933639881145962498'],arousal,bws,nano,0.150412962082994
['867703984580169730'],arousal,bws,nano,0.6979728645788625
['837728913325436929'],arousal,bws,nano,0.7046381395425911
['832979409518919681'],arousal,bws,nano,0.3904737756819945
['918513758036725761'],arousal,bws,nano,0.4886298956219045
['924442245297778689'],arousal,bws,nano,0.8335903720627514
['900839107684958208'],arousal,bws,nano,0.9508533808613324
['819864483141193728'],arousal,bws,nano,0.0439932738502441
['851888918207373312'],arousal,bws,nano,0.329088570490297
['839145863217889282'],arousal,bws,nano,0.715916446605505
['848169663716626432'],arousal,bws,nano,0.9522208639743482
['931428836029366274'],arousal,bws,nano,0.949613230638666
['901760751152623616'],arousal,bws,nano,0.5280879432208954
['815557023366516736'],arousal,bws,nano,0.5948931533710252
['884809675413303296'],arousal,bws,nano,0.5318131228993654
['868644843614031872'],arousal,bws,nano,0.844206835327056
['907637364759154689'],arousal,bws,nano,0.3331414399655226
['925041483568353280'],arousal,bws,nano,0.130625734212272
['864764317597609985'],arousal,bws,nano,0.3966499239182611
['868813502097567745'],arousal,bws,nano,0.7386264959608223
['866905574822338561'],arousal,bws,nano,0.5903850150411997
['881112328653197312'],arousal,bws,nano,0.6416826642703284
['908986176438247425'],arousal,bws,nano,0.1895716077603021
['863364746577313792'],arousal,bws,nano,0.7805441187947778
['831873161750777858'],arousal,bws,nano,0.7439883084397964
['905162052817362945'],arousal,bws,nano,0.137822800859197
['821233209107218432'],arousal,bws,nano,0.6529308276575035
['833266466342440960'],arousal,bws,nano,0.2938618222601713
['895773430737502209'],arousal,bws,nano,0.4615323218676723
['816343164676083714'],arousal,bws,nano,0.4428524307140206
['846751748672966657'],arousal,bws,nano,0.6197681653845453
['831967975611707392'],arousal,bws,nano,0.3957155367334725
['909035573385551872'],arousal,bws,nano,0.7420345531620955
['836997448715350020'],arousal,bws,nano,0.4526881164994811
['898238119144804352'],arousal,bws,nano,0.2781983233947944
['923249524981862400'],arousal,bws,nano,0.5019630058598685
['864837110527864832'],arousal,bws,nano,0.1678892987504454
['872197389276385280'],arousal,bws,nano,0.7547377671680858
['869116348806422528'],arousal,bws,nano,0.8322553240578623
['889056087009308672'],arousal,bws,nano,0.1802332745587455
['893852298807582720'],arousal,bws,nano,0.6059457818550937
['818366770989907968'],arousal,bws,nano,0.4599050523915137
['913127148994646021'],arousal,bws,nano,0.7622579906972787
['825837382029209601'],arousal,bws,nano,0.68781340946302
['888471355435495425'],arousal,bws,nano,0.7403825429079659
['849011970204413952'],arousal,bws,nano,0.8115060511059925
['830331776258154496'],arousal,bws,nano,0.565859430377198
['883090735326793733'],arousal,bws,nano,0.3484393116216199
['841354135349952513'],arousal,bws,nano,0.6722538154841863
['845724240552824832'],arousal,bws,nano,0.4149116862092051
['913759942208839681'],arousal,bws,nano,0.4847912919051605
['826774125087633409'],arousal,bws,nano,0.418291638316267
['852576954435993600'],arousal,bws,nano,0.4572357867283312
['824353425966190593'],arousal,bws,nano,0.0795660861685568
['883029304875069440'],arousal,bws,nano,0.0799989112785227
['921324851658461185'],arousal,bws,nano,0.7414778229352434
['886531287103791104'],arousal,bws,nano,0.3945754886467694
['902141686612193281'],arousal,bws,nano,0.8641075028534059
['820002854136070144'],arousal,bws,nano,0.2731308761180529
['928300532124528642'],arousal,bws,nano,0.4508204123794934
['905505634631680000'],arousal,bws,nano,0.7250497236155233
['817801846337261568'],arousal,bws,nano,0.5801827363074381
['874318156629762048'],arousal,bws,nano,0.3139873692599939
['925426206710878208'],arousal,bws,nano,0.603303402072335
['932714719814840320'],arousal,bws,nano,0.3789063705820443
['941799493917437955'],arousal,bws,nano,0.2948648731999139
['902227588009132032'],arousal,bws,nano,0.3006407233346554
['836691496636145664'],arousal,bws,nano,0.3712452107087175
['944973370520633344'],arousal,bws,nano,0.2649495100165595
['817801846337261568'],dominance,bws,nano,0.4001914984156413
['895773430737502209'],dominance,bws,nano,0.5769632162517617
['883090735326793733'],dominance,bws,nano,0.3950440158809958
['889056087009308672'],dominance,bws,nano,0.4867964230932012
['815557023366516736'],dominance,bws,nano,0.3357641382425263
['869116348806422528'],dominance,bws,nano,0.5948953874960075
['836997448715350020'],dominance,bws,nano,0.5578394097624201
['924442245297778689'],dominance,bws,nano,0.3366199791710335
['867703984580169730'],dominance,bws,nano,0.2455470694653137
['824353425966190593'],dominance,bws,nano,0.3200563074751496
['863364746577313792'],dominance,bws,nano,0.4375179657648415
['894977549989761028'],dominance,bws,nano,0.3483393253931991
['866905574822338561'],dominance,bws,nano,0.4786256622721599
['883029304875069440'],dominance,bws,nano,0.4169330484670078
['932714719814840320'],dominance,bws,nano,0.7444775451979252
['855700279915933698'],dominance,bws,nano,0.3737373990211769
['842646246192041985'],dominance,bws,nano,0.5174910887707586
['819864483141193728'],dominance,bws,nano,0.6661860350928845
['941799493917437955'],dominance,bws,nano,0.7713644327036993
['898633930911264768'],dominance,bws,nano,0.3938663841060372
['909035573385551872'],dominance,bws,nano,0.5954043153428578
['881112328653197312'],dominance,bws,nano,0.589584504192711
['886531287103791104'],dominance,bws,nano,0.5333485340634563
['925041483568353280'],dominance,bws,nano,0.4086921316367839
['929386800522645508'],dominance,bws,nano,0.8872688432075653
['837728913325436929'],dominance,bws,nano,0.1777560863787026
['868813502097567745'],dominance,bws,nano,0.408956183988144
['917057431599026176'],dominance,bws,nano,0.248159687208888
['831873161750777858'],dominance,bws,nano,0.5629199265578424
['836691496636145664'],dominance,bws,nano,0.6828680273441855
['905162052817362945'],dominance,bws,nano,0.3036225686024174
['820002854136070144'],dominance,bws,nano,0.3428011973582123
['923249524981862400'],dominance,bws,nano,0.4233094953388024
['843889130606137344'],dominance,bws,nano,0.943987999946509
['883987877922820100'],dominance,bws,nano,0.7804438940980318
['898238119144804352'],dominance,bws,nano,0.4918844744292501
['864837110527864832'],dominance,bws,nano,0.3060268398736251
['830134096567341056'],dominance,bws,nano,0.504790237947297
['913759942208839681'],dominance,bws,nano,0.5195184188329377
['893399193737474048'],dominance,bws,nano,0.8534295402368738
['851888918207373312'],dominance,bws,nano,0.7473912617525461
['816343164676083714'],dominance,bws,nano,0.640642908652532
['900839107684958208'],dominance,bws,nano,0.7891600728155564
['818366770989907968'],dominance,bws,nano,0.3280897607811966
['926920815198662657'],dominance,bws,nano,0.7158331490097445
['825837382029209601'],dominance,bws,nano,0.3187395776234308
['874318156629762048'],dominance,bws,nano,0.7059444899762339
['883023109460242432'],dominance,bws,nano,0.5496091042453809
['832979409518919681'],dominance,bws,nano,0.8130397775378146
['943208238039920640'],dominance,bws,nano,0.6901272646715222
['849011970204413952'],dominance,bws,nano,0.2290135607567318
['908986176438247425'],dominance,bws,nano,0.504644760052008
['848169663716626432'],dominance,bws,nano,0.7104457722845751
['868644843614031872'],dominance,bws,nano,0.854079427743463
['845724240552824832'],dominance,bws,nano,0.5491910828847085
['905505634631680000'],dominance,bws,nano,0.7359181211692072
['826774125087633409'],dominance,bws,nano,0.4942331097541801
['831967975611707392'],dominance,bws,nano,0.3772300684008781
['827911993709514754'],dominance,bws,nano,0.2069562343554007
['925426206710878208'],dominance,bws,nano,0.548428743031539
['915059102874824704'],dominance,bws,nano,0.8103481058477022
['849654610558058496'],dominance,bws,nano,0.8669212365514782
['913127148994646021'],dominance,bws,nano,0.5222894425783667
['864764317597609985'],dominance,bws,nano,0.2665029930206685
['902227588009132032'],dominance,bws,nano,0.5249686466758253
['921324851658461185'],dominance,bws,nano,0.7770112721518008
['931428836029366274'],dominance,bws,nano,0.9544832876209108
['833266466342440960'],dominance,bws,nano,0.5615522822702778
['907637364759154689'],dominance,bws,nano,0.524161932491785
['906447947092647936'],dominance,bws,nano,0.074003948780841
['824645908784680960'],dominance,bws,nano,0.4738655948053764
['933639881145962498'],dominance,bws,nano,0.4852549224438341
['891356324289802240'],dominance,bws,nano,0.5550015969471611
['821233209107218432'],dominance,bws,nano,0.3781652357417767
['910900136376782848'],dominance,bws,nano,0.2479427198331666
['944973370520633344'],dominance,bws,nano,0.2488715877590839
['937464406115536896'],dominance,bws,nano,0.0767122087536848
['893852298807582720'],dominance,bws,nano,0.5897142171107763
['839145863217889282'],dominance,bws,nano,0.1959128752343768
['901760751152623616'],dominance,bws,nano,0.6112197611917891
['898957436526014466'],dominance,bws,nano,0.6681510338732867
['872197389276385280'],dominance,bws,nano,0.8236274750834035
['941257379060035584'],dominance,bws,nano,0.3976627643811518
['829085472332857344'],dominance,bws,nano,0.5423334033947708
['928300532124528642'],dominance,bws,nano,0.3405268145427929
['840555470788149248'],dominance,bws,nano,0.4929380398153952
['852576954435993600'],dominance,bws,nano,0.1696401159800705
['830331776258154496'],dominance,bws,nano,0.286039207538344
['888471355435495425'],dominance,bws,nano,0.5931740704660006
['911557328897544193'],dominance,bws,nano,0.159527363376279
['841354135349952513'],dominance,bws,nano,0.3042104246045446
['884809675413303296'],dominance,bws,nano,0.5277738879646848
['817407111378440195'],dominance,bws,nano,0.6392115476239207
['881595365551734784'],dominance,bws,nano,0.0593403944024355
['862031016478859265'],dominance,bws,nano,0.4542416871673089
['825106228770697216'],dominance,bws,nano,0.722774278246854
['846751748672966657'],dominance,bws,nano,0.6840592304836167
['918513758036725761'],dominance,bws,nano,0.4937747265474154
['902141686612193281'],dominance,bws,nano,0.888535349902776
['905158707486629889'],dominance,bws,nano,0.46993216400494
